#+++++++++++++++++++++++++++++++++++++++++++++++++++++++++++++++++++++++++++++++++++++++++++++++++++++++++++++++++++++++++++++++++
#
#   IPW-3 Cut/Slice DATA SUBMITTAL FORM for Test Case NACA0012_AE3932, May 18th 2026
#
#       NOMENCLATURE:
#                  X [m]:  X-coordinate of the surface (clean for reference)
#                  Y [m]:  Y-coordinate of the surface (clean for reference)
#                  Z [m]:  Z-coordinate of the surface (clean for reference)
#                 Cp [-]:  Pressure coefficient
#            HTC [W/m2K]:  Convective Heat Transfer Coefficient (on the rough surface)
#               Beta [-]:  Collection efficiency
#                 Ts [K]:  Surface temperature
#                 FF [-]:  Freezing fraction
#                  k [m]:  Surface roughness height if variable (OPTIONAL)
#         RhoIce [kg/m3]:  Ice density (OPTIONAL)
#      HTC_CLEAN [W/m2K]:  Convective Heat Transfer Coefficient on the surface without roughness (OPTIONAL)
#
#                XXmm:  Roughness height used for the case, in mm.
#                       In the zone name, use the format KS_XXmm.
#                       For example, if k_s = 1.5 mm, use KS_1p5mm. 
#                       For Variable roughness, use KS_VAR
#
#    FLOW CONDITIONS:
#                                   AOA: 4.0 deg
#                           Mach Number: 0.3151 [-]
#       Mean aerodynamic chord (M.A.C.): 0.5334 [m]
#                       Reynolds Number: 3.9795 million (based on MAC)
#                       Freestream Temp: 267.55 [K]
#                        Reference area: 0.97548 [m2]
#               Moment Reference Center: 0.13335, 0, 0 [m] (X, Y, Z)
#
#    ICING CONDITIONS:
#                           Icing Time: 420 [s]
#                                  LWC: 0.55 [g/m3]
#                                  MVD: 20 [μm]
#
#    ICING CONDITIONS:
#                           Icing Time: 420 [s]
#                                  LWC: 0.55 [g/m3]
#                                  MVD: 20 [μm]
#
#              NOTES: 1. Please use at least 5 decimal places in the numerical values
#                     2. If data are NOT provided, please fill data fields with a numerical value of "-999" 
#
#++++++++++++++++++++++++++++++++++++++++++++++++++++++++++++++++++++++++++++++++++++++++++++++++++++++++++++++++++++

VARIABLES = "X" "Y" "Z" "Cp" "HTC" "Beta" "Ts" "FF" "RhoIce"

ZONE T="SLICE_Y_0p9144_BINS01_KS_0p5mm_CUTDATA"
0.533400014 0.914399981 -0.000522730118 0.0801247209 175.97287 0 -6.1566782 0 800
0.533400003 0.914399981 -0.000373378117 0.0892552659 211.857819 0 -6.1566782 0 800
0.533399994 0.914399981 -0.000224026115 0.0894285142 221.766388 0 -6.1566782 0 800
0.533399992 0.914399981 -7.46741123e-05 0.0909202844 220.042664 0 -6.1566782 0 800
0.53339999 0.914399981 7.46778902e-05 0.0905311108 204.211884 0 -6.1566782 0 800
0.533399987 0.914399981 0.000224029893 0.0892773867 183.965515 0 -6.1566782 0 800
0.533399991 0.914399981 0.000373381895 0.0886541903 157.581467 0 -6.1566782 0 800
0.533399998 0.914399981 0.000522733898 0.0833788291 135.648712 0 -6.1566782 0 800
0.533399998 0.914399981 0.000522733898 0.0833788291 173.720322 0 -6.1566782 0 800
0.533400004 0.914399981 0.000672085901 0.0975252166 161.824448 0 -6.1566782 0 800
0.531889626 0.914399981 0.000883543021 0.0956787094 155.141632 0 -6.1566782 0 800
0.529472835 0.914399981 0.00122054253 0.0902566165 162.240417 0 -6.1566782 0 800
0.525605437 0.914399981 0.00175591634 0.0823447555 171.006699 0 -6.1566782 0 800
0.520387177 0.914399981 0.00247079365 0.0722948015 181.461884 0 -6.1566782 0 800
0.515167777 0.914399981 0.00317729755 0.0610350482 191.977264 0 -6.1566782 0 800
0.509947294 0.914399981 0.00387575911 0.0496702828 201.80072 0 -6.1566782 0 800
0.504725739 0.914399981 0.00456616015 0.0383497477 211.08429 0 -6.1566782 0 800
0.49950317 0.914399981 0.0052488417 0.0271148738 219.849487 0 -6.1566782 0 800
0.494279585 0.914399981 0.00592371637 0.0159828011 228.157761 0 -6.1566782 0 800
0.489055024 0.914399981 0.00659098308 0.00497690355 235.999802 0 -6.1566782 0 800
0.483829516 0.914399981 0.00725080276 -0.00589379808 243.420868 0 -6.1566782 0 800
0.478603082 0.914399981 0.00790324113 -0.0166186728 250.462997 0 -6.1566782 0 800
0.473375741 0.914399981 0.00854837037 -0.0271945596 257.162048 0 -6.1566782 0 800
0.468147517 0.914399981 0.00918630773 -0.0376208685 263.547333 0 -6.1566782 0 800
0.462918428 0.914399981 0.00981711436 -0.0479007512 269.628448 0 -6.1566782 0 800
0.457688497 0.914399981 0.0104409023 -0.0580399185 275.439178 0 -6.1566782 0 800
0.452457744 0.914399981 0.0110577533 -0.0680442825 281.033417 0 -6.1566782 0 800
0.447226174 0.914399981 0.0116676411 -0.077920638 286.41272 0 -6.1566782 0 800
0.441993811 0.914399981 0.0122706903 -0.0876791254 291.583862 0 -6.1566782 0 800
0.436760673 0.914399981 0.0128669729 -0.0973279625 296.604919 0 -6.1566782 0 800
0.431526756 0.914399981 0.0134563837 -0.106872998 301.488983 0 -6.1566782 0 800
0.42629208 0.914399981 0.0140390161 -0.116322719 306.227966 0 -6.1566782 0 800
0.421056659 0.914399981 0.0146149103 -0.125686467 310.839661 0 -6.1566782 0 800
0.415820502 0.914399981 0.015184072 -0.134971544 315.343536 0 -6.1566782 0 800
0.410583615 0.914399981 0.0157464784 -0.14418453 319.74881 0 -6.1566782 0 800
0.405346006 0.914399981 0.0163021212 -0.15333271 324.064392 0 -6.1566782 0 800
0.400107682 0.914399981 0.0168509892 -0.162424624 328.282013 0 -6.1566782 0 800
0.39486865 0.914399981 0.0173930464 -0.171469137 332.40271 0 -6.1566782 0 800
0.389628915 0.914399981 0.0179282775 -0.180472225 336.481842 0 -6.1566782 0 800
0.384388468 0.914399981 0.0184564806 -0.189441457 340.522217 0 -6.1566782 0 800
0.379147326 0.914399981 0.0189777427 -0.198390722 344.466095 0 -6.1566782 0 800
0.373905493 0.914399981 0.0194920202 -0.207330897 348.336182 0 -6.1566782 0 800
0.368662974 0.914399981 0.0199992515 -0.216260552 352.213501 0 -6.1566782 0 800
0.363419747 0.914399981 0.0204991034 -0.225181073 356.034454 0 -6.1566782 0 800
0.358175833 0.914399981 0.0209917049 -0.234106019 359.750122 0 -6.1566782 0 800
0.35293124 0.914399981 0.0214770243 -0.243041575 363.450531 0 -6.1566782 0 800
0.347685943 0.914399981 0.0219546762 -0.251987249 367.123718 0 -6.1566782 0 800
0.342439956 0.914399981 0.0224246775 -0.260946214 370.727509 0 -6.1566782 0 800
0.337193274 0.914399981 0.022886873 -0.269918203 374.279358 0 -6.1566782 0 800
0.331945897 0.914399981 0.0233410934 -0.278909355 377.797913 0 -6.1566782 0 800
0.326697819 0.914399981 0.0237871572 -0.287938774 381.300537 0 -6.1566782 0 800
0.321449042 0.914399981 0.0242249091 -0.297018796 384.796814 0 -6.1566782 0 800
0.316199563 0.914399981 0.0246541594 -0.306156814 388.295837 0 -6.1566782 0 800
0.31094938 0.914399981 0.0250747152 -0.315359056 391.811798 0 -6.1566782 0 800
0.30569849 0.914399981 0.0254863453 -0.324628025 395.353638 0 -6.1566782 0 800
0.30044689 0.914399981 0.0258888253 -0.333968908 398.927765 0 -6.1566782 0 800
0.295194579 0.914399981 0.0262819186 -0.343389541 402.550598 0 -6.1566782 0 800
0.289941556 0.914399981 0.0266653645 -0.35289821 406.238403 0 -6.1566782 0 800
0.284687817 0.914399981 0.0270388892 -0.362504512 409.99942 0 -6.1566782 0 800
0.279433364 0.914399981 0.0274022156 -0.372218609 413.847443 0 -6.1566782 0 800
0.274178194 0.914399981 0.0277550418 -0.382049054 417.796051 0 -6.1566782 0 800
0.26892231 0.914399981 0.0280970466 -0.392003298 421.843567 0 -6.1566782 0 800
0.263665712 0.914399981 0.0284279095 -0.402086645 425.988251 0 -6.1566782 0 800
0.258408404 0.914399981 0.0287472792 -0.412301242 430.223938 0 -6.1566782 0 800
0.253150388 0.914399981 0.0290547785 -0.422646284 434.522522 0 -6.1566782 0 800
0.24789167 0.914399981 0.029350039 -0.433119416 438.856293 0 -6.1566782 0 800
0.242632257 0.914399981 0.0296326447 -0.44372046 443.277679 0 -6.1566782 0 800
0.237372158 0.914399981 0.0299021587 -0.454458088 447.847748 0 -6.1566782 0 800
0.232111382 0.914399981 0.0301581534 -0.46534273 452.512665 0 -6.1566782 0 800
0.226849945 0.914399981 0.0304001649 -0.476379424 457.207611 0 -6.1566782 0 800
0.221587862 0.914399981 0.0306276975 -0.487575054 461.917419 0 -6.1566782 0 800
0.216325153 0.914399981 0.0308402437 -0.498939246 466.63562 0 -6.1566782 0 800
0.21106184 0.914399981 0.0310372729 -0.51047641 471.36615 0 -6.1566782 0 800
0.205797949 0.914399981 0.0312182107 -0.52219367 476.112244 0 -6.1566782 0 800
0.20053351 0.914399981 0.0313824637 -0.534100652 480.843872 0 -6.1566782 0 800
0.195268561 0.914399981 0.0315294021 -0.546116948 485.556458 0 -6.1566782 0 800
0.190003138 0.914399981 0.0316582759 -0.558323443 490.466675 0 -6.1566782 0 800
0.184737291 0.914399981 0.0317684961 -0.570818543 495.7659 0 -6.1566782 0 800
0.179471075 0.914399981 0.0318593786 -0.583562195 501.412354 0 -6.1566782 0 800
0.174204549 0.914399981 0.0319299712 -0.596569777 507.398895 0 -6.1566782 0 800
0.168937782 0.914399981 0.0319795369 -0.609851182 513.706055 0 -6.1566782 0 800
0.163670856 0.914399981 0.032007329 -0.623406529 520.345581 0 -6.1566782 0 800
0.158403858 0.914399981 0.0320121358 -0.637218833 527.261658 0 -6.1566782 0 800
0.153136892 0.914399981 0.0319933032 -0.651272893 534.387878 0 -6.1566782 0 800
0.147870075 0.914399981 0.0319494548 -0.665590644 541.784058 0 -6.1566782 0 800
0.142603537 0.914399981 0.0318797055 -0.680279613 549.431946 0 -6.1566782 0 800
0.137332117 0.914399981 0.0317827372 -0.694968879 557.507446 0 -6.1566782 0 800
0.132312279 0.914399981 0.0316637279 -0.70957613 565.553772 0 -6.1566782 0 800
0.12753214 0.914399981 0.0315253577 -0.72376883 573.308533 0 -6.1566782 0 800
0.12298038 0.914399981 0.0313697051 -0.737606347 580.768616 0 -6.1566782 0 800
0.118646203 0.914399981 0.0311988564 -0.751084745 587.970093 0 -6.1566782 0 800
0.114519318 0.914399981 0.0310146577 -0.764239848 594.962524 0 -6.1566782 0 800
0.110589903 0.914399981 0.0308190624 -0.77708745 601.869385 0 -6.1566782 0 800
0.106848603 0.914399981 0.0306136835 -0.789631546 608.820068 0 -6.1566782 0 800
0.103286492 0.914399981 0.0304001076 -0.801864743 615.705261 0 -6.1566782 0 800
0.0998950796 0.914399981 0.0301795251 -0.813778341 622.344116 0 -6.1566782 0 800
0.0966662415 0.914399981 0.0299534701 -0.825388253 628.720886 0 -6.1566782 0 800
0.0935922549 0.914399981 0.0297230389 -0.836714625 634.982727 0 -6.1566782 0 800
0.0906657593 0.914399981 0.0294892388 -0.84761858 642.204224 0 -6.1566782 0 800
0.0878797114 0.914399981 0.0292533156 -0.858423471 649.151611 0 -6.1566782 0 800
0.0850066387 0.914399981 0.0289956182 -0.869479895 655.446045 0 -6.1566782 0 800
0.0821349562 0.914399981 0.0287228672 -0.881204009 662.010681 0 -6.1566782 0 800
0.0792647788 0.914399981 0.0284347081 -0.893190384 668.914856 0 -6.1566782 0 800
0.0763962916 0.914399981 0.0281301823 -0.905534744 676.269897 0 -6.1566782 0 800
0.073529659 0.914399981 0.0278086664 -0.91819948 683.861511 0 -6.1566782 0 800
0.0706650598 0.914399981 0.0274695118 -0.931256533 691.490723 0 -6.1566782 0 800
0.0678027103 0.914399981 0.0271118665 -0.944704771 699.127258 0 -6.1566782 0 800
0.0649428655 0.914399981 0.0267347158 -0.958574176 707.311707 0 -6.1566782 0 800
0.0620857911 0.914399981 0.0263371217 -0.972957551 716.490051 0 -6.1566782 0 800
0.0592317756 0.914399981 0.0259181347 -0.987896919 726.230347 0 -6.1566782 0 800
0.0563811831 0.914399981 0.0254764594 -1.00334096 736.070801 0 -6.1566782 0 800
0.0535344322 0.914399981 0.0250106649 -1.0193063 746.449219 0 -6.1566782 0 800
0.0506919691 0.914399981 0.0245193824 -1.03592002 758.121948 0 -6.1566782 0 800
0.0478543174 0.914399981 0.0240010312 -1.05322349 770.525635 0 -6.1566782 0 800
0.0450221277 0.914399981 0.0234536227 -1.07113254 782.621826 0 -6.1566782 0 800
0.0421961657 0.914399981 0.0228749229 -1.08975339 794.535522 0 -6.1566782 0 800
0.0393772455 0.914399981 0.0222628408 -1.10931718 806.607849 0 -6.1566782 0 800
0.0365665062 0.914399981 0.0216142272 -1.12991762 818.260925 0 -6.1566782 0 800
0.0337652355 0.914399981 0.0209258688 -1.15165854 829.610901 0 -6.1566782 0 800
0.030974981 0.914399981 0.0201941353 -1.17456162 841.864441 0 -6.1566782 0 800
0.0281977916 0.914399981 0.0194142812 -1.1984719 855.935303 0 -6.1566782 0 800
0.0254362765 0.914399981 0.0185806212 -1.22371233 872.489136 0 -6.1566782 0 800
0.0226935633 0.914399981 0.0176870447 -1.25055575 893.539612 0 -6.1566782 0 800
0.019974299 0.914399981 0.0167244661 -1.2790128 922.236511 0 -6.1566782 0 800
0.0172842431 0.914399981 0.0156830468 -1.30792344 964.009399 0 -6.1566782 0 800
0.014631972 0.914399981 0.0145488436 -1.33471525 1028.01855 0 -6.1566782 0 800
0.0120296493 0.914399981 0.0133043047 -1.35858166 1112.85278 0 -6.1566782 0 800
0.00949597026 0.914399981 0.0119253821 -1.37168217 1203.12585 0.0631758347 -5.25491047 1 800
0.00706055144 0.914399981 0.0103795199 -1.35618484 1289.89417 0.159794152 -4.03071117 1 800
0.00499055156 0.914399981 0.0088038206 -1.30047023 1362.88928 0.26238063 -2.85611129 1 800
0.00334364669 0.914399981 0.00726725598 -1.18887663 1416.94824 0.370567173 -1.67706668 1 800
0.00207972855 0.914399981 0.00577412377 -1.00015712 1442.86816 0.477104902 -0.49841693 1 800
0.00114131536 0.914399981 0.00430875286 -0.729526639 1418.88635 0.576065123 0 0.960005403 800
0.000503666188 0.914399981 0.0028810601 -0.380341083 1322.56201 0.658145785 0 0.77986449 800
0.000125719948 0.914399981 0.00143752653 0.00390965957 1150.80627 0.716669858 0 0.575417459 800
-8.18412707e-09 0.914399981 -7.8016762e-10 0.37950021 907.18689 0.745183766 0 0.471624047 800
0.000126934641 0.914399981 -0.00144446513 0.691269219 643.82428 0.739405692 0 0.42440936 800
0.000508520665 0.914399981 -0.00289473825 0.897415876 411.31839 0.707628489 0 0.451613218 800
0.00115247582 0.914399981 -0.00432942346 0.997741461 340.911835 0.66022259 0 0.450892091 800
0.00210016721 0.914399981 -0.0058017823 1.00999904 396.557739 0.602475464 0 0.37978214 800
0.00337666068 0.914399981 -0.00730159848 0.954384685 465.050781 0.539615631 0 0.367476076 800
0.0050405912 0.914399981 -0.00884592955 0.860999823 546.707825 0.47664839 0 0.402640492 800
0.00713523378 0.914399981 -0.0104310483 0.75475359 610.528503 0.418075919 0 0.454886496 800
0.00958647176 0.914399981 -0.0119781399 0.650103927 640.546265 0.36741811 0 0.524007499 800
0.0121356101 0.914399981 -0.0133579813 0.556215286 646.372009 0.324568391 0 0.641077042 800
0.0147530995 0.914399981 -0.014603302 0.478090048 645.152527 0.287898868 0 0.877304196 800
0.0174203582 0.914399981 -0.0157381165 0.411854893 644.151184 0.256085336 0 0.977085471 800
0.0201252334 0.914399981 -0.0167800977 0.355574846 645.256836 0.22804299 -0.123380423 1 800
0.0228592225 0.914399981 -0.0177431027 0.307078719 646.674561 0.203092501 -0.79414618 1 800
0.0256165782 0.914399981 -0.0186370073 0.264788985 646.272949 0.180712789 -1.38118899 1 800
0.0283926967 0.914399981 -0.0194708192 0.227999419 643.557312 0.160417005 -1.89890456 1 800
0.0311844239 0.914399981 -0.0202507768 0.195534453 639.367615 0.141996741 -2.36254621 1 800
0.0339891752 0.914399981 -0.0209825178 0.166409507 635.287598 0.125124216 -2.79148149 1 800
0.0368049015 0.914399981 -0.0216708211 0.140188888 631.51532 0.109550931 -3.19243217 1 800
0.0396300789 0.914399981 -0.0223192419 0.116751082 627.510376 0.0951891989 -3.56442189 1 800
0.0424633979 0.914399981 -0.0229311074 0.0957237482 623.637451 0.0818516389 -3.91371584 1 800
0.0453037455 0.914399981 -0.023509469 0.0766827464 620.062683 0.0694227666 -4.24333286 1 800
0.0481502998 0.914399981 -0.0240564656 0.0592721067 616.138184 0.0578988604 -4.55082512 1 800
0.0510022973 0.914399981 -0.024574333 0.0433071852 611.639771 0.0471809916 -4.8385601 1 800
0.0538590865 0.914399981 -0.0250650795 0.0286539216 607.004272 0.0371765904 -5.1102252 1 800
0.0567201524 0.914399981 -0.0255302443 0.015211991 602.690125 0.0278875306 -5.36619568 1 800
0.059585043 0.914399981 -0.0259712413 0.0028514443 598.6026 0.0193035081 -5.60585308 1 800
0.0624533453 0.914399981 -0.0263894741 -0.00857118424 594.433594 0.0113911508 -5.82943439 1 800
0.0653246926 0.914399981 -0.0267862625 -0.0191322658 590.1474 0.00411539106 -6.03759336 1 800
0.0681988043 0.914399981 -0.0271625051 -0.0288705956 585.925293 0 -6.1566782 0 800
0.0710754046 0.914399981 -0.0275192225 -0.0378384963 582.048401 0 -6.1566782 0 800
0.0739542439 0.914399981 -0.0278573947 -0.0461445302 578.386536 0 -6.1566782 0 800
0.0768351094 0.914399981 -0.0281778483 -0.0538827404 574.692444 0 -6.1566782 0 800
0.0797178166 0.914399981 -0.0284812889 -0.0610684752 570.951965 0 -6.1566782 0 800
0.0826021992 0.914399981 -0.0287683655 -0.0677509904 567.270752 0 -6.1566782 0 800
0.085488093 0.914399981 -0.029039831 -0.0739526674 562.986694 0 -6.1566782 0 800
0.0883753581 0.914399981 -0.0292963007 -0.0798665434 558.874268 0 -6.1566782 0 800
0.0912861707 0.914399981 -0.0295400445 -0.0855610594 555.634033 0 -6.1566782 0 800
0.0943437574 0.914399981 -0.0297807929 -0.0908716843 552.199158 0 -6.1566782 0 800
0.0975554607 0.914399981 -0.0300173411 -0.0960117355 548.458008 0 -6.1566782 0 800
0.100928968 0.914399981 -0.0302485783 -0.100988992 544.469299 0 -6.1566782 0 800
0.104472352 0.914399981 -0.0304731454 -0.105775215 540.310608 0 -6.1566782 0 800
0.10819407 0.914399981 -0.0306897938 -0.110358596 536.150757 0 -6.1566782 0 800
0.112103015 0.914399981 -0.0308967499 -0.114700153 532.110046 0 -6.1566782 0 800
0.116208485 0.914399981 -0.0310926243 -0.11879725 527.989746 0 -6.1566782 0 800
0.120520258 0.914399981 -0.0312754484 -0.122639544 523.565063 0 -6.1566782 0 800
0.125048577 0.914399981 -0.0314433098 -0.126199782 518.844238 0 -6.1566782 0 800
0.129804183 0.914399981 -0.0315942464 -0.129490063 513.98407 0 -6.1566782 0 800
0.134798348 0.914399981 -0.0317259661 -0.132463574 509.292603 0 -6.1566782 0 800
0.140042888 0.914399981 -0.0318361112 -0.135024562 504.673767 0 -6.1566782 0 800
0.145272751 0.914399981 -0.0319183666 -0.137227833 500.20874 0 -6.1566782 0 800
0.15050296 0.914399981 -0.0319745412 -0.139035538 495.963867 0 -6.1566782 0 800
0.155733378 0.914399981 -0.0320055905 -0.140455917 491.964508 0 -6.1566782 0 800
0.160963883 0.914399981 -0.0320127255 -0.141520217 488.204865 0 -6.1566782 0 800
0.166194369 0.914399981 -0.0319967639 -0.14226535 484.724365 0 -6.1566782 0 800
0.171424742 0.914399981 -0.0319588676 -0.142742783 481.538818 0 -6.1566782 0 800
0.176654918 0.914399981 -0.0318996742 -0.142986268 478.443817 0 -6.1566782 0 800
0.181884823 0.914399981 -0.0318201549 -0.142998531 475.297241 0 -6.1566782 0 800
0.187114396 0.914399981 -0.0317211302 -0.142800838 472.09967 0 -6.1566782 0 800
0.192343579 0.914399981 -0.0316033046 -0.142407224 468.857178 0 -6.1566782 0 800
0.19757232 0.914399981 -0.0314672587 -0.141820833 465.562775 0 -6.1566782 0 800
0.202800579 0.914399981 -0.0313137956 -0.141061231 462.25354 0 -6.1566782 0 800
0.208028317 0.914399981 -0.0311435451 -0.140153676 458.95929 0 -6.1566782 0 800
0.213255503 0.914399981 -0.0309570807 -0.139106661 455.703705 0 -6.1566782 0 800
0.218482107 0.914399981 -0.0307549813 -0.137922436 452.54715 0 -6.1566782 0 800
0.223708107 0.914399981 -0.0305377972 -0.136608839 449.575348 0 -6.1566782 0 800
0.22893348 0.914399981 -0.0303060301 -0.135179937 446.796967 0 -6.1566782 0 800
0.234158209 0.914399981 -0.0300601815 -0.133652434 444.142365 0 -6.1566782 0 800
0.23938228 0.914399981 -0.0298007221 -0.13203761 441.581696 0 -6.1566782 0 800
0.244605681 0.914399981 -0.0295280944 -0.130342707 439.115326 0 -6.1566782 0 800
0.249828401 0.914399981 -0.0292427309 -0.128576502 436.730377 0 -6.1566782 0 800
0.255050433 0.914399981 -0.0289450446 -0.126745403 434.412231 0 -6.1566782 0 800
0.260271771 0.914399981 -0.0286354149 -0.124849617 432.141998 0 -6.1566782 0 800
0.26549241 0.914399981 -0.0283142147 -0.122888051 429.90152 0 -6.1566782 0 800
0.270712347 0.914399981 -0.0279818008 -0.120864242 427.679962 0 -6.1566782 0 800
0.27593158 0.914399981 -0.0276385094 -0.118783116 425.467285 0 -6.1566782 0 800
0.281150106 0.914399981 -0.0272846507 -0.116648458 423.250122 0 -6.1566782 0 800
0.286367928 0.914399981 -0.0269205391 -0.114464 421.023407 0 -6.1566782 0 800
0.291585044 0.914399981 -0.0265464598 -0.112232938 418.785553 0 -6.1566782 0 800
0.296801456 0.914399981 -0.026162682 -0.109957367 416.531372 0 -6.1566782 0 800
0.302017166 0.914399981 -0.0257694719 -0.107639141 414.262238 0 -6.1566782 0 800
0.307232175 0.914399981 -0.0253670784 -0.105279647 411.983337 0 -6.1566782 0 800
0.312446485 0.914399981 -0.0249557254 -0.102879383 409.699432 0 -6.1566782 0 800
0.317660098 0.914399981 -0.0245356365 -0.100438721 407.419678 0 -6.1566782 0 800
0.322873017 0.914399981 -0.0241070091 -0.0979579836 405.150146 0 -6.1566782 0 800
0.328085242 0.914399981 -0.0236700382 -0.0954375789 402.893738 0 -6.1566782 0 800
0.333296778 0.914399981 -0.0232249173 -0.0928779468 400.655853 0 -6.1566782 0 800
0.338507627 0.914399981 -0.0227718193 -0.0902789235 398.438446 0 -6.1566782 0 800
0.34371779 0.914399981 -0.0223109097 -0.0876400098 396.236237 0 -6.1566782 0 800
0.348927269 0.914399981 -0.0218423359 -0.0849591866 394.072906 0 -6.1566782 0 800
0.354136066 0.914399981 -0.0213662287 -0.0822309479 391.945343 0 -6.1566782 0 800
0.359344173 0.914399981 -0.0208826349 -0.0794518441 389.834595 0 -6.1566782 0 800
0.364551604 0.914399981 -0.0203918252 -0.0766222924 387.754974 0 -6.1566782 0 800
0.369758349 0.914399981 -0.0198937765 -0.0737433061 385.671783 0 -6.1566782 0 800
0.374964418 0.914399981 -0.0193887171 -0.0708135664 383.606903 0 -6.1566782 0 800
0.380169806 0.914399981 -0.0188766914 -0.0678316876 381.593262 0 -6.1566782 0 800
0.385374495 0.914399981 -0.0183576092 -0.0647861138 379.567413 0 -6.1566782 0 800
0.3905785 0.914399981 -0.017831701 -0.061670959 377.515961 0 -6.1566782 0 800
0.395781816 0.914399981 -0.0172990344 -0.0584910102 375.45752 0 -6.1566782 0 800
0.400984437 0.914399981 -0.0167596155 -0.0552384891 373.374969 0 -6.1566782 0 800
0.406186358 0.914399981 -0.0162134847 -0.0519032106 371.258942 0 -6.1566782 0 800
0.411387572 0.914399981 -0.0156606622 -0.0484765768 369.102692 0 -6.1566782 0 800
0.41658807 0.914399981 -0.0151011432 -0.0449497476 366.892059 0 -6.1566782 0 800
0.421787847 0.914399981 -0.0145349606 -0.041313868 364.62207 0 -6.1566782 0 800
0.426986892 0.914399981 -0.0139621037 -0.0375599489 362.283234 0 -6.1566782 0 800
0.432185198 0.914399981 -0.0133825758 -0.0336782672 359.857452 0 -6.1566782 0 800
0.437382758 0.914399981 -0.0127963907 -0.0296603236 357.318787 0 -6.1566782 0 800
0.44257956 0.914399981 -0.0122035309 -0.0254948288 354.680328 0 -6.1566782 0 800
0.447775593 0.914399981 -0.0116039653 -0.0211594272 351.922028 0 -6.1566782 0 800
0.452970829 0.914399981 -0.010997525 -0.0166332833 349.008484 0 -6.1566782 0 800
0.458165277 0.914399981 -0.0103843836 -0.0119026871 345.960022 0 -6.1566782 0 800
0.463358895 0.914399981 -0.00976424091 -0.00694681285 342.728973 0 -6.1566782 0 800
0.468551685 0.914399981 -0.0091372075 -0.00174197846 339.286011 0 -6.1566782 0 800
0.473743625 0.914399981 -0.00850317901 0.00373658421 335.633301 0 -6.1566782 0 800
0.478934691 0.914399981 -0.00786202568 0.00952154491 331.721771 0 -6.1566782 0 800
0.484124864 0.914399981 -0.00721368846 0.0156477485 327.511749 0 -6.1566782 0 800
0.489314124 0.914399981 -0.00655808534 0.0221541021 322.955902 0 -6.1566782 0 800
0.494502443 0.914399981 -0.0058950711 0.0290863309 318.012207 0 -6.1566782 0 800
0.4996898 0.914399981 -0.00522457041 0.0365085416 312.578583 0 -6.1566782 0 800
0.504876154 0.914399981 -0.00454636301 0.0444799885 306.558563 0 -6.1566782 0 800
0.510061507 0.914399981 -0.00386053955 0.0530942343 299.722229 0 -6.1566782 0 800
0.515245806 0.914399981 -0.00316679127 0.0624373294 292.637665 0 -6.1566782 0 800
0.520429033 0.914399981 -0.00246508118 0.072519511 285.759338 0 -6.1566782 0 800
0.525611137 0.914399981 -0.00175512585 0.0824073032 280.504181 0 -6.1566782 0 800
0.529475706 0.914399981 -0.00122013781 0.0907203406 283.527496 0 -6.1566782 0 800
0.53189073 0.914399981 -0.000883384809 0.0979916528 277.440674 0 -6.1566782 0 800
0.533400004 0.914399981 -0.000672082119 0.101142943 277.440674 0 -6.1566782 0 800

ZONE T="SLICE_Y_0p9144_BINS03_KS_0p5mm_CUTDATA"
0.533400014 0.914399981 -0.000522730118 0.0801247209 175.97287 0 -6.1566782 0 800
0.533400003 0.914399981 -0.000373378117 0.0892552659 211.857819 0 -6.1566782 0 800
0.533399994 0.914399981 -0.000224026115 0.0894285142 221.766388 0 -6.1566782 0 800
0.533399992 0.914399981 -7.46741123e-05 0.0909202844 220.042664 0 -6.1566782 0 800
0.53339999 0.914399981 7.46778902e-05 0.0905311108 204.211884 0 -6.1566782 0 800
0.533399987 0.914399981 0.000224029893 0.0892773867 183.965515 0 -6.1566782 0 800
0.533399991 0.914399981 0.000373381895 0.0886541903 157.581467 0 -6.1566782 0 800
0.533399998 0.914399981 0.000522733898 0.0833788291 135.648712 0 -6.1566782 0 800
0.533399998 0.914399981 0.000522733898 0.0833788291 173.720322 0 -6.1566782 0 800
0.533400004 0.914399981 0.000672085901 0.0975252166 161.824448 0 -6.1566782 0 800
0.531889626 0.914399981 0.000883543021 0.0956787094 155.141632 0 -6.1566782 0 800
0.529472835 0.914399981 0.00122054253 0.0902566165 162.240417 0 -6.1566782 0 800
0.525605437 0.914399981 0.00175591634 0.0823447555 171.006699 0 -6.1566782 0 800
0.520387177 0.914399981 0.00247079365 0.0722948015 181.461884 0 -6.1566782 0 800
0.515167777 0.914399981 0.00317729755 0.0610350482 191.977264 0 -6.1566782 0 800
0.509947294 0.914399981 0.00387575911 0.0496702828 201.80072 0 -6.1566782 0 800
0.504725739 0.914399981 0.00456616015 0.0383497477 211.08429 0 -6.1566782 0 800
0.49950317 0.914399981 0.0052488417 0.0271148738 219.849487 0 -6.1566782 0 800
0.494279585 0.914399981 0.00592371637 0.0159828011 228.157761 0 -6.1566782 0 800
0.489055024 0.914399981 0.00659098308 0.00497690355 235.999802 0 -6.1566782 0 800
0.483829516 0.914399981 0.00725080276 -0.00589379808 243.420868 0 -6.1566782 0 800
0.478603082 0.914399981 0.00790324113 -0.0166186728 250.462997 0 -6.1566782 0 800
0.473375741 0.914399981 0.00854837037 -0.0271945596 257.162048 0 -6.1566782 0 800
0.468147517 0.914399981 0.00918630773 -0.0376208685 263.547333 0 -6.1566782 0 800
0.462918428 0.914399981 0.00981711436 -0.0479007512 269.628448 0 -6.1566782 0 800
0.457688497 0.914399981 0.0104409023 -0.0580399185 275.439178 0 -6.1566782 0 800
0.452457744 0.914399981 0.0110577533 -0.0680442825 281.033417 0 -6.1566782 0 800
0.447226174 0.914399981 0.0116676411 -0.077920638 286.41272 0 -6.1566782 0 800
0.441993811 0.914399981 0.0122706903 -0.0876791254 291.583862 0 -6.1566782 0 800
0.436760673 0.914399981 0.0128669729 -0.0973279625 296.604919 0 -6.1566782 0 800
0.431526756 0.914399981 0.0134563837 -0.106872998 301.488983 0 -6.1566782 0 800
0.42629208 0.914399981 0.0140390161 -0.116322719 306.227966 0 -6.1566782 0 800
0.421056659 0.914399981 0.0146149103 -0.125686467 310.839661 0 -6.1566782 0 800
0.415820502 0.914399981 0.015184072 -0.134971544 315.343536 0 -6.1566782 0 800
0.410583615 0.914399981 0.0157464784 -0.14418453 319.74881 0 -6.1566782 0 800
0.405346006 0.914399981 0.0163021212 -0.15333271 324.064392 0 -6.1566782 0 800
0.400107682 0.914399981 0.0168509892 -0.162424624 328.282013 0 -6.1566782 0 800
0.39486865 0.914399981 0.0173930464 -0.171469137 332.40271 0 -6.1566782 0 800
0.389628915 0.914399981 0.0179282775 -0.180472225 336.481842 0 -6.1566782 0 800
0.384388468 0.914399981 0.0184564806 -0.189441457 340.522217 0 -6.1566782 0 800
0.379147326 0.914399981 0.0189777427 -0.198390722 344.466095 0 -6.1566782 0 800
0.373905493 0.914399981 0.0194920202 -0.207330897 348.336182 0 -6.1566782 0 800
0.368662974 0.914399981 0.0199992515 -0.216260552 352.213501 0 -6.1566782 0 800
0.363419747 0.914399981 0.0204991034 -0.225181073 356.034454 0 -6.1566782 0 800
0.358175833 0.914399981 0.0209917049 -0.234106019 359.750122 0 -6.1566782 0 800
0.35293124 0.914399981 0.0214770243 -0.243041575 363.450531 0 -6.1566782 0 800
0.347685943 0.914399981 0.0219546762 -0.251987249 367.123718 0 -6.1566782 0 800
0.342439956 0.914399981 0.0224246775 -0.260946214 370.727509 0 -6.1566782 0 800
0.337193274 0.914399981 0.022886873 -0.269918203 374.279358 0 -6.1566782 0 800
0.331945897 0.914399981 0.0233410934 -0.278909355 377.797913 0 -6.1566782 0 800
0.326697819 0.914399981 0.0237871572 -0.287938774 381.300537 0 -6.1566782 0 800
0.321449042 0.914399981 0.0242249091 -0.297018796 384.796814 0 -6.1566782 0 800
0.316199563 0.914399981 0.0246541594 -0.306156814 388.295837 0 -6.1566782 0 800
0.31094938 0.914399981 0.0250747152 -0.315359056 391.811798 0 -6.1566782 0 800
0.30569849 0.914399981 0.0254863453 -0.324628025 395.353638 0 -6.1566782 0 800
0.30044689 0.914399981 0.0258888253 -0.333968908 398.927765 0 -6.1566782 0 800
0.295194579 0.914399981 0.0262819186 -0.343389541 402.550598 0 -6.1566782 0 800
0.289941556 0.914399981 0.0266653645 -0.35289821 406.238403 0 -6.1566782 0 800
0.284687817 0.914399981 0.0270388892 -0.362504512 409.99942 0 -6.1566782 0 800
0.279433364 0.914399981 0.0274022156 -0.372218609 413.847443 0 -6.1566782 0 800
0.274178194 0.914399981 0.0277550418 -0.382049054 417.796051 0 -6.1566782 0 800
0.26892231 0.914399981 0.0280970466 -0.392003298 421.843567 0 -6.1566782 0 800
0.263665712 0.914399981 0.0284279095 -0.402086645 425.988251 0 -6.1566782 0 800
0.258408404 0.914399981 0.0287472792 -0.412301242 430.223938 0 -6.1566782 0 800
0.253150388 0.914399981 0.0290547785 -0.422646284 434.522522 0 -6.1566782 0 800
0.24789167 0.914399981 0.029350039 -0.433119416 438.856293 0 -6.1566782 0 800
0.242632257 0.914399981 0.0296326447 -0.44372046 443.277679 0 -6.1566782 0 800
0.237372158 0.914399981 0.0299021587 -0.454458088 447.847748 0 -6.1566782 0 800
0.232111382 0.914399981 0.0301581534 -0.46534273 452.512665 0 -6.1566782 0 800
0.226849945 0.914399981 0.0304001649 -0.476379424 457.207611 0 -6.1566782 0 800
0.221587862 0.914399981 0.0306276975 -0.487575054 461.917419 0 -6.1566782 0 800
0.216325153 0.914399981 0.0308402437 -0.498939246 466.63562 0 -6.1566782 0 800
0.21106184 0.914399981 0.0310372729 -0.51047641 471.36615 0 -6.1566782 0 800
0.205797949 0.914399981 0.0312182107 -0.52219367 476.112244 0 -6.1566782 0 800
0.20053351 0.914399981 0.0313824637 -0.534100652 480.843872 0 -6.1566782 0 800
0.195268561 0.914399981 0.0315294021 -0.546116948 485.556458 0 -6.1566782 0 800
0.190003138 0.914399981 0.0316582759 -0.558323443 490.466675 0 -6.1566782 0 800
0.184737291 0.914399981 0.0317684961 -0.570818543 495.7659 0 -6.1566782 0 800
0.179471075 0.914399981 0.0318593786 -0.583562195 501.412354 0 -6.1566782 0 800
0.174204549 0.914399981 0.0319299712 -0.596569777 507.398895 0 -6.1566782 0 800
0.168937782 0.914399981 0.0319795369 -0.609851182 513.706055 0 -6.1566782 0 800
0.163670856 0.914399981 0.032007329 -0.623406529 520.345581 0 -6.1566782 0 800
0.158403858 0.914399981 0.0320121358 -0.637218833 527.261658 0 -6.1566782 0 800
0.153136892 0.914399981 0.0319933032 -0.651272893 534.387878 0 -6.1566782 0 800
0.147870075 0.914399981 0.0319494548 -0.665590644 541.784058 0 -6.1566782 0 800
0.142603537 0.914399981 0.0318797055 -0.680279613 549.431946 0 -6.1566782 0 800
0.137332117 0.914399981 0.0317827372 -0.694968879 557.507446 0 -6.1566782 0 800
0.132312279 0.914399981 0.0316637279 -0.70957613 565.553772 0 -6.1566782 0 800
0.12753214 0.914399981 0.0315253577 -0.72376883 573.308533 0 -6.1566782 0 800
0.12298038 0.914399981 0.0313697051 -0.737606347 580.768616 0 -6.1566782 0 800
0.118646203 0.914399981 0.0311988564 -0.751084745 587.970093 0 -6.1566782 0 800
0.114519318 0.914399981 0.0310146577 -0.764239848 594.962524 0 -6.1566782 0 800
0.110589903 0.914399981 0.0308190624 -0.77708745 601.869385 0 -6.1566782 0 800
0.106848603 0.914399981 0.0306136835 -0.789631546 608.820068 0 -6.1566782 0 800
0.103286492 0.914399981 0.0304001076 -0.801864743 615.705261 0 -6.1566782 0 800
0.0998950796 0.914399981 0.0301795251 -0.813778341 622.344116 0 -6.1566782 0 800
0.0966662415 0.914399981 0.0299534701 -0.825388253 628.720886 0 -6.1566782 0 800
0.0935922549 0.914399981 0.0297230389 -0.836714625 634.982727 0 -6.1566782 0 800
0.0906657593 0.914399981 0.0294892388 -0.84761858 642.204224 0 -6.1566782 0 800
0.0878797114 0.914399981 0.0292533156 -0.858423471 649.151611 0 -6.1566782 0 800
0.0850066387 0.914399981 0.0289956182 -0.869479895 655.446045 0 -6.1566782 0 800
0.0821349562 0.914399981 0.0287228672 -0.881204009 662.010681 0 -6.1566782 0 800
0.0792647788 0.914399981 0.0284347081 -0.893190384 668.914856 0 -6.1566782 0 800
0.0763962916 0.914399981 0.0281301823 -0.905534744 676.269897 0 -6.1566782 0 800
0.073529659 0.914399981 0.0278086664 -0.91819948 683.861511 0 -6.1566782 0 800
0.0706650598 0.914399981 0.0274695118 -0.931256533 691.490723 0 -6.1566782 0 800
0.0678027103 0.914399981 0.0271118665 -0.944704771 699.127258 0 -6.1566782 0 800
0.0649428655 0.914399981 0.0267347158 -0.958574176 707.311707 0 -6.1566782 0 800
0.0620857911 0.914399981 0.0263371217 -0.972957551 716.490051 0 -6.1566782 0 800
0.0592317756 0.914399981 0.0259181347 -0.987896919 726.230347 0 -6.1566782 0 800
0.0563811831 0.914399981 0.0254764594 -1.00334096 736.070801 0 -6.1566782 0 800
0.0535344322 0.914399981 0.0250106649 -1.0193063 746.449219 0 -6.1566782 0 800
0.0506919691 0.914399981 0.0245193824 -1.03592002 758.121948 0 -6.1566782 0 800
0.0478543174 0.914399981 0.0240010312 -1.05322349 770.525635 0 -6.1566782 0 800
0.0450221277 0.914399981 0.0234536227 -1.07113254 782.621826 0 -6.1566782 0 800
0.0421961657 0.914399981 0.0228749229 -1.08975339 794.535522 0 -6.1566782 0 800
0.0393772455 0.914399981 0.0222628408 -1.10931718 806.607849 0 -6.1566782 0 800
0.0365665062 0.914399981 0.0216142272 -1.12991762 818.260925 0 -6.1566782 0 800
0.0337652355 0.914399981 0.0209258688 -1.15165854 829.610901 0 -6.1566782 0 800
0.030974981 0.914399981 0.0201941353 -1.17456162 841.864441 0 -6.1566782 0 800
0.0281977916 0.914399981 0.0194142812 -1.1984719 855.935303 0.00510594156 -6.05403471 1 800
0.0254362765 0.914399981 0.0185806212 -1.22371233 872.489136 0.0120674213 -5.91883707 1 800
0.0226935633 0.914399981 0.0176870447 -1.25055575 893.539612 0.0199769158 -5.77222395 1 800
0.019974299 0.914399981 0.0167244661 -1.2790128 922.236511 0.0291467402 -5.61335802 1 800
0.0172842431 0.914399981 0.0156830468 -1.30792344 964.009399 0.0399112776 -5.4453516 1 800
0.014631972 0.914399981 0.0145488436 -1.33471525 1028.01855 0.0528575107 -5.27416992 1 800
0.0120296493 0.914399981 0.0133043047 -1.35858166 1112.85278 0.0688051283 -5.09897852 1 800
0.00949597026 0.914399981 0.0119253821 -1.37168217 1203.12585 0.099057667 -4.74360847 1 800
0.00706055144 0.914399981 0.0103795199 -1.35618484 1289.89417 0.172921106 -3.8576932 1 800
0.00499055156 0.914399981 0.0088038206 -1.30047023 1362.88928 0.261385381 -2.86798811 1 800
0.00334364669 0.914399981 0.00726725598 -1.18887663 1416.94824 0.351921469 -1.90346479 1 800
0.00207972855 0.914399981 0.00577412377 -1.00015712 1442.86816 0.442126751 -0.917490363 1 800
0.00114131536 0.914399981 0.00430875286 -0.729526639 1418.88635 0.540783346 0 0.981400073 800
0.000503666188 0.914399981 0.0028810601 -0.380341083 1322.56201 0.627021134 0 0.877325594 800
0.000125719948 0.914399981 0.00143752653 0.00390965957 1150.80627 0.686993659 0 0.621486068 800
-8.18412707e-09 0.914399981 -7.8016762e-10 0.37950021 907.18689 0.716398716 0 0.49887836 800
0.000126934641 0.914399981 -0.00144446513 0.691269219 643.82428 0.712535262 0 0.442937076 800
0.000508520665 0.914399981 -0.00289473825 0.897415876 411.31839 0.682337224 0 0.465850979 800
0.00115247582 0.914399981 -0.00432942346 0.997741461 340.911835 0.635003507 0 0.4644638 800
0.00210016721 0.914399981 -0.0058017823 1.00999904 396.557739 0.576349735 0 0.396031469 800
0.00337666068 0.914399981 -0.00730159848 0.954384685 465.050781 0.512562752 0 0.388509542 800
0.0050405912 0.914399981 -0.00884592955 0.860999823 546.707825 0.448962182 0 0.433415234 800
0.00713523378 0.914399981 -0.0104310483 0.75475359 610.528503 0.39000079 0 0.503604293 800
0.00958647176 0.914399981 -0.0119781399 0.650103927 640.546265 0.339313328 0 0.60773766 800
0.0121356101 0.914399981 -0.0133579813 0.556215286 646.372009 0.296946138 0 0.806387246 800
0.0147530995 0.914399981 -0.014603302 0.478090048 645.152527 0.261698782 0 0.962689042 800
0.0174203582 0.914399981 -0.0157381165 0.411854893 644.151184 0.234540582 0 0.999078691 800
0.0201252334 0.914399981 -0.0167800977 0.355574846 645.256836 0.211024567 -0.576789618 1 800
0.0228592225 0.914399981 -0.0177431027 0.307078719 646.674561 0.190161377 -1.13739431 1 800
0.0256165782 0.914399981 -0.0186370073 0.264788985 646.272949 0.171495929 -1.62553859 1 800
0.0283926967 0.914399981 -0.0194708192 0.227999419 643.557312 0.154601961 -2.05341721 1 800
0.0311844239 0.914399981 -0.0202507768 0.195534453 639.367615 0.139300406 -2.43444371 1 800
0.0339891752 0.914399981 -0.0209825178 0.166409507 635.287598 0.125316441 -2.78603053 1 800
0.0368049015 0.914399981 -0.0216708211 0.140188888 631.51532 0.112447999 -3.11374235 1 800
0.0396300789 0.914399981 -0.0223192419 0.116751082 627.510376 0.10062445 -3.41614723 1 800
0.0424633979 0.914399981 -0.0229311074 0.0957237482 623.637451 0.0896883532 -3.69879246 1 800
0.0453037455 0.914399981 -0.023509469 0.0766827464 620.062683 0.0795419961 -3.96435094 1 800
0.0481502998 0.914399981 -0.0240564656 0.0592721067 616.138184 0.0701911375 -4.20990896 1 800
0.0510022973 0.914399981 -0.024574333 0.0433071852 611.639771 0.0615603365 -4.43691826 1 800
0.0538590865 0.914399981 -0.0250650795 0.0286539216 607.004272 0.0535970554 -4.64815187 1 800
0.0567201524 0.914399981 -0.0255302443 0.015211991 602.690125 0.0463388525 -4.84318638 1 800
0.059585043 0.914399981 -0.0259712413 0.0028514443 598.6026 0.0426369458 -4.94048738 1 800
0.0624533453 0.914399981 -0.0263894741 -0.00857118424 594.433594 0.0405135192 -4.99400091 1 800
0.0653246926 0.914399981 -0.0267862625 -0.0191322658 590.1474 0.0384911895 -5.04477787 1 800
0.0681988043 0.914399981 -0.0271625051 -0.0288705956 585.925293 0.0365689211 -5.09314537 1 800
0.0710754046 0.914399981 -0.0275192225 -0.0378384963 582.048401 0.0347356386 -5.13988256 1 800
0.0739542439 0.914399981 -0.0278573947 -0.0461445302 578.386536 0.0329756998 -5.18520641 1 800
0.0768351094 0.914399981 -0.0281778483 -0.0538827404 574.692444 0.0312816761 -5.22903299 1 800
0.0797178166 0.914399981 -0.0284812889 -0.0610684752 570.951965 0.0296691731 -5.2707653 1 800
0.0826021992 0.914399981 -0.0287683655 -0.0677509904 567.270752 0.0281560589 -5.31022167 1 800
0.085488093 0.914399981 -0.029039831 -0.0739526674 562.986694 0.0266868211 -5.3479743 1 800
0.0883753581 0.914399981 -0.0292963007 -0.0798665434 558.874268 0.0252139531 -5.38664055 1 800
0.0912861707 0.914399981 -0.0295400445 -0.0855610594 555.634033 0.0237291269 -5.42747736 1 800
0.0943437574 0.914399981 -0.0297807929 -0.0908716843 552.199158 0.0222295597 -5.46902847 1 800
0.0975554607 0.914399981 -0.0300173411 -0.0960117355 548.458008 0.0207190719 -5.51120758 1 800
0.100928968 0.914399981 -0.0302485783 -0.100988992 544.469299 0.0191834457 -5.55451584 1 800
0.104472352 0.914399981 -0.0304731454 -0.105775215 540.310608 0.0176064149 -5.59964943 1 800
0.10819407 0.914399981 -0.0306897938 -0.110358596 536.150757 0.0160010159 -5.64645624 1 800
0.112103015 0.914399981 -0.0308967499 -0.114700153 532.110046 0.0143746054 -5.69477654 1 800
0.116208485 0.914399981 -0.0310926243 -0.11879725 527.989746 0.0127154943 -5.74492168 1 800
0.120520258 0.914399981 -0.0312754484 -0.122639544 523.565063 0.0110331886 -5.79635286 1 800
0.125048577 0.914399981 -0.0314433098 -0.126199782 518.844238 0.00933940243 -5.84886551 1 800
0.129804183 0.914399981 -0.0315942464 -0.129490063 513.98407 0.00764035853 -5.90248013 1 800
0.134798348 0.914399981 -0.0317259661 -0.132463574 509.292603 0.00595897576 -5.95659065 1 800
0.140042888 0.914399981 -0.0318361112 -0.135024562 504.673767 0.00434802985 -6.00934029 1 800
0.145272751 0.914399981 -0.0319183666 -0.137227833 500.20874 0.00283267931 -6.05983162 1 800
0.15050296 0.914399981 -0.0319745412 -0.139035538 495.963867 0.00141149922 -6.10800266 1 800
0.155733378 0.914399981 -0.0320055905 -0.140455917 491.964508 9.96639283e-05 -6.1532135 1 800
0.160963883 0.914399981 -0.0320127255 -0.141520217 488.204865 0 -6.1566782 0 800
0.166194369 0.914399981 -0.0319967639 -0.14226535 484.724365 0 -6.1566782 0 800
0.171424742 0.914399981 -0.0319588676 -0.142742783 481.538818 0 -6.1566782 0 800
0.176654918 0.914399981 -0.0318996742 -0.142986268 478.443817 0 -6.1566782 0 800
0.181884823 0.914399981 -0.0318201549 -0.142998531 475.297241 0 -6.1566782 0 800
0.187114396 0.914399981 -0.0317211302 -0.142800838 472.09967 0 -6.1566782 0 800
0.192343579 0.914399981 -0.0316033046 -0.142407224 468.857178 0 -6.1566782 0 800
0.19757232 0.914399981 -0.0314672587 -0.141820833 465.562775 0 -6.1566782 0 800
0.202800579 0.914399981 -0.0313137956 -0.141061231 462.25354 0 -6.1566782 0 800
0.208028317 0.914399981 -0.0311435451 -0.140153676 458.95929 0 -6.1566782 0 800
0.213255503 0.914399981 -0.0309570807 -0.139106661 455.703705 0 -6.1566782 0 800
0.218482107 0.914399981 -0.0307549813 -0.137922436 452.54715 0 -6.1566782 0 800
0.223708107 0.914399981 -0.0305377972 -0.136608839 449.575348 0 -6.1566782 0 800
0.22893348 0.914399981 -0.0303060301 -0.135179937 446.796967 0 -6.1566782 0 800
0.234158209 0.914399981 -0.0300601815 -0.133652434 444.142365 0 -6.1566782 0 800
0.23938228 0.914399981 -0.0298007221 -0.13203761 441.581696 0 -6.1566782 0 800
0.244605681 0.914399981 -0.0295280944 -0.130342707 439.115326 0 -6.1566782 0 800
0.249828401 0.914399981 -0.0292427309 -0.128576502 436.730377 0 -6.1566782 0 800
0.255050433 0.914399981 -0.0289450446 -0.126745403 434.412231 0 -6.1566782 0 800
0.260271771 0.914399981 -0.0286354149 -0.124849617 432.141998 0 -6.1566782 0 800
0.26549241 0.914399981 -0.0283142147 -0.122888051 429.90152 0 -6.1566782 0 800
0.270712347 0.914399981 -0.0279818008 -0.120864242 427.679962 0 -6.1566782 0 800
0.27593158 0.914399981 -0.0276385094 -0.118783116 425.467285 0 -6.1566782 0 800
0.281150106 0.914399981 -0.0272846507 -0.116648458 423.250122 0 -6.1566782 0 800
0.286367928 0.914399981 -0.0269205391 -0.114464 421.023407 0 -6.1566782 0 800
0.291585044 0.914399981 -0.0265464598 -0.112232938 418.785553 0 -6.1566782 0 800
0.296801456 0.914399981 -0.026162682 -0.109957367 416.531372 0 -6.1566782 0 800
0.302017166 0.914399981 -0.0257694719 -0.107639141 414.262238 0 -6.1566782 0 800
0.307232175 0.914399981 -0.0253670784 -0.105279647 411.983337 0 -6.1566782 0 800
0.312446485 0.914399981 -0.0249557254 -0.102879383 409.699432 0 -6.1566782 0 800
0.317660098 0.914399981 -0.0245356365 -0.100438721 407.419678 0 -6.1566782 0 800
0.322873017 0.914399981 -0.0241070091 -0.0979579836 405.150146 0 -6.1566782 0 800
0.328085242 0.914399981 -0.0236700382 -0.0954375789 402.893738 0 -6.1566782 0 800
0.333296778 0.914399981 -0.0232249173 -0.0928779468 400.655853 0 -6.1566782 0 800
0.338507627 0.914399981 -0.0227718193 -0.0902789235 398.438446 0 -6.1566782 0 800
0.34371779 0.914399981 -0.0223109097 -0.0876400098 396.236237 0 -6.1566782 0 800
0.348927269 0.914399981 -0.0218423359 -0.0849591866 394.072906 0 -6.1566782 0 800
0.354136066 0.914399981 -0.0213662287 -0.0822309479 391.945343 0 -6.1566782 0 800
0.359344173 0.914399981 -0.0208826349 -0.0794518441 389.834595 0 -6.1566782 0 800
0.364551604 0.914399981 -0.0203918252 -0.0766222924 387.754974 0 -6.1566782 0 800
0.369758349 0.914399981 -0.0198937765 -0.0737433061 385.671783 0 -6.1566782 0 800
0.374964418 0.914399981 -0.0193887171 -0.0708135664 383.606903 0 -6.1566782 0 800
0.380169806 0.914399981 -0.0188766914 -0.0678316876 381.593262 0 -6.1566782 0 800
0.385374495 0.914399981 -0.0183576092 -0.0647861138 379.567413 0 -6.1566782 0 800
0.3905785 0.914399981 -0.017831701 -0.061670959 377.515961 0 -6.1566782 0 800
0.395781816 0.914399981 -0.0172990344 -0.0584910102 375.45752 0 -6.1566782 0 800
0.400984437 0.914399981 -0.0167596155 -0.0552384891 373.374969 0 -6.1566782 0 800
0.406186358 0.914399981 -0.0162134847 -0.0519032106 371.258942 0 -6.1566782 0 800
0.411387572 0.914399981 -0.0156606622 -0.0484765768 369.102692 0 -6.1566782 0 800
0.41658807 0.914399981 -0.0151011432 -0.0449497476 366.892059 0 -6.1566782 0 800
0.421787847 0.914399981 -0.0145349606 -0.041313868 364.62207 0 -6.1566782 0 800
0.426986892 0.914399981 -0.0139621037 -0.0375599489 362.283234 0 -6.1566782 0 800
0.432185198 0.914399981 -0.0133825758 -0.0336782672 359.857452 0 -6.1566782 0 800
0.437382758 0.914399981 -0.0127963907 -0.0296603236 357.318787 0 -6.1566782 0 800
0.44257956 0.914399981 -0.0122035309 -0.0254948288 354.680328 0 -6.1566782 0 800
0.447775593 0.914399981 -0.0116039653 -0.0211594272 351.922028 0 -6.1566782 0 800
0.452970829 0.914399981 -0.010997525 -0.0166332833 349.008484 0 -6.1566782 0 800
0.458165277 0.914399981 -0.0103843836 -0.0119026871 345.960022 0 -6.1566782 0 800
0.463358895 0.914399981 -0.00976424091 -0.00694681285 342.728973 0 -6.1566782 0 800
0.468551685 0.914399981 -0.0091372075 -0.00174197846 339.286011 0 -6.1566782 0 800
0.473743625 0.914399981 -0.00850317901 0.00373658421 335.633301 0 -6.1566782 0 800
0.478934691 0.914399981 -0.00786202568 0.00952154491 331.721771 0 -6.1566782 0 800
0.484124864 0.914399981 -0.00721368846 0.0156477485 327.511749 0 -6.1566782 0 800
0.489314124 0.914399981 -0.00655808534 0.0221541021 322.955902 0 -6.1566782 0 800
0.494502443 0.914399981 -0.0058950711 0.0290863309 318.012207 0 -6.1566782 0 800
0.4996898 0.914399981 -0.00522457041 0.0365085416 312.578583 0 -6.1566782 0 800
0.504876154 0.914399981 -0.00454636301 0.0444799885 306.558563 0 -6.1566782 0 800
0.510061507 0.914399981 -0.00386053955 0.0530942343 299.722229 0 -6.1566782 0 800
0.515245806 0.914399981 -0.00316679127 0.0624373294 292.637665 0 -6.1566782 0 800
0.520429033 0.914399981 -0.00246508118 0.072519511 285.759338 0 -6.1566782 0 800
0.525611137 0.914399981 -0.00175512585 0.0824073032 280.504181 0 -6.1566782 0 800
0.529475706 0.914399981 -0.00122013781 0.0907203406 283.527496 0 -6.1566782 0 800
0.53189073 0.914399981 -0.000883384809 0.0979916528 277.440674 0 -6.1566782 0 800
0.533400004 0.914399981 -0.000672082119 0.101142943 277.440674 0 -6.1566782 0 800

ZONE T="SLICE_Y_0p9144_BINS07_KS_0p5mm_CUTDATA"
0.533400014 0.914399981 -0.000522730118 0.0801247209 175.97287 0 -6.1566782 0 800
0.533400003 0.914399981 -0.000373378117 0.0892552659 211.857819 0 -6.1566782 0 800
0.533399994 0.914399981 -0.000224026115 0.0894285142 221.766388 0 -6.1566782 0 800
0.533399992 0.914399981 -7.46741123e-05 0.0909202844 220.042664 0 -6.1566782 0 800
0.53339999 0.914399981 7.46778902e-05 0.0905311108 204.211884 0 -6.1566782 0 800
0.533399987 0.914399981 0.000224029893 0.0892773867 183.965515 0 -6.1566782 0 800
0.533399991 0.914399981 0.000373381895 0.0886541903 157.581467 0 -6.1566782 0 800
0.533399998 0.914399981 0.000522733898 0.0833788291 135.648712 0 -6.1566782 0 800
0.533399998 0.914399981 0.000522733898 0.0833788291 173.720322 0 -6.1566782 0 800
0.533400004 0.914399981 0.000672085901 0.0975252166 161.824448 0 -6.1566782 0 800
0.531889626 0.914399981 0.000883543021 0.0956787094 155.141632 0 -6.1566782 0 800
0.529472835 0.914399981 0.00122054253 0.0902566165 162.240417 0 -6.1566782 0 800
0.525605437 0.914399981 0.00175591634 0.0823447555 171.006699 0 -6.1566782 0 800
0.520387177 0.914399981 0.00247079365 0.0722948015 181.461884 0 -6.1566782 0 800
0.515167777 0.914399981 0.00317729755 0.0610350482 191.977264 0 -6.1566782 0 800
0.509947294 0.914399981 0.00387575911 0.0496702828 201.80072 0 -6.1566782 0 800
0.504725739 0.914399981 0.00456616015 0.0383497477 211.08429 0 -6.1566782 0 800
0.49950317 0.914399981 0.0052488417 0.0271148738 219.849487 0 -6.1566782 0 800
0.494279585 0.914399981 0.00592371637 0.0159828011 228.157761 0 -6.1566782 0 800
0.489055024 0.914399981 0.00659098308 0.00497690355 235.999802 0 -6.1566782 0 800
0.483829516 0.914399981 0.00725080276 -0.00589379808 243.420868 0 -6.1566782 0 800
0.478603082 0.914399981 0.00790324113 -0.0166186728 250.462997 0 -6.1566782 0 800
0.473375741 0.914399981 0.00854837037 -0.0271945596 257.162048 0 -6.1566782 0 800
0.468147517 0.914399981 0.00918630773 -0.0376208685 263.547333 0 -6.1566782 0 800
0.462918428 0.914399981 0.00981711436 -0.0479007512 269.628448 0 -6.1566782 0 800
0.457688497 0.914399981 0.0104409023 -0.0580399185 275.439178 0 -6.1566782 0 800
0.452457744 0.914399981 0.0110577533 -0.0680442825 281.033417 0 -6.1566782 0 800
0.447226174 0.914399981 0.0116676411 -0.077920638 286.41272 0 -6.1566782 0 800
0.441993811 0.914399981 0.0122706903 -0.0876791254 291.583862 0 -6.1566782 0 800
0.436760673 0.914399981 0.0128669729 -0.0973279625 296.604919 0 -6.1566782 0 800
0.431526756 0.914399981 0.0134563837 -0.106872998 301.488983 0 -6.1566782 0 800
0.42629208 0.914399981 0.0140390161 -0.116322719 306.227966 0 -6.1566782 0 800
0.421056659 0.914399981 0.0146149103 -0.125686467 310.839661 0 -6.1566782 0 800
0.415820502 0.914399981 0.015184072 -0.134971544 315.343536 0 -6.1566782 0 800
0.410583615 0.914399981 0.0157464784 -0.14418453 319.74881 0 -6.1566782 0 800
0.405346006 0.914399981 0.0163021212 -0.15333271 324.064392 0 -6.1566782 0 800
0.400107682 0.914399981 0.0168509892 -0.162424624 328.282013 0 -6.1566782 0 800
0.39486865 0.914399981 0.0173930464 -0.171469137 332.40271 0 -6.1566782 0 800
0.389628915 0.914399981 0.0179282775 -0.180472225 336.481842 0 -6.1566782 0 800
0.384388468 0.914399981 0.0184564806 -0.189441457 340.522217 0 -6.1566782 0 800
0.379147326 0.914399981 0.0189777427 -0.198390722 344.466095 0 -6.1566782 0 800
0.373905493 0.914399981 0.0194920202 -0.207330897 348.336182 0 -6.1566782 0 800
0.368662974 0.914399981 0.0199992515 -0.216260552 352.213501 0 -6.1566782 0 800
0.363419747 0.914399981 0.0204991034 -0.225181073 356.034454 0 -6.1566782 0 800
0.358175833 0.914399981 0.0209917049 -0.234106019 359.750122 0 -6.1566782 0 800
0.35293124 0.914399981 0.0214770243 -0.243041575 363.450531 0 -6.1566782 0 800
0.347685943 0.914399981 0.0219546762 -0.251987249 367.123718 0 -6.1566782 0 800
0.342439956 0.914399981 0.0224246775 -0.260946214 370.727509 0 -6.1566782 0 800
0.337193274 0.914399981 0.022886873 -0.269918203 374.279358 0 -6.1566782 0 800
0.331945897 0.914399981 0.0233410934 -0.278909355 377.797913 0 -6.1566782 0 800
0.326697819 0.914399981 0.0237871572 -0.287938774 381.300537 0 -6.1566782 0 800
0.321449042 0.914399981 0.0242249091 -0.297018796 384.796814 0 -6.1566782 0 800
0.316199563 0.914399981 0.0246541594 -0.306156814 388.295837 0 -6.1566782 0 800
0.31094938 0.914399981 0.0250747152 -0.315359056 391.811798 0 -6.1566782 0 800
0.30569849 0.914399981 0.0254863453 -0.324628025 395.353638 0 -6.1566782 0 800
0.30044689 0.914399981 0.0258888253 -0.333968908 398.927765 0 -6.1566782 0 800
0.295194579 0.914399981 0.0262819186 -0.343389541 402.550598 0 -6.1566782 0 800
0.289941556 0.914399981 0.0266653645 -0.35289821 406.238403 0 -6.1566782 0 800
0.284687817 0.914399981 0.0270388892 -0.362504512 409.99942 0 -6.1566782 0 800
0.279433364 0.914399981 0.0274022156 -0.372218609 413.847443 0 -6.1566782 0 800
0.274178194 0.914399981 0.0277550418 -0.382049054 417.796051 0 -6.1566782 0 800
0.26892231 0.914399981 0.0280970466 -0.392003298 421.843567 0 -6.1566782 0 800
0.263665712 0.914399981 0.0284279095 -0.402086645 425.988251 0 -6.1566782 0 800
0.258408404 0.914399981 0.0287472792 -0.412301242 430.223938 0 -6.1566782 0 800
0.253150388 0.914399981 0.0290547785 -0.422646284 434.522522 0 -6.1566782 0 800
0.24789167 0.914399981 0.029350039 -0.433119416 438.856293 0 -6.1566782 0 800
0.242632257 0.914399981 0.0296326447 -0.44372046 443.277679 0 -6.1566782 0 800
0.237372158 0.914399981 0.0299021587 -0.454458088 447.847748 0 -6.1566782 0 800
0.232111382 0.914399981 0.0301581534 -0.46534273 452.512665 0 -6.1566782 0 800
0.226849945 0.914399981 0.0304001649 -0.476379424 457.207611 0 -6.1566782 0 800
0.221587862 0.914399981 0.0306276975 -0.487575054 461.917419 0 -6.1566782 0 800
0.216325153 0.914399981 0.0308402437 -0.498939246 466.63562 0 -6.1566782 0 800
0.21106184 0.914399981 0.0310372729 -0.51047641 471.36615 0 -6.1566782 0 800
0.205797949 0.914399981 0.0312182107 -0.52219367 476.112244 0 -6.1566782 0 800
0.20053351 0.914399981 0.0313824637 -0.534100652 480.843872 0 -6.1566782 0 800
0.195268561 0.914399981 0.0315294021 -0.546116948 485.556458 0 -6.1566782 0 800
0.190003138 0.914399981 0.0316582759 -0.558323443 490.466675 0 -6.1566782 0 800
0.184737291 0.914399981 0.0317684961 -0.570818543 495.7659 0 -6.1566782 0 800
0.179471075 0.914399981 0.0318593786 -0.583562195 501.412354 0 -6.1566782 0 800
0.174204549 0.914399981 0.0319299712 -0.596569777 507.398895 0 -6.1566782 0 800
0.168937782 0.914399981 0.0319795369 -0.609851182 513.706055 0 -6.1566782 0 800
0.163670856 0.914399981 0.032007329 -0.623406529 520.345581 0 -6.1566782 0 800
0.158403858 0.914399981 0.0320121358 -0.637218833 527.261658 0 -6.1566782 0 800
0.153136892 0.914399981 0.0319933032 -0.651272893 534.387878 0 -6.1566782 0 800
0.147870075 0.914399981 0.0319494548 -0.665590644 541.784058 0 -6.1566782 0 800
0.142603537 0.914399981 0.0318797055 -0.680279613 549.431946 0 -6.1566782 0 800
0.137332117 0.914399981 0.0317827372 -0.694968879 557.507446 0 -6.1566782 0 800
0.132312279 0.914399981 0.0316637279 -0.70957613 565.553772 0 -6.1566782 0 800
0.12753214 0.914399981 0.0315253577 -0.72376883 573.308533 0 -6.1566782 0 800
0.12298038 0.914399981 0.0313697051 -0.737606347 580.768616 0 -6.1566782 0 800
0.118646203 0.914399981 0.0311988564 -0.751084745 587.970093 0 -6.1566782 0 800
0.114519318 0.914399981 0.0310146577 -0.764239848 594.962524 0 -6.1566782 0 800
0.110589903 0.914399981 0.0308190624 -0.77708745 601.869385 0 -6.1566782 0 800
0.106848603 0.914399981 0.0306136835 -0.789631546 608.820068 0 -6.1566782 0 800
0.103286492 0.914399981 0.0304001076 -0.801864743 615.705261 0 -6.1566782 0 800
0.0998950796 0.914399981 0.0301795251 -0.813778341 622.344116 0 -6.1566782 0 800
0.0966662415 0.914399981 0.0299534701 -0.825388253 628.720886 0 -6.1566782 0 800
0.0935922549 0.914399981 0.0297230389 -0.836714625 634.982727 0 -6.1566782 0 800
0.0906657593 0.914399981 0.0294892388 -0.84761858 642.204224 0 -6.1566782 0 800
0.0878797114 0.914399981 0.0292533156 -0.858423471 649.151611 0 -6.1566782 0 800
0.0850066387 0.914399981 0.0289956182 -0.869479895 655.446045 0 -6.1566782 0 800
0.0821349562 0.914399981 0.0287228672 -0.881204009 662.010681 0 -6.1566782 0 800
0.0792647788 0.914399981 0.0284347081 -0.893190384 668.914856 0 -6.1566782 0 800
0.0763962916 0.914399981 0.0281301823 -0.905534744 676.269897 0 -6.1566782 0 800
0.073529659 0.914399981 0.0278086664 -0.91819948 683.861511 0 -6.1566782 0 800
0.0706650598 0.914399981 0.0274695118 -0.931256533 691.490723 0 -6.1566782 0 800
0.0678027103 0.914399981 0.0271118665 -0.944704771 699.127258 2.14596057e-05 -6.15615129 1 800
0.0649428655 0.914399981 0.0267347158 -0.958574176 707.311707 8.79436702e-05 -6.15454435 1 800
0.0620857911 0.914399981 0.0263371217 -0.972957551 716.490051 0.000158635798 -6.15288067 1 800
0.0592317756 0.914399981 0.0259181347 -0.987896919 726.230347 0.000233535116 -6.15116882 1 800
0.0563811831 0.914399981 0.0254764594 -1.00334096 736.070801 0.000311944488 -6.14942646 1 800
0.0535344322 0.914399981 0.0250106649 -1.0193063 746.449219 0.000393781578 -6.14765692 1 800
0.0506919691 0.914399981 0.0245193824 -1.03592002 758.121948 0.000479895389 -6.1458497 1 800
0.0478543174 0.914399981 0.0240010312 -1.05322349 770.525635 0.000571386307 -6.14397001 1 800
0.0450221277 0.914399981 0.0234536227 -1.07113254 782.621826 0.000668583729 -6.14199686 1 800
0.0421961657 0.914399981 0.0228749229 -1.08975339 794.535522 0.00167875271 -6.12036133 1 800
0.0393772455 0.914399981 0.0222628408 -1.10931718 806.607849 0.0029571224 -6.09370899 1 800
0.0365665062 0.914399981 0.0216142272 -1.12991762 818.260925 0.0043402072 -6.06563139 1 800
0.0337652355 0.914399981 0.0209258688 -1.15165854 829.610901 0.00584876398 -6.03585148 1 800
0.030974981 0.914399981 0.0201941353 -1.17456162 841.864441 0.00750493491 -6.00404453 1 800
0.0281977916 0.914399981 0.0194142812 -1.1984719 855.935303 0.00933633 -5.96948957 1 800
0.0254362765 0.914399981 0.0185806212 -1.22371233 872.489136 0.0136531694 -5.88762617 1 800
0.0226935633 0.914399981 0.0176870447 -1.25055575 893.539612 0.021610368 -5.74138737 1 800
0.019974299 0.914399981 0.0167244661 -1.2790128 922.236511 0.0308391992 -5.58305454 1 800
0.0172842431 0.914399981 0.0156830468 -1.30792344 964.009399 0.0416522697 -5.4154439 1 800
0.014631972 0.914399981 0.0145488436 -1.33471525 1028.01855 0.0595914535 -5.16021061 1 800
0.0120296493 0.914399981 0.0133043047 -1.35858166 1112.85278 0.0888770595 -4.785604 1 800
0.00949597026 0.914399981 0.0119253821 -1.37168217 1203.12585 0.12595956 -4.36075068 1 800
0.00706055144 0.914399981 0.0103795199 -1.35618484 1289.89417 0.184423059 -3.70382333 1 800
0.00499055156 0.914399981 0.0088038206 -1.30047023 1362.88928 0.253505707 -2.96993661 1 800
0.00334364669 0.914399981 0.00726725598 -1.18887663 1416.94824 0.332204789 -2.14254737 1 800
0.00207972855 0.914399981 0.00577412377 -1.00015712 1442.86816 0.432259053 -1.03480041 1 800
0.00114131536 0.914399981 0.00430875286 -0.729526639 1418.88635 0.529347181 0 0.993603468 800
0.000503666188 0.914399981 0.0028810601 -0.380341083 1322.56201 0.613777936 0 0.926113725 800
0.000125719948 0.914399981 0.00143752653 0.00390965957 1150.80627 0.674381256 0 0.643077135 800
-8.18412707e-09 0.914399981 -7.8016762e-10 0.37950021 907.18689 0.704464078 0 0.511223853 800
0.000126934641 0.914399981 -0.00144446513 0.691269219 643.82428 0.701326907 0 0.451192886 800
0.000508520665 0.914399981 -0.00289473825 0.897415876 411.31839 0.671776295 0 0.472106934 800
0.00115247582 0.914399981 -0.00432942346 0.997741461 340.911835 0.624475539 0 0.470429569 800
0.00210016721 0.914399981 -0.0058017823 1.00999904 396.557739 0.565623403 0 0.403244674 800
0.00337666068 0.914399981 -0.00730159848 0.954384685 465.050781 0.501682162 0 0.397936642 800
0.0050405912 0.914399981 -0.00884592955 0.860999823 546.707825 0.438102424 0 0.447389036 800
0.00713523378 0.914399981 -0.0104310483 0.75475359 610.528503 0.379386902 0 0.526266694 800
0.00958647176 0.914399981 -0.0119781399 0.650103927 640.546265 0.329294026 0 0.648486316 800
0.0121356101 0.914399981 -0.0133579813 0.556215286 646.372009 0.288730681 0 0.893290043 800
0.0147530995 0.914399981 -0.014603302 0.478090048 645.152527 0.254419774 0 0.981018543 800
0.0174203582 0.914399981 -0.0157381165 0.411854893 644.151184 0.225023314 -0.197622955 1 800
0.0201252334 0.914399981 -0.0167800977 0.355574846 645.256836 0.199615404 -0.878804803 1 800
0.0228592225 0.914399981 -0.0177431027 0.307078719 646.674561 0.177761942 -1.46635711 1 800
0.0256165782 0.914399981 -0.0186370073 0.264788985 646.272949 0.161717311 -1.88743937 1 800
0.0283926967 0.914399981 -0.0194708192 0.227999419 643.557312 0.148305446 -2.22511888 1 800
0.0311844239 0.914399981 -0.0202507768 0.195534453 639.367615 0.136147708 -2.52273893 1 800
0.0339891752 0.914399981 -0.0209825178 0.166409507 635.287598 0.125017077 -2.79701161 1 800
0.0368049015 0.914399981 -0.0216708211 0.140188888 631.51532 0.114751898 -3.05323768 1 800
0.0396300789 0.914399981 -0.0223192419 0.116751082 627.510376 0.105299525 -3.28977442 1 800
0.0424633979 0.914399981 -0.0229311074 0.0957237482 623.637451 0.0965378433 -3.51137686 1 800
0.0453037455 0.914399981 -0.023509469 0.0766827464 620.062683 0.0883840024 -3.72044849 1 800
0.0481502998 0.914399981 -0.0240564656 0.0592721067 616.138184 0.0808414295 -3.91397405 1 800
0.0510022973 0.914399981 -0.024574333 0.0433071852 611.639771 0.0738381073 -4.09303951 1 800
0.0538590865 0.914399981 -0.0250650795 0.0286539216 607.004272 0.0673580319 -4.25975466 1 800
0.0567201524 0.914399981 -0.0255302443 0.015211991 602.690125 0.0628546923 -4.37433243 1 800
0.059585043 0.914399981 -0.0259712413 0.0028514443 598.6026 0.0587054603 -4.48108625 1 800
0.0624533453 0.914399981 -0.0263894741 -0.00857118424 594.433594 0.0547685772 -4.58271313 1 800
0.0653246926 0.914399981 -0.0267862625 -0.0191322658 590.1474 0.0510184057 -4.67983198 1 800
0.0681988043 0.914399981 -0.0271625051 -0.0288705956 585.925293 0.0474598296 -4.772789 1 800
0.0710754046 0.914399981 -0.0275192225 -0.0378384963 582.048401 0.0440767147 -4.86270285 1 800
0.0739542439 0.914399981 -0.0278573947 -0.0461445302 578.386536 0.0408454947 -4.94976664 1 800
0.0768351094 0.914399981 -0.0281778483 -0.0538827404 574.692444 0.0377499759 -5.03392982 1 800
0.0797178166 0.914399981 -0.0284812889 -0.0610684752 570.951965 0.0348087549 -5.11446619 1 800
0.0826021992 0.914399981 -0.0287683655 -0.0677509904 567.270752 0.032035999 -5.19127369 1 800
0.085488093 0.914399981 -0.029039831 -0.0739526674 562.986694 0.0293720383 -5.26483631 1 800
0.0883753581 0.914399981 -0.0292963007 -0.0798665434 558.874268 0.0267591495 -5.33813429 1 800
0.0912861707 0.914399981 -0.0295400445 -0.0855610594 555.634033 0.0241757799 -5.41286182 1 800
0.0943437574 0.914399981 -0.0297807929 -0.0908716843 552.199158 0.0225502569 -5.45875978 1 800
0.0975554607 0.914399981 -0.0300173411 -0.0960117355 548.458008 0.0210071821 -5.50242329 1 800
0.100928968 0.914399981 -0.0302485783 -0.100988992 544.469299 0.0194371473 -5.54714632 1 800
0.104472352 0.914399981 -0.0304731454 -0.105775215 540.310608 0.0178243686 -5.59359598 1 800
0.10819407 0.914399981 -0.0306897938 -0.110358596 536.150757 0.0161741264 -5.64181471 1 800
0.112103015 0.914399981 -0.0308967499 -0.114700153 532.110046 0.0144929355 -5.69181061 1 800
0.116208485 0.914399981 -0.0310926243 -0.11879725 527.989746 0.0127770444 -5.74358177 1 800
0.120520258 0.914399981 -0.0312754484 -0.122639544 523.565063 0.0110490927 -5.79631662 1 800
0.125048577 0.914399981 -0.0314433098 -0.126199782 518.844238 0.00931714196 -5.84997892 1 800
0.129804183 0.914399981 -0.0315942464 -0.129490063 513.98407 0.0076020672 -5.90400648 1 800
0.134798348 0.914399981 -0.0317259661 -0.132463574 509.292603 0.00592776807 -5.95776081 1 800
0.140042888 0.914399981 -0.0318361112 -0.135024562 504.673767 0.00468601286 -5.99796915 1 800
0.145272751 0.914399981 -0.0319183666 -0.137227833 500.20874 0.00423587952 -6.01198959 1 800
0.15050296 0.914399981 -0.0319745412 -0.139035538 495.963867 0.00380141381 -6.02578068 1 800
0.155733378 0.914399981 -0.0320055905 -0.140455917 491.964508 0.00338067929 -6.0393362 1 800
0.160963883 0.914399981 -0.0320127255 -0.141520217 488.204865 0.00297316024 -6.05267334 1 800
0.166194369 0.914399981 -0.0319967639 -0.14226535 484.724365 0.00257749273 -6.06584644 1 800
0.171424742 0.914399981 -0.0319588676 -0.142742783 481.538818 0.0021929564 -6.07886696 1 800
0.176654918 0.914399981 -0.0318996742 -0.142986268 478.443817 0.00182235136 -6.09158421 1 800
0.181884823 0.914399981 -0.0318201549 -0.142998531 475.297241 0.00146505155 -6.10399199 1 800
0.187114396 0.914399981 -0.0317211302 -0.142800838 472.09967 0.00112009479 -6.11612034 1 800
0.192343579 0.914399981 -0.0316033046 -0.142407224 468.857178 0.000790266495 -6.12786341 1 800
0.19757232 0.914399981 -0.0314672587 -0.141820833 465.562775 0.000476655114 -6.13917255 1 800
0.202800579 0.914399981 -0.0313137956 -0.141061231 462.25354 0.000237442844 -6.14789534 1 800
0.208028317 0.914399981 -0.0311435451 -0.140153676 458.95929 0.000211594524 -6.14879847 1 800
0.213255503 0.914399981 -0.0309570807 -0.139106661 455.703705 0.000186423247 -6.1496892 1 800
0.218482107 0.914399981 -0.0307549813 -0.137922436 452.54715 0.000161891614 -6.15056896 1 800
0.223708107 0.914399981 -0.0305377972 -0.136608839 449.575348 0.000137993309 -6.15143681 1 800
0.22893348 0.914399981 -0.0303060301 -0.135179937 446.796967 0.000114736162 -6.15229321 1 800
0.234158209 0.914399981 -0.0300601815 -0.133652434 444.142365 9.20991733e-05 -6.15313768 1 800
0.23938228 0.914399981 -0.0298007221 -0.13203761 441.581696 7.0096823e-05 -6.15396786 1 800
0.244605681 0.914399981 -0.0295280944 -0.130342707 439.115326 4.87396574e-05 -6.15478325 1 800
0.249828401 0.914399981 -0.0292427309 -0.128576502 436.730377 2.80662989e-05 -6.155581 1 800
0.255050433 0.914399981 -0.0289450446 -0.126745403 434.412231 8.10234269e-06 -6.15636015 1 800
0.260271771 0.914399981 -0.0286354149 -0.124849617 432.141998 0 -6.1566782 0 800
0.26549241 0.914399981 -0.0283142147 -0.122888051 429.90152 0 -6.1566782 0 800
0.270712347 0.914399981 -0.0279818008 -0.120864242 427.679962 0 -6.1566782 0 800
0.27593158 0.914399981 -0.0276385094 -0.118783116 425.467285 0 -6.1566782 0 800
0.281150106 0.914399981 -0.0272846507 -0.116648458 423.250122 0 -6.1566782 0 800
0.286367928 0.914399981 -0.0269205391 -0.114464 421.023407 0 -6.1566782 0 800
0.291585044 0.914399981 -0.0265464598 -0.112232938 418.785553 0 -6.1566782 0 800
0.296801456 0.914399981 -0.026162682 -0.109957367 416.531372 0 -6.1566782 0 800
0.302017166 0.914399981 -0.0257694719 -0.107639141 414.262238 0 -6.1566782 0 800
0.307232175 0.914399981 -0.0253670784 -0.105279647 411.983337 0 -6.1566782 0 800
0.312446485 0.914399981 -0.0249557254 -0.102879383 409.699432 0 -6.1566782 0 800
0.317660098 0.914399981 -0.0245356365 -0.100438721 407.419678 0 -6.1566782 0 800
0.322873017 0.914399981 -0.0241070091 -0.0979579836 405.150146 0 -6.1566782 0 800
0.328085242 0.914399981 -0.0236700382 -0.0954375789 402.893738 0 -6.1566782 0 800
0.333296778 0.914399981 -0.0232249173 -0.0928779468 400.655853 0 -6.1566782 0 800
0.338507627 0.914399981 -0.0227718193 -0.0902789235 398.438446 0 -6.1566782 0 800
0.34371779 0.914399981 -0.0223109097 -0.0876400098 396.236237 0 -6.1566782 0 800
0.348927269 0.914399981 -0.0218423359 -0.0849591866 394.072906 0 -6.1566782 0 800
0.354136066 0.914399981 -0.0213662287 -0.0822309479 391.945343 0 -6.1566782 0 800
0.359344173 0.914399981 -0.0208826349 -0.0794518441 389.834595 0 -6.1566782 0 800
0.364551604 0.914399981 -0.0203918252 -0.0766222924 387.754974 0 -6.1566782 0 800
0.369758349 0.914399981 -0.0198937765 -0.0737433061 385.671783 0 -6.1566782 0 800
0.374964418 0.914399981 -0.0193887171 -0.0708135664 383.606903 0 -6.1566782 0 800
0.380169806 0.914399981 -0.0188766914 -0.0678316876 381.593262 0 -6.1566782 0 800
0.385374495 0.914399981 -0.0183576092 -0.0647861138 379.567413 0 -6.1566782 0 800
0.3905785 0.914399981 -0.017831701 -0.061670959 377.515961 0 -6.1566782 0 800
0.395781816 0.914399981 -0.0172990344 -0.0584910102 375.45752 0 -6.1566782 0 800
0.400984437 0.914399981 -0.0167596155 -0.0552384891 373.374969 0 -6.1566782 0 800
0.406186358 0.914399981 -0.0162134847 -0.0519032106 371.258942 0 -6.1566782 0 800
0.411387572 0.914399981 -0.0156606622 -0.0484765768 369.102692 0 -6.1566782 0 800
0.41658807 0.914399981 -0.0151011432 -0.0449497476 366.892059 0 -6.1566782 0 800
0.421787847 0.914399981 -0.0145349606 -0.041313868 364.62207 0 -6.1566782 0 800
0.426986892 0.914399981 -0.0139621037 -0.0375599489 362.283234 0 -6.1566782 0 800
0.432185198 0.914399981 -0.0133825758 -0.0336782672 359.857452 0 -6.1566782 0 800
0.437382758 0.914399981 -0.0127963907 -0.0296603236 357.318787 0 -6.1566782 0 800
0.44257956 0.914399981 -0.0122035309 -0.0254948288 354.680328 0 -6.1566782 0 800
0.447775593 0.914399981 -0.0116039653 -0.0211594272 351.922028 0 -6.1566782 0 800
0.452970829 0.914399981 -0.010997525 -0.0166332833 349.008484 0 -6.1566782 0 800
0.458165277 0.914399981 -0.0103843836 -0.0119026871 345.960022 0 -6.1566782 0 800
0.463358895 0.914399981 -0.00976424091 -0.00694681285 342.728973 0 -6.1566782 0 800
0.468551685 0.914399981 -0.0091372075 -0.00174197846 339.286011 0 -6.1566782 0 800
0.473743625 0.914399981 -0.00850317901 0.00373658421 335.633301 0 -6.1566782 0 800
0.478934691 0.914399981 -0.00786202568 0.00952154491 331.721771 0 -6.1566782 0 800
0.484124864 0.914399981 -0.00721368846 0.0156477485 327.511749 0 -6.1566782 0 800
0.489314124 0.914399981 -0.00655808534 0.0221541021 322.955902 0 -6.1566782 0 800
0.494502443 0.914399981 -0.0058950711 0.0290863309 318.012207 0 -6.1566782 0 800
0.4996898 0.914399981 -0.00522457041 0.0365085416 312.578583 0 -6.1566782 0 800
0.504876154 0.914399981 -0.00454636301 0.0444799885 306.558563 0 -6.1566782 0 800
0.510061507 0.914399981 -0.00386053955 0.0530942343 299.722229 0 -6.1566782 0 800
0.515245806 0.914399981 -0.00316679127 0.0624373294 292.637665 0 -6.1566782 0 800
0.520429033 0.914399981 -0.00246508118 0.072519511 285.759338 0 -6.1566782 0 800
0.525611137 0.914399981 -0.00175512585 0.0824073032 280.504181 0 -6.1566782 0 800
0.529475706 0.914399981 -0.00122013781 0.0907203406 283.527496 0 -6.1566782 0 800
0.53189073 0.914399981 -0.000883384809 0.0979916528 277.440674 0 -6.1566782 0 800
0.533400004 0.914399981 -0.000672082119 0.101142943 277.440674 0 -6.1566782 0 800

ZONE T="SLICE_Y_0p9144_BINS15_KS_0p5mm_CUTDATA"
0.533400014 0.914399981 -0.000522730118 0.0801247209 175.97287 0 -6.1566782 0 800
0.533400003 0.914399981 -0.000373378117 0.0892552659 211.857819 0 -6.1566782 0 800
0.533399994 0.914399981 -0.000224026115 0.0894285142 221.766388 0 -6.1566782 0 800
0.533399992 0.914399981 -7.46741123e-05 0.0909202844 220.042664 0 -6.1566782 0 800
0.53339999 0.914399981 7.46778902e-05 0.0905311108 204.211884 0 -6.1566782 0 800
0.533399987 0.914399981 0.000224029893 0.0892773867 183.965515 0 -6.1566782 0 800
0.533399991 0.914399981 0.000373381895 0.0886541903 157.581467 0 -6.1566782 0 800
0.533399998 0.914399981 0.000522733898 0.0833788291 135.648712 0 -6.1566782 0 800
0.533399998 0.914399981 0.000522733898 0.0833788291 173.720322 0 -6.1566782 0 800
0.533400004 0.914399981 0.000672085901 0.0975252166 161.824448 0 -6.1566782 0 800
0.531889626 0.914399981 0.000883543021 0.0956787094 155.141632 0 -6.1566782 0 800
0.529472835 0.914399981 0.00122054253 0.0902566165 162.240417 0 -6.1566782 0 800
0.525605437 0.914399981 0.00175591634 0.0823447555 171.006699 0 -6.1566782 0 800
0.520387177 0.914399981 0.00247079365 0.0722948015 181.461884 0 -6.1566782 0 800
0.515167777 0.914399981 0.00317729755 0.0610350482 191.977264 0 -6.1566782 0 800
0.509947294 0.914399981 0.00387575911 0.0496702828 201.80072 0 -6.1566782 0 800
0.504725739 0.914399981 0.00456616015 0.0383497477 211.08429 0 -6.1566782 0 800
0.49950317 0.914399981 0.0052488417 0.0271148738 219.849487 0 -6.1566782 0 800
0.494279585 0.914399981 0.00592371637 0.0159828011 228.157761 0 -6.1566782 0 800
0.489055024 0.914399981 0.00659098308 0.00497690355 235.999802 0 -6.1566782 0 800
0.483829516 0.914399981 0.00725080276 -0.00589379808 243.420868 0 -6.1566782 0 800
0.478603082 0.914399981 0.00790324113 -0.0166186728 250.462997 0 -6.1566782 0 800
0.473375741 0.914399981 0.00854837037 -0.0271945596 257.162048 0 -6.1566782 0 800
0.468147517 0.914399981 0.00918630773 -0.0376208685 263.547333 0 -6.1566782 0 800
0.462918428 0.914399981 0.00981711436 -0.0479007512 269.628448 0 -6.1566782 0 800
0.457688497 0.914399981 0.0104409023 -0.0580399185 275.439178 0 -6.1566782 0 800
0.452457744 0.914399981 0.0110577533 -0.0680442825 281.033417 0 -6.1566782 0 800
0.447226174 0.914399981 0.0116676411 -0.077920638 286.41272 0 -6.1566782 0 800
0.441993811 0.914399981 0.0122706903 -0.0876791254 291.583862 0 -6.1566782 0 800
0.436760673 0.914399981 0.0128669729 -0.0973279625 296.604919 0 -6.1566782 0 800
0.431526756 0.914399981 0.0134563837 -0.106872998 301.488983 0 -6.1566782 0 800
0.42629208 0.914399981 0.0140390161 -0.116322719 306.227966 0 -6.1566782 0 800
0.421056659 0.914399981 0.0146149103 -0.125686467 310.839661 0 -6.1566782 0 800
0.415820502 0.914399981 0.015184072 -0.134971544 315.343536 0 -6.1566782 0 800
0.410583615 0.914399981 0.0157464784 -0.14418453 319.74881 0 -6.1566782 0 800
0.405346006 0.914399981 0.0163021212 -0.15333271 324.064392 0 -6.1566782 0 800
0.400107682 0.914399981 0.0168509892 -0.162424624 328.282013 0 -6.1566782 0 800
0.39486865 0.914399981 0.0173930464 -0.171469137 332.40271 0 -6.1566782 0 800
0.389628915 0.914399981 0.0179282775 -0.180472225 336.481842 0 -6.1566782 0 800
0.384388468 0.914399981 0.0184564806 -0.189441457 340.522217 0 -6.1566782 0 800
0.379147326 0.914399981 0.0189777427 -0.198390722 344.466095 0 -6.1566782 0 800
0.373905493 0.914399981 0.0194920202 -0.207330897 348.336182 0 -6.1566782 0 800
0.368662974 0.914399981 0.0199992515 -0.216260552 352.213501 0 -6.1566782 0 800
0.363419747 0.914399981 0.0204991034 -0.225181073 356.034454 0 -6.1566782 0 800
0.358175833 0.914399981 0.0209917049 -0.234106019 359.750122 0 -6.1566782 0 800
0.35293124 0.914399981 0.0214770243 -0.243041575 363.450531 0 -6.1566782 0 800
0.347685943 0.914399981 0.0219546762 -0.251987249 367.123718 0 -6.1566782 0 800
0.342439956 0.914399981 0.0224246775 -0.260946214 370.727509 0 -6.1566782 0 800
0.337193274 0.914399981 0.022886873 -0.269918203 374.279358 0 -6.1566782 0 800
0.331945897 0.914399981 0.0233410934 -0.278909355 377.797913 0 -6.1566782 0 800
0.326697819 0.914399981 0.0237871572 -0.287938774 381.300537 0 -6.1566782 0 800
0.321449042 0.914399981 0.0242249091 -0.297018796 384.796814 0 -6.1566782 0 800
0.316199563 0.914399981 0.0246541594 -0.306156814 388.295837 0 -6.1566782 0 800
0.31094938 0.914399981 0.0250747152 -0.315359056 391.811798 0 -6.1566782 0 800
0.30569849 0.914399981 0.0254863453 -0.324628025 395.353638 0 -6.1566782 0 800
0.30044689 0.914399981 0.0258888253 -0.333968908 398.927765 0 -6.1566782 0 800
0.295194579 0.914399981 0.0262819186 -0.343389541 402.550598 0 -6.1566782 0 800
0.289941556 0.914399981 0.0266653645 -0.35289821 406.238403 0 -6.1566782 0 800
0.284687817 0.914399981 0.0270388892 -0.362504512 409.99942 0 -6.1566782 0 800
0.279433364 0.914399981 0.0274022156 -0.372218609 413.847443 0 -6.1566782 0 800
0.274178194 0.914399981 0.0277550418 -0.382049054 417.796051 0 -6.1566782 0 800
0.26892231 0.914399981 0.0280970466 -0.392003298 421.843567 0 -6.1566782 0 800
0.263665712 0.914399981 0.0284279095 -0.402086645 425.988251 0 -6.1566782 0 800
0.258408404 0.914399981 0.0287472792 -0.412301242 430.223938 0 -6.1566782 0 800
0.253150388 0.914399981 0.0290547785 -0.422646284 434.522522 0 -6.1566782 0 800
0.24789167 0.914399981 0.029350039 -0.433119416 438.856293 0 -6.1566782 0 800
0.242632257 0.914399981 0.0296326447 -0.44372046 443.277679 0 -6.1566782 0 800
0.237372158 0.914399981 0.0299021587 -0.454458088 447.847748 0 -6.1566782 0 800
0.232111382 0.914399981 0.0301581534 -0.46534273 452.512665 0 -6.1566782 0 800
0.226849945 0.914399981 0.0304001649 -0.476379424 457.207611 0 -6.1566782 0 800
0.221587862 0.914399981 0.0306276975 -0.487575054 461.917419 0 -6.1566782 0 800
0.216325153 0.914399981 0.0308402437 -0.498939246 466.63562 0 -6.1566782 0 800
0.21106184 0.914399981 0.0310372729 -0.51047641 471.36615 0 -6.1566782 0 800
0.205797949 0.914399981 0.0312182107 -0.52219367 476.112244 0 -6.1566782 0 800
0.20053351 0.914399981 0.0313824637 -0.534100652 480.843872 0 -6.1566782 0 800
0.195268561 0.914399981 0.0315294021 -0.546116948 485.556458 0 -6.1566782 0 800
0.190003138 0.914399981 0.0316582759 -0.558323443 490.466675 0 -6.1566782 0 800
0.184737291 0.914399981 0.0317684961 -0.570818543 495.7659 0 -6.1566782 0 800
0.179471075 0.914399981 0.0318593786 -0.583562195 501.412354 0 -6.1566782 0 800
0.174204549 0.914399981 0.0319299712 -0.596569777 507.398895 0 -6.1566782 0 800
0.168937782 0.914399981 0.0319795369 -0.609851182 513.706055 0 -6.1566782 0 800
0.163670856 0.914399981 0.032007329 -0.623406529 520.345581 0 -6.1566782 0 800
0.158403858 0.914399981 0.0320121358 -0.637218833 527.261658 0 -6.1566782 0 800
0.153136892 0.914399981 0.0319933032 -0.651272893 534.387878 0 -6.1566782 0 800
0.147870075 0.914399981 0.0319494548 -0.665590644 541.784058 0 -6.1566782 0 800
0.142603537 0.914399981 0.0318797055 -0.680279613 549.431946 0 -6.1566782 0 800
0.137332117 0.914399981 0.0317827372 -0.694968879 557.507446 0 -6.1566782 0 800
0.132312279 0.914399981 0.0316637279 -0.70957613 565.553772 0 -6.1566782 0 800
0.12753214 0.914399981 0.0315253577 -0.72376883 573.308533 0 -6.1566782 0 800
0.12298038 0.914399981 0.0313697051 -0.737606347 580.768616 0 -6.1566782 0 800
0.118646203 0.914399981 0.0311988564 -0.751084745 587.970093 0 -6.1566782 0 800
0.114519318 0.914399981 0.0310146577 -0.764239848 594.962524 0 -6.1566782 0 800
0.110589903 0.914399981 0.0308190624 -0.77708745 601.869385 0 -6.1566782 0 800
0.106848603 0.914399981 0.0306136835 -0.789631546 608.820068 0 -6.1566782 0 800
0.103286492 0.914399981 0.0304001076 -0.801864743 615.705261 0 -6.1566782 0 800
0.0998950796 0.914399981 0.0301795251 -0.813778341 622.344116 0 -6.1566782 0 800
0.0966662415 0.914399981 0.0299534701 -0.825388253 628.720886 0 -6.1566782 0 800
0.0935922549 0.914399981 0.0297230389 -0.836714625 634.982727 0 -6.1566782 0 800
0.0906657593 0.914399981 0.0294892388 -0.84761858 642.204224 0 -6.1566782 0 800
0.0878797114 0.914399981 0.0292533156 -0.858423471 649.151611 0 -6.1566782 0 800
0.0850066387 0.914399981 0.0289956182 -0.869479895 655.446045 0 -6.1566782 0 800
0.0821349562 0.914399981 0.0287228672 -0.881204009 662.010681 0 -6.1566782 0 800
0.0792647788 0.914399981 0.0284347081 -0.893190384 668.914856 0 -6.1566782 0 800
0.0763962916 0.914399981 0.0281301823 -0.905534744 676.269897 0 -6.1566782 0 800
0.073529659 0.914399981 0.0278086664 -0.91819948 683.861511 0 -6.1566782 0 800
0.0706650598 0.914399981 0.0274695118 -0.931256533 691.490723 0 -6.1566782 0 800
0.0678027103 0.914399981 0.0271118665 -0.944704771 699.127258 2.2122711e-05 -6.15613651 1 800
0.0649428655 0.914399981 0.0267347158 -0.958574176 707.311707 9.16317222e-05 -6.15446138 1 800
0.0620857911 0.914399981 0.0263371217 -0.972957551 716.490051 0.000165322999 -6.15272999 1 800
0.0592317756 0.914399981 0.0259181347 -0.987896919 726.230347 0.000243273986 -6.1509428 1 800
0.0563811831 0.914399981 0.0254764594 -1.00334096 736.070801 0.000324965746 -6.14911032 1 800
0.0535344322 0.914399981 0.0250106649 -1.0193063 746.449219 0.000516238506 -6.1448245 1 800
0.0506919691 0.914399981 0.0245193824 -1.03592002 758.121948 0.00086235354 -6.1371994 1 800
0.0478543174 0.914399981 0.0240010312 -1.05322349 770.525635 0.00123454712 -6.12924623 1 800
0.0450221277 0.914399981 0.0234536227 -1.07113254 782.621826 0.00163133861 -6.12097359 1 800
0.0421961657 0.914399981 0.0228749229 -1.08975339 794.535522 0.00205606828 -6.11228561 1 800
0.0393772455 0.914399981 0.0222628408 -1.10931718 806.607849 0.00306019862 -6.09159565 1 800
0.0365665062 0.914399981 0.0216142272 -1.12991762 818.260925 0.00442103297 -6.06404591 1 800
0.0337652355 0.914399981 0.0209258688 -1.15165854 829.610901 0.00591126876 -6.03440809 1 800
0.030974981 0.914399981 0.0201941353 -1.17456162 841.864441 0.00823713653 -5.98873091 1 800
0.0281977916 0.914399981 0.0194142812 -1.1984719 855.935303 0.0114239454 -5.9275732 1 800
0.0254362765 0.914399981 0.0185806212 -1.22371233 872.489136 0.0158468951 -5.84481382 1 800
0.0226935633 0.914399981 0.0176870447 -1.25055575 893.539612 0.0220984854 -5.73199654 1 800
0.019974299 0.914399981 0.0167244661 -1.2790128 922.236511 0.0308361538 -5.58250332 1 800
0.0172842431 0.914399981 0.0156830468 -1.30792344 964.009399 0.0432262421 -5.38667488 1 800
0.014631972 0.914399981 0.0145488436 -1.33471525 1028.01855 0.0613548718 -5.13173437 1 800
0.0120296493 0.914399981 0.0133043047 -1.35858166 1112.85278 0.0884543359 -4.79191208 1 800
0.00949597026 0.914399981 0.0119253821 -1.37168217 1203.12585 0.128402814 -4.32523584 1 800
0.00706055144 0.914399981 0.0103795199 -1.35618484 1289.89417 0.183882251 -3.71230531 1 800
0.00499055156 0.914399981 0.0088038206 -1.30047023 1362.88928 0.253473133 -2.96785235 1 800
0.00334364669 0.914399981 0.00726725598 -1.18887663 1416.94824 0.333321542 -2.13206315 1 800
0.00207972855 0.914399981 0.00577412377 -1.00015712 1442.86816 0.430382609 -1.056229 1 800
0.00114131536 0.914399981 0.00430875286 -0.729526639 1418.88635 0.528044939 0 0.995524943 800
0.000503666188 0.914399981 0.0028810601 -0.380341083 1322.56201 0.611633778 0 0.933504283 800
0.000125719948 0.914399981 0.00143752653 0.00390965957 1150.80627 0.67264688 0 0.646158993 800
-8.18412707e-09 0.914399981 -7.8016762e-10 0.37950021 907.18689 0.70290184 0 0.51297003 800
0.000126934641 0.914399981 -0.00144446513 0.691269219 643.82428 0.699759722 0 0.452372223 800
0.000508520665 0.914399981 -0.00289473825 0.897415876 411.31839 0.670314312 0 0.472993791 800
0.00115247582 0.914399981 -0.00432942346 0.997741461 340.911835 0.62300837 0 0.471279413 800
0.00210016721 0.914399981 -0.0058017823 1.00999904 396.557739 0.564130604 0 0.404276371 800
0.00337666068 0.914399981 -0.00730159848 0.954384685 465.050781 0.500147223 0 0.399298519 800
0.0050405912 0.914399981 -0.00884592955 0.860999823 546.707825 0.436536789 0 0.449441731 800
0.00713523378 0.914399981 -0.0104310483 0.75475359 610.528503 0.377806157 0 0.529684067 800
0.00958647176 0.914399981 -0.0119781399 0.650103927 640.546265 0.327737868 0 0.654886663 800
0.0121356101 0.914399981 -0.0133579813 0.556215286 646.372009 0.287238926 0 0.908035934 800
0.0147530995 0.914399981 -0.014603302 0.478090048 645.152527 0.253031522 0 0.984608591 800
0.0174203582 0.914399981 -0.0157381165 0.411854893 644.151184 0.223830968 -0.229574323 1 800
0.0201252334 0.914399981 -0.0167800977 0.355574846 645.256836 0.198842734 -0.899390876 1 800
0.0228592225 0.914399981 -0.0177431027 0.307078719 646.674561 0.17968826 -1.41612363 1 800
0.0256165782 0.914399981 -0.0186370073 0.264788985 646.272949 0.16334933 -1.84408379 1 800
0.0283926967 0.914399981 -0.0194708192 0.227999419 643.557312 0.148611873 -2.2154448 1 800
0.0311844239 0.914399981 -0.0202507768 0.195534453 639.367615 0.135339975 -2.54279065 1 800
0.0339891752 0.914399981 -0.0209825178 0.166409507 635.287598 0.123299107 -2.84210634 1 800
0.0368049015 0.914399981 -0.0216708211 0.140188888 631.51532 0.112877376 -3.10368013 1 800
0.0396300789 0.914399981 -0.0223192419 0.116751082 627.510376 0.104110897 -3.32281184 1 800
0.0424633979 0.914399981 -0.0229311074 0.0957237482 623.637451 0.0959688798 -3.52798271 1 800
0.0453037455 0.914399981 -0.023509469 0.0766827464 620.062683 0.0883729383 -3.72168136 1 800
0.0481502998 0.914399981 -0.0240564656 0.0592721067 616.138184 0.081321083 -3.90129352 1 800
0.0510022973 0.914399981 -0.024574333 0.0433071852 611.639771 0.0747450814 -4.06803036 1 800
0.0538590865 0.914399981 -0.0250650795 0.0286539216 607.004272 0.0686089918 -4.2245822 1 800
0.0567201524 0.914399981 -0.0255302443 0.015211991 602.690125 0.063670136 -4.35086393 1 800
0.059585043 0.914399981 -0.0259712413 0.0028514443 598.6026 0.0590816848 -4.46966743 1 800
0.0624533453 0.914399981 -0.0263894741 -0.00857118424 594.433594 0.0547376946 -4.58275175 1 800
0.0653246926 0.914399981 -0.0267862625 -0.0191322658 590.1474 0.0506141409 -4.69068289 1 800
0.0681988043 0.914399981 -0.0271625051 -0.0288705956 585.925293 0.0467181243 -4.79362202 1 800
0.0710754046 0.914399981 -0.0275192225 -0.0378384963 582.048401 0.043086011 -4.89111614 1 800
0.0739542439 0.914399981 -0.0278573947 -0.0461445302 578.386536 0.0401409082 -4.97018671 1 800
0.0768351094 0.914399981 -0.0281778483 -0.0538827404 574.692444 0.0373187028 -5.04658747 1 800
0.0797178166 0.914399981 -0.0284812889 -0.0610684752 570.951965 0.0346261151 -5.11994839 1 800
0.0826021992 0.914399981 -0.0287683655 -0.0677509904 567.270752 0.0320657268 -5.19039679 1 800
0.085488093 0.914399981 -0.029039831 -0.0739526674 562.986694 0.029602414 -5.25778627 1 800
0.0883753581 0.914399981 -0.0292963007 -0.0798665434 558.874268 0.0273100249 -5.32124424 1 800
0.0912861707 0.914399981 -0.0295400445 -0.0855610594 555.634033 0.0253234152 -5.37754202 1 800
0.0943437574 0.914399981 -0.0297807929 -0.0908716843 552.199158 0.0233202074 -5.43475628 1 800
0.0975554607 0.914399981 -0.0300173411 -0.0960117355 548.458008 0.0213074367 -5.49260092 1 800
0.100928968 0.914399981 -0.0302485783 -0.100988992 544.469299 0.0192941632 -5.55093431 1 800
0.104472352 0.914399981 -0.0304731454 -0.105775215 540.310608 0.0175176449 -5.60248613 1 800
0.10819407 0.914399981 -0.0306897938 -0.110358596 536.150757 0.015812505 -5.65258694 1 800
0.112103015 0.914399981 -0.0308967499 -0.114700153 532.110046 0.0141077209 -5.70351744 1 800
0.116208485 0.914399981 -0.0310926243 -0.11879725 527.989746 0.0124875028 -5.75242996 1 800
0.120520258 0.914399981 -0.0312754484 -0.122639544 523.565063 0.0110623902 -5.7955513 1 800
0.125048577 0.914399981 -0.0314433098 -0.126199782 518.844238 0.00963873509 -5.83916473 1 800
0.129804183 0.914399981 -0.0315942464 -0.129490063 513.98407 0.00830495264 -5.8805151 1 800
0.134798348 0.914399981 -0.0317259661 -0.132463574 509.292603 0.00712444121 -5.91758919 1 800
0.140042888 0.914399981 -0.0318361112 -0.135024562 504.673767 0.0060372767 -5.95222187 1 800
0.145272751 0.914399981 -0.0319183666 -0.137227833 500.20874 0.00515785813 -5.98045778 1 800
0.15050296 0.914399981 -0.0319745412 -0.139035538 495.963867 0.00434533646 -6.00695753 1 800
0.155733378 0.914399981 -0.0320055905 -0.140455917 491.964508 0.00367714884 -6.0289669 1 800
0.160963883 0.914399981 -0.0320127255 -0.141520217 488.204865 0.00303992303 -6.0502882 1 800
0.166194369 0.914399981 -0.0319967639 -0.14226535 484.724365 0.00250198971 -6.06849146 1 800
0.171424742 0.914399981 -0.0319588676 -0.142742783 481.538818 0.00213812524 -6.08083439 1 800
0.176654918 0.914399981 -0.0318996742 -0.142986268 478.443817 0.00178963761 -6.09279823 1 800
0.181884823 0.914399981 -0.0318201549 -0.142998531 475.297241 0.00145499059 -6.10440683 1 800
0.187114396 0.914399981 -0.0317211302 -0.142800838 472.09967 0.00113258255 -6.11571407 1 800
0.192343579 0.914399981 -0.0316033046 -0.142407224 468.857178 0.000825280964 -6.12662029 1 800
0.19757232 0.914399981 -0.0314672587 -0.141820833 465.562775 0.000693996553 -6.13122606 1 800
0.202800579 0.914399981 -0.0313137956 -0.141061231 462.25354 0.000585934904 -6.13504076 1 800
0.208028317 0.914399981 -0.0311435451 -0.140153676 458.95929 0.000481307798 -6.13878155 1 800
0.213255503 0.914399981 -0.0309570807 -0.139106661 455.703705 0.000380137848 -6.14244509 1 800
0.218482107 0.914399981 -0.0307549813 -0.137922436 452.54715 0.000282450375 -6.14602947 1 800
0.223708107 0.914399981 -0.0305377972 -0.136608839 449.575348 0.000188187449 -6.14953613 1 800
0.22893348 0.914399981 -0.0303060301 -0.135179937 446.796967 0.000108651824 -6.15252876 1 800
0.234158209 0.914399981 -0.0300601815 -0.133652434 444.142365 8.50665456e-05 -6.15341043 1 800
0.23938228 0.914399981 -0.0298007221 -0.13203761 441.581696 6.21651052e-05 -6.15427685 1 800
0.244605681 0.914399981 -0.0295280944 -0.130342707 439.115326 3.99847922e-05 -6.15512514 1 800
0.249828401 0.914399981 -0.0292427309 -0.128576502 436.730377 1.84954715e-05 -6.15595627 1 800
0.255050433 0.914399981 -0.0289450446 -0.126745403 434.412231 0 -6.1566782 0 800
0.260271771 0.914399981 -0.0286354149 -0.124849617 432.141998 0 -6.1566782 0 800
0.26549241 0.914399981 -0.0283142147 -0.122888051 429.90152 0 -6.1566782 0 800
0.270712347 0.914399981 -0.0279818008 -0.120864242 427.679962 0 -6.1566782 0 800
0.27593158 0.914399981 -0.0276385094 -0.118783116 425.467285 0 -6.1566782 0 800
0.281150106 0.914399981 -0.0272846507 -0.116648458 423.250122 0 -6.1566782 0 800
0.286367928 0.914399981 -0.0269205391 -0.114464 421.023407 0 -6.1566782 0 800
0.291585044 0.914399981 -0.0265464598 -0.112232938 418.785553 0 -6.1566782 0 800
0.296801456 0.914399981 -0.026162682 -0.109957367 416.531372 0 -6.1566782 0 800
0.302017166 0.914399981 -0.0257694719 -0.107639141 414.262238 0 -6.1566782 0 800
0.307232175 0.914399981 -0.0253670784 -0.105279647 411.983337 0 -6.1566782 0 800
0.312446485 0.914399981 -0.0249557254 -0.102879383 409.699432 0 -6.1566782 0 800
0.317660098 0.914399981 -0.0245356365 -0.100438721 407.419678 0 -6.1566782 0 800
0.322873017 0.914399981 -0.0241070091 -0.0979579836 405.150146 0 -6.1566782 0 800
0.328085242 0.914399981 -0.0236700382 -0.0954375789 402.893738 0 -6.1566782 0 800
0.333296778 0.914399981 -0.0232249173 -0.0928779468 400.655853 0 -6.1566782 0 800
0.338507627 0.914399981 -0.0227718193 -0.0902789235 398.438446 0 -6.1566782 0 800
0.34371779 0.914399981 -0.0223109097 -0.0876400098 396.236237 0 -6.1566782 0 800
0.348927269 0.914399981 -0.0218423359 -0.0849591866 394.072906 0 -6.1566782 0 800
0.354136066 0.914399981 -0.0213662287 -0.0822309479 391.945343 0 -6.1566782 0 800
0.359344173 0.914399981 -0.0208826349 -0.0794518441 389.834595 0 -6.1566782 0 800
0.364551604 0.914399981 -0.0203918252 -0.0766222924 387.754974 0 -6.1566782 0 800
0.369758349 0.914399981 -0.0198937765 -0.0737433061 385.671783 0 -6.1566782 0 800
0.374964418 0.914399981 -0.0193887171 -0.0708135664 383.606903 0 -6.1566782 0 800
0.380169806 0.914399981 -0.0188766914 -0.0678316876 381.593262 0 -6.1566782 0 800
0.385374495 0.914399981 -0.0183576092 -0.0647861138 379.567413 0 -6.1566782 0 800
0.3905785 0.914399981 -0.017831701 -0.061670959 377.515961 0 -6.1566782 0 800
0.395781816 0.914399981 -0.0172990344 -0.0584910102 375.45752 0 -6.1566782 0 800
0.400984437 0.914399981 -0.0167596155 -0.0552384891 373.374969 0 -6.1566782 0 800
0.406186358 0.914399981 -0.0162134847 -0.0519032106 371.258942 0 -6.1566782 0 800
0.411387572 0.914399981 -0.0156606622 -0.0484765768 369.102692 0 -6.1566782 0 800
0.41658807 0.914399981 -0.0151011432 -0.0449497476 366.892059 0 -6.1566782 0 800
0.421787847 0.914399981 -0.0145349606 -0.041313868 364.62207 0 -6.1566782 0 800
0.426986892 0.914399981 -0.0139621037 -0.0375599489 362.283234 0 -6.1566782 0 800
0.432185198 0.914399981 -0.0133825758 -0.0336782672 359.857452 0 -6.1566782 0 800
0.437382758 0.914399981 -0.0127963907 -0.0296603236 357.318787 0 -6.1566782 0 800
0.44257956 0.914399981 -0.0122035309 -0.0254948288 354.680328 0 -6.1566782 0 800
0.447775593 0.914399981 -0.0116039653 -0.0211594272 351.922028 0 -6.1566782 0 800
0.452970829 0.914399981 -0.010997525 -0.0166332833 349.008484 0 -6.1566782 0 800
0.458165277 0.914399981 -0.0103843836 -0.0119026871 345.960022 0 -6.1566782 0 800
0.463358895 0.914399981 -0.00976424091 -0.00694681285 342.728973 0 -6.1566782 0 800
0.468551685 0.914399981 -0.0091372075 -0.00174197846 339.286011 0 -6.1566782 0 800
0.473743625 0.914399981 -0.00850317901 0.00373658421 335.633301 0 -6.1566782 0 800
0.478934691 0.914399981 -0.00786202568 0.00952154491 331.721771 0 -6.1566782 0 800
0.484124864 0.914399981 -0.00721368846 0.0156477485 327.511749 0 -6.1566782 0 800
0.489314124 0.914399981 -0.00655808534 0.0221541021 322.955902 0 -6.1566782 0 800
0.494502443 0.914399981 -0.0058950711 0.0290863309 318.012207 0 -6.1566782 0 800
0.4996898 0.914399981 -0.00522457041 0.0365085416 312.578583 0 -6.1566782 0 800
0.504876154 0.914399981 -0.00454636301 0.0444799885 306.558563 0 -6.1566782 0 800
0.510061507 0.914399981 -0.00386053955 0.0530942343 299.722229 0 -6.1566782 0 800
0.515245806 0.914399981 -0.00316679127 0.0624373294 292.637665 0 -6.1566782 0 800
0.520429033 0.914399981 -0.00246508118 0.072519511 285.759338 0 -6.1566782 0 800
0.525611137 0.914399981 -0.00175512585 0.0824073032 280.504181 0 -6.1566782 0 800
0.529475706 0.914399981 -0.00122013781 0.0907203406 283.527496 0 -6.1566782 0 800
0.53189073 0.914399981 -0.000883384809 0.0979916528 277.440674 0 -6.1566782 0 800
0.533400004 0.914399981 -0.000672082119 0.101142943 277.440674 0 -6.1566782 0 800

ZONE T="SLICE_Y_0p9144_BINS01_KS_0p5mm_CUTDATA_VAR_DENSITY"
0.533400014 0.914399981 -0.000522730118 0.0801247209 175.97287 0 -6.1566782 0 200
0.533400003 0.914399981 -0.000373378117 0.0892552659 211.857819 0 -6.1566782 0 200
0.533399994 0.914399981 -0.000224026115 0.0894285142 221.766388 0 -6.1566782 0 200
0.533399992 0.914399981 -7.46741123e-05 0.0909202844 220.042664 0 -6.1566782 0 200
0.53339999 0.914399981 7.46778902e-05 0.0905311108 204.211884 0 -6.1566782 0 200
0.533399987 0.914399981 0.000224029893 0.0892773867 183.965515 0 -6.1566782 0 200
0.533399991 0.914399981 0.000373381895 0.0886541903 157.581467 0 -6.1566782 0 200
0.533399998 0.914399981 0.000522733898 0.0833788291 135.648712 0 -6.1566782 0 200
0.533399998 0.914399981 0.000522733898 0.0833788291 173.720322 0 -6.1566782 0 200
0.533400004 0.914399981 0.000672085901 0.0975252166 161.824448 0 -6.1566782 0 200
0.531889626 0.914399981 0.000883543021 0.0956787094 155.141632 0 -6.1566782 0 200
0.529472835 0.914399981 0.00122054253 0.0902566165 162.240417 0 -6.1566782 0 200
0.525605437 0.914399981 0.00175591634 0.0823447555 171.006699 0 -6.1566782 0 200
0.520387177 0.914399981 0.00247079365 0.0722948015 181.461884 0 -6.1566782 0 200
0.515167777 0.914399981 0.00317729755 0.0610350482 191.977264 0 -6.1566782 0 200
0.509947294 0.914399981 0.00387575911 0.0496702828 201.80072 0 -6.1566782 0 200
0.504725739 0.914399981 0.00456616015 0.0383497477 211.08429 0 -6.1566782 0 200
0.49950317 0.914399981 0.0052488417 0.0271148738 219.849487 0 -6.1566782 0 200
0.494279585 0.914399981 0.00592371637 0.0159828011 228.157761 0 -6.1566782 0 200
0.489055024 0.914399981 0.00659098308 0.00497690355 235.999802 0 -6.1566782 0 200
0.483829516 0.914399981 0.00725080276 -0.00589379808 243.420868 0 -6.1566782 0 200
0.478603082 0.914399981 0.00790324113 -0.0166186728 250.462997 0 -6.1566782 0 200
0.473375741 0.914399981 0.00854837037 -0.0271945596 257.162048 0 -6.1566782 0 200
0.468147517 0.914399981 0.00918630773 -0.0376208685 263.547333 0 -6.1566782 0 200
0.462918428 0.914399981 0.00981711436 -0.0479007512 269.628448 0 -6.1566782 0 200
0.457688497 0.914399981 0.0104409023 -0.0580399185 275.439178 0 -6.1566782 0 200
0.452457744 0.914399981 0.0110577533 -0.0680442825 281.033417 0 -6.1566782 0 200
0.447226174 0.914399981 0.0116676411 -0.077920638 286.41272 0 -6.1566782 0 200
0.441993811 0.914399981 0.0122706903 -0.0876791254 291.583862 0 -6.1566782 0 200
0.436760673 0.914399981 0.0128669729 -0.0973279625 296.604919 0 -6.1566782 0 200
0.431526756 0.914399981 0.0134563837 -0.106872998 301.488983 0 -6.1566782 0 200
0.42629208 0.914399981 0.0140390161 -0.116322719 306.227966 0 -6.1566782 0 200
0.421056659 0.914399981 0.0146149103 -0.125686467 310.839661 0 -6.1566782 0 200
0.415820502 0.914399981 0.015184072 -0.134971544 315.343536 0 -6.1566782 0 200
0.410583615 0.914399981 0.0157464784 -0.14418453 319.74881 0 -6.1566782 0 200
0.405346006 0.914399981 0.0163021212 -0.15333271 324.064392 0 -6.1566782 0 200
0.400107682 0.914399981 0.0168509892 -0.162424624 328.282013 0 -6.1566782 0 200
0.39486865 0.914399981 0.0173930464 -0.171469137 332.40271 0 -6.1566782 0 200
0.389628915 0.914399981 0.0179282775 -0.180472225 336.481842 0 -6.1566782 0 200
0.384388468 0.914399981 0.0184564806 -0.189441457 340.522217 0 -6.1566782 0 200
0.379147326 0.914399981 0.0189777427 -0.198390722 344.466095 0 -6.1566782 0 200
0.373905493 0.914399981 0.0194920202 -0.207330897 348.336182 0 -6.1566782 0 200
0.368662974 0.914399981 0.0199992515 -0.216260552 352.213501 0 -6.1566782 0 200
0.363419747 0.914399981 0.0204991034 -0.225181073 356.034454 0 -6.1566782 0 200
0.358175833 0.914399981 0.0209917049 -0.234106019 359.750122 0 -6.1566782 0 200
0.35293124 0.914399981 0.0214770243 -0.243041575 363.450531 0 -6.1566782 0 200
0.347685943 0.914399981 0.0219546762 -0.251987249 367.123718 0 -6.1566782 0 200
0.342439956 0.914399981 0.0224246775 -0.260946214 370.727509 0 -6.1566782 0 200
0.337193274 0.914399981 0.022886873 -0.269918203 374.279358 0 -6.1566782 0 200
0.331945897 0.914399981 0.0233410934 -0.278909355 377.797913 0 -6.1566782 0 200
0.326697819 0.914399981 0.0237871572 -0.287938774 381.300537 0 -6.1566782 0 200
0.321449042 0.914399981 0.0242249091 -0.297018796 384.796814 0 -6.1566782 0 200
0.316199563 0.914399981 0.0246541594 -0.306156814 388.295837 0 -6.1566782 0 200
0.31094938 0.914399981 0.0250747152 -0.315359056 391.811798 0 -6.1566782 0 200
0.30569849 0.914399981 0.0254863453 -0.324628025 395.353638 0 -6.1566782 0 200
0.30044689 0.914399981 0.0258888253 -0.333968908 398.927765 0 -6.1566782 0 200
0.295194579 0.914399981 0.0262819186 -0.343389541 402.550598 0 -6.1566782 0 200
0.289941556 0.914399981 0.0266653645 -0.35289821 406.238403 0 -6.1566782 0 200
0.284687817 0.914399981 0.0270388892 -0.362504512 409.99942 0 -6.1566782 0 200
0.279433364 0.914399981 0.0274022156 -0.372218609 413.847443 0 -6.1566782 0 200
0.274178194 0.914399981 0.0277550418 -0.382049054 417.796051 0 -6.1566782 0 200
0.26892231 0.914399981 0.0280970466 -0.392003298 421.843567 0 -6.1566782 0 200
0.263665712 0.914399981 0.0284279095 -0.402086645 425.988251 0 -6.1566782 0 200
0.258408404 0.914399981 0.0287472792 -0.412301242 430.223938 0 -6.1566782 0 200
0.253150388 0.914399981 0.0290547785 -0.422646284 434.522522 0 -6.1566782 0 200
0.24789167 0.914399981 0.029350039 -0.433119416 438.856293 0 -6.1566782 0 200
0.242632257 0.914399981 0.0296326447 -0.44372046 443.277679 0 -6.1566782 0 200
0.237372158 0.914399981 0.0299021587 -0.454458088 447.847748 0 -6.1566782 0 200
0.232111382 0.914399981 0.0301581534 -0.46534273 452.512665 0 -6.1566782 0 200
0.226849945 0.914399981 0.0304001649 -0.476379424 457.207611 0 -6.1566782 0 200
0.221587862 0.914399981 0.0306276975 -0.487575054 461.917419 0 -6.1566782 0 200
0.216325153 0.914399981 0.0308402437 -0.498939246 466.63562 0 -6.1566782 0 200
0.21106184 0.914399981 0.0310372729 -0.51047641 471.36615 0 -6.1566782 0 200
0.205797949 0.914399981 0.0312182107 -0.52219367 476.112244 0 -6.1566782 0 200
0.20053351 0.914399981 0.0313824637 -0.534100652 480.843872 0 -6.1566782 0 200
0.195268561 0.914399981 0.0315294021 -0.546116948 485.556458 0 -6.1566782 0 200
0.190003138 0.914399981 0.0316582759 -0.558323443 490.466675 0 -6.1566782 0 200
0.184737291 0.914399981 0.0317684961 -0.570818543 495.7659 0 -6.1566782 0 200
0.179471075 0.914399981 0.0318593786 -0.583562195 501.412354 0 -6.1566782 0 200
0.174204549 0.914399981 0.0319299712 -0.596569777 507.398895 0 -6.1566782 0 200
0.168937782 0.914399981 0.0319795369 -0.609851182 513.706055 0 -6.1566782 0 200
0.163670856 0.914399981 0.032007329 -0.623406529 520.345581 0 -6.1566782 0 200
0.158403858 0.914399981 0.0320121358 -0.637218833 527.261658 0 -6.1566782 0 200
0.153136892 0.914399981 0.0319933032 -0.651272893 534.387878 0 -6.1566782 0 200
0.147870075 0.914399981 0.0319494548 -0.665590644 541.784058 0 -6.1566782 0 200
0.142603537 0.914399981 0.0318797055 -0.680279613 549.431946 0 -6.1566782 0 200
0.137332117 0.914399981 0.0317827372 -0.694968879 557.507446 0 -6.1566782 0 200
0.132312279 0.914399981 0.0316637279 -0.70957613 565.553772 0 -6.1566782 0 200
0.12753214 0.914399981 0.0315253577 -0.72376883 573.308533 0 -6.1566782 0 200
0.12298038 0.914399981 0.0313697051 -0.737606347 580.768616 0 -6.1566782 0 200
0.118646203 0.914399981 0.0311988564 -0.751084745 587.970093 0 -6.1566782 0 200
0.114519318 0.914399981 0.0310146577 -0.764239848 594.962524 0 -6.1566782 0 200
0.110589903 0.914399981 0.0308190624 -0.77708745 601.869385 0 -6.1566782 0 200
0.106848603 0.914399981 0.0306136835 -0.789631546 608.820068 0 -6.1566782 0 200
0.103286492 0.914399981 0.0304001076 -0.801864743 615.705261 0 -6.1566782 0 200
0.0998950796 0.914399981 0.0301795251 -0.813778341 622.344116 0 -6.1566782 0 200
0.0966662415 0.914399981 0.0299534701 -0.825388253 628.720886 0 -6.1566782 0 200
0.0935922549 0.914399981 0.0297230389 -0.836714625 634.982727 0 -6.1566782 0 200
0.0906657593 0.914399981 0.0294892388 -0.84761858 642.204224 0 -6.1566782 0 200
0.0878797114 0.914399981 0.0292533156 -0.858423471 649.151611 0 -6.1566782 0 200
0.0850066387 0.914399981 0.0289956182 -0.869479895 655.446045 0 -6.1566782 0 200
0.0821349562 0.914399981 0.0287228672 -0.881204009 662.010681 0 -6.1566782 0 200
0.0792647788 0.914399981 0.0284347081 -0.893190384 668.914856 0 -6.1566782 0 200
0.0763962916 0.914399981 0.0281301823 -0.905534744 676.269897 0 -6.1566782 0 200
0.073529659 0.914399981 0.0278086664 -0.91819948 683.861511 0 -6.1566782 0 200
0.0706650598 0.914399981 0.0274695118 -0.931256533 691.490723 0 -6.1566782 0 200
0.0678027103 0.914399981 0.0271118665 -0.944704771 699.127258 2.2122711e-05 -6.15613651 1 200
0.0649428655 0.914399981 0.0267347158 -0.958574176 707.311707 9.16317222e-05 -6.15446138 1 200
0.0620857911 0.914399981 0.0263371217 -0.972957551 716.490051 0.000165322999 -6.15272999 1 200
0.0592317756 0.914399981 0.0259181347 -0.987896919 726.230347 0.000243273986 -6.1509428 1 200
0.0563811831 0.914399981 0.0254764594 -1.00334096 736.070801 0.000324965746 -6.14911032 1 200
0.0535344322 0.914399981 0.0250106649 -1.0193063 746.449219 0.000516238506 -6.1448245 1 200
0.0506919691 0.914399981 0.0245193824 -1.03592002 758.121948 0.00086235354 -6.1371994 1 200
0.0478543174 0.914399981 0.0240010312 -1.05322349 770.525635 0.00123454712 -6.12924623 1 200
0.0450221277 0.914399981 0.0234536227 -1.07113254 782.621826 0.00163133861 -6.12097359 1 200.008057
0.0421961657 0.914399981 0.0228749229 -1.08975339 794.535522 0.00205606828 -6.11228561 1 200.11319
0.0393772455 0.914399981 0.0222628408 -1.10931718 806.607849 0.00306019862 -6.09159565 1 200.495316
0.0365665062 0.914399981 0.0216142272 -1.12991762 818.260925 0.00442103297 -6.06404591 1 201.06752
0.0337652355 0.914399981 0.0209258688 -1.15165854 829.610901 0.00591126876 -6.03440809 1 201.673813
0.030974981 0.914399981 0.0201941353 -1.17456162 841.864441 0.00823713653 -5.98873091 1 202.980118
0.0281977916 0.914399981 0.0194142812 -1.1984719 855.935303 0.0114239454 -5.9275732 1 204.887268
0.0254362765 0.914399981 0.0185806212 -1.22371233 872.489136 0.0158468951 -5.84481382 1 207.649704
0.0226935633 0.914399981 0.0176870447 -1.25055575 893.539612 0.0220984854 -5.73199654 1 211.977905
0.019974299 0.914399981 0.0167244661 -1.2790128 922.236511 0.0308361538 -5.58250332 1 218.473587
0.0172842431 0.914399981 0.0156830468 -1.30792344 964.009399 0.0432262421 -5.38667488 1 228.084717
0.014631972 0.914399981 0.0145488436 -1.33471525 1028.01855 0.0613548718 -5.13173437 1 243.413803
0.0120296493 0.914399981 0.0133043047 -1.35858166 1112.85278 0.0884543359 -4.79191208 1 268.646484
0.00949597026 0.914399981 0.0119253821 -1.37168217 1203.12585 0.128402814 -4.32523584 1 311.672791
0.00706055144 0.914399981 0.0103795199 -1.35618484 1289.89417 0.183882251 -3.71230531 1 376.625793
0.00499055156 0.914399981 0.0088038206 -1.30047023 1362.88928 0.253473133 -2.96785235 1 459.741669
0.00334364669 0.914399981 0.00726725598 -1.18887663 1416.94824 0.333321542 -2.13206315 1 556.669678
0.00207972855 0.914399981 0.00577412377 -1.00015712 1442.86816 0.430382609 -1.056229 1 649.057495
0.00114131536 0.914399981 0.00430875286 -0.729526639 1418.88635 0.528044939 0 0.995524943 741.940247
0.000503666188 0.914399981 0.0028810601 -0.380341083 1322.56201 0.611633778 0 0.933504283 794.993774
0.000125719948 0.914399981 0.00143752653 0.00390965957 1150.80627 0.67264688 0 0.646158993 840.357849
-8.18412707e-09 0.914399981 -7.8016762e-10 0.37950021 907.18689 0.70290184 0 0.51297003 856.93219
0.000126934641 0.914399981 -0.00144446513 0.691269219 643.82428 0.699759722 0 0.452372223 864.070801
0.000508520665 0.914399981 -0.00289473825 0.897415876 411.31839 0.670314312 0 0.472993791 861.634521
0.00115247582 0.914399981 -0.00432942346 0.997741461 340.911835 0.62300837 0 0.471279413 861.513672
0.00210016721 0.914399981 -0.0058017823 1.00999904 396.557739 0.564130604 0 0.404276371 867.442261
0.00337666068 0.914399981 -0.00730159848 0.954384685 465.050781 0.500147223 0 0.399298519 860.141846
0.0050405912 0.914399981 -0.00884592955 0.860999823 546.707825 0.436536789 0 0.449441731 831.088135
0.00713523378 0.914399981 -0.0104310483 0.75475359 610.528503 0.377806157 0 0.529684067 774.413147
0.00958647176 0.914399981 -0.0119781399 0.650103927 640.546265 0.327737868 0 0.654886663 688.442505
0.0121356101 0.914399981 -0.0133579813 0.556215286 646.372009 0.287238926 0 0.908035934 539.028503
0.0147530995 0.914399981 -0.014603302 0.478090048 645.152527 0.253031522 0 0.984608591 448.912567
0.0174203582 0.914399981 -0.0157381165 0.411854893 644.151184 0.223830968 -0.229574323 1 390.234741
0.0201252334 0.914399981 -0.0167800977 0.355574846 645.256836 0.198842734 -0.899390876 1 352.627045
0.0228592225 0.914399981 -0.0177431027 0.307078719 646.674561 0.17968826 -1.41612363 1 334.054626
0.0256165782 0.914399981 -0.0186370073 0.264788985 646.272949 0.16334933 -1.84408379 1 321.978333
0.0283926967 0.914399981 -0.0194708192 0.227999419 643.557312 0.148611873 -2.2154448 1 306.033569
0.0311844239 0.914399981 -0.0202507768 0.195534453 639.367615 0.135339975 -2.54279065 1 290.46814
0.0339891752 0.914399981 -0.0209825178 0.166409507 635.287598 0.123299107 -2.84210634 1 275.516174
0.0368049015 0.914399981 -0.0216708211 0.140188888 631.51532 0.112877376 -3.10368013 1 265.279114
0.0396300789 0.914399981 -0.0223192419 0.116751082 627.510376 0.104110897 -3.32281184 1 259.44342
0.0424633979 0.914399981 -0.0229311074 0.0957237482 623.637451 0.0959688798 -3.52798271 1 253.434479
0.0453037455 0.914399981 -0.023509469 0.0766827464 620.062683 0.0883729383 -3.72168136 1 247.135101
0.0481502998 0.914399981 -0.0240564656 0.0592721067 616.138184 0.081321083 -3.90129352 1 241.024933
0.0510022973 0.914399981 -0.024574333 0.0433071852 611.639771 0.0747450814 -4.06803036 1 235.246857
0.0538590865 0.914399981 -0.0250650795 0.0286539216 607.004272 0.0686089918 -4.2245822 1 230.376343
0.0567201524 0.914399981 -0.0255302443 0.015211991 602.690125 0.063670136 -4.35086393 1 227.160309
0.059585043 0.914399981 -0.0259712413 0.0028514443 598.6026 0.0590816848 -4.46966743 1 224.748032
0.0624533453 0.914399981 -0.0263894741 -0.00857118424 594.433594 0.0547376946 -4.58275175 1 222.362885
0.0653246926 0.914399981 -0.0267862625 -0.0191322658 590.1474 0.0506141409 -4.69068289 1 219.955978
0.0681988043 0.914399981 -0.0271625051 -0.0288705956 585.925293 0.0467181243 -4.79362202 1 217.525452
0.0710754046 0.914399981 -0.0275192225 -0.0378384963 582.048401 0.043086011 -4.89111614 1 215.428467
0.0739542439 0.914399981 -0.0278573947 -0.0461445302 578.386536 0.0401409082 -4.97018671 1 213.914581
0.0768351094 0.914399981 -0.0281778483 -0.0538827404 574.692444 0.0373187028 -5.04658747 1 212.679657
0.0797178166 0.914399981 -0.0284812889 -0.0610684752 570.951965 0.0346261151 -5.11994839 1 211.470001
0.0826021992 0.914399981 -0.0287683655 -0.0677509904 567.270752 0.0320657268 -5.19039679 1 210.304214
0.085488093 0.914399981 -0.029039831 -0.0739526674 562.986694 0.029602414 -5.25778627 1 209.054428
0.0883753581 0.914399981 -0.0292963007 -0.0798665434 558.874268 0.0273100249 -5.32124424 1 207.991364
0.0912861707 0.914399981 -0.0295400445 -0.0855610594 555.634033 0.0253234152 -5.37754202 1 207.153183
0.0943437574 0.914399981 -0.0297807929 -0.0908716843 552.199158 0.0233202074 -5.43475628 1 206.399445
0.0975554607 0.914399981 -0.0300173411 -0.0960117355 548.458008 0.0213074367 -5.49260092 1 205.649002
0.100928968 0.914399981 -0.0302485783 -0.100988992 544.469299 0.0192941632 -5.55093431 1 204.880981
0.104472352 0.914399981 -0.0304731454 -0.105775215 540.310608 0.0175176449 -5.60248613 1 204.203217
0.10819407 0.914399981 -0.0306897938 -0.110358596 536.150757 0.015812505 -5.65258694 1 203.627655
0.112103015 0.914399981 -0.0308967499 -0.114700153 532.110046 0.0141077209 -5.70351744 1 203.061447
0.116208485 0.914399981 -0.0310926243 -0.11879725 527.989746 0.0124875028 -5.75242996 1 202.539276
0.120520258 0.914399981 -0.0312754484 -0.122639544 523.565063 0.0110623902 -5.7955513 1 202.10173
0.125048577 0.914399981 -0.0314433098 -0.126199782 518.844238 0.00963873509 -5.83916473 1 201.693405
0.129804183 0.914399981 -0.0315942464 -0.129490063 513.98407 0.00830495264 -5.8805151 1 201.329163
0.134798348 0.914399981 -0.0317259661 -0.132463574 509.292603 0.00712444121 -5.91758919 1 201.020752
0.140042888 0.914399981 -0.0318361112 -0.135024562 504.673767 0.0060372767 -5.95222187 1 200.761398
0.145272751 0.914399981 -0.0319183666 -0.137227833 500.20874 0.00515785813 -5.98045778 1 200.556625
0.15050296 0.914399981 -0.0319745412 -0.139035538 495.963867 0.00434533646 -6.00695753 1 200.391083
0.155733378 0.914399981 -0.0320055905 -0.140455917 491.964508 0.00367714884 -6.0289669 1 200.263672
0.160963883 0.914399981 -0.0320127255 -0.141520217 488.204865 0.00303992303 -6.0502882 1 200.162903
0.166194369 0.914399981 -0.0319967639 -0.14226535 484.724365 0.00250198971 -6.06849146 1 200.087479
0.171424742 0.914399981 -0.0319588676 -0.142742783 481.538818 0.00213812524 -6.08083439 1 200.038971
0.176654918 0.914399981 -0.0318996742 -0.142986268 478.443817 0.00178963761 -6.09279823 1 200.011536
0.181884823 0.914399981 -0.0318201549 -0.142998531 475.297241 0.00145499059 -6.10440683 1 200.000565
0.187114396 0.914399981 -0.0317211302 -0.142800838 472.09967 0.00113258255 -6.11571407 1 200
0.192343579 0.914399981 -0.0316033046 -0.142407224 468.857178 0.000825280964 -6.12662029 1 200
0.19757232 0.914399981 -0.0314672587 -0.141820833 465.562775 0.000693996553 -6.13122606 1 200
0.202800579 0.914399981 -0.0313137956 -0.141061231 462.25354 0.000585934904 -6.13504076 1 200
0.208028317 0.914399981 -0.0311435451 -0.140153676 458.95929 0.000481307798 -6.13878155 1 200
0.213255503 0.914399981 -0.0309570807 -0.139106661 455.703705 0.000380137848 -6.14244509 1 200
0.218482107 0.914399981 -0.0307549813 -0.137922436 452.54715 0.000282450375 -6.14602947 1 200
0.223708107 0.914399981 -0.0305377972 -0.136608839 449.575348 0.000188187449 -6.14953613 1 200
0.22893348 0.914399981 -0.0303060301 -0.135179937 446.796967 0.000108651824 -6.15252876 1 200
0.234158209 0.914399981 -0.0300601815 -0.133652434 444.142365 8.50665456e-05 -6.15341043 1 200
0.23938228 0.914399981 -0.0298007221 -0.13203761 441.581696 6.21651052e-05 -6.15427685 1 200
0.244605681 0.914399981 -0.0295280944 -0.130342707 439.115326 3.99847922e-05 -6.15512514 1 200
0.249828401 0.914399981 -0.0292427309 -0.128576502 436.730377 1.84954715e-05 -6.15595627 1 200
0.255050433 0.914399981 -0.0289450446 -0.126745403 434.412231 0 -6.1566782 0 200
0.260271771 0.914399981 -0.0286354149 -0.124849617 432.141998 0 -6.1566782 0 200
0.26549241 0.914399981 -0.0283142147 -0.122888051 429.90152 0 -6.1566782 0 200
0.270712347 0.914399981 -0.0279818008 -0.120864242 427.679962 0 -6.1566782 0 200
0.27593158 0.914399981 -0.0276385094 -0.118783116 425.467285 0 -6.1566782 0 200
0.281150106 0.914399981 -0.0272846507 -0.116648458 423.250122 0 -6.1566782 0 200
0.286367928 0.914399981 -0.0269205391 -0.114464 421.023407 0 -6.1566782 0 200
0.291585044 0.914399981 -0.0265464598 -0.112232938 418.785553 0 -6.1566782 0 200
0.296801456 0.914399981 -0.026162682 -0.109957367 416.531372 0 -6.1566782 0 200
0.302017166 0.914399981 -0.0257694719 -0.107639141 414.262238 0 -6.1566782 0 200
0.307232175 0.914399981 -0.0253670784 -0.105279647 411.983337 0 -6.1566782 0 200
0.312446485 0.914399981 -0.0249557254 -0.102879383 409.699432 0 -6.1566782 0 200
0.317660098 0.914399981 -0.0245356365 -0.100438721 407.419678 0 -6.1566782 0 200
0.322873017 0.914399981 -0.0241070091 -0.0979579836 405.150146 0 -6.1566782 0 200
0.328085242 0.914399981 -0.0236700382 -0.0954375789 402.893738 0 -6.1566782 0 200
0.333296778 0.914399981 -0.0232249173 -0.0928779468 400.655853 0 -6.1566782 0 200
0.338507627 0.914399981 -0.0227718193 -0.0902789235 398.438446 0 -6.1566782 0 200
0.34371779 0.914399981 -0.0223109097 -0.0876400098 396.236237 0 -6.1566782 0 200
0.348927269 0.914399981 -0.0218423359 -0.0849591866 394.072906 0 -6.1566782 0 200
0.354136066 0.914399981 -0.0213662287 -0.0822309479 391.945343 0 -6.1566782 0 200
0.359344173 0.914399981 -0.0208826349 -0.0794518441 389.834595 0 -6.1566782 0 200
0.364551604 0.914399981 -0.0203918252 -0.0766222924 387.754974 0 -6.1566782 0 200
0.369758349 0.914399981 -0.0198937765 -0.0737433061 385.671783 0 -6.1566782 0 200
0.374964418 0.914399981 -0.0193887171 -0.0708135664 383.606903 0 -6.1566782 0 200
0.380169806 0.914399981 -0.0188766914 -0.0678316876 381.593262 0 -6.1566782 0 200
0.385374495 0.914399981 -0.0183576092 -0.0647861138 379.567413 0 -6.1566782 0 200
0.3905785 0.914399981 -0.017831701 -0.061670959 377.515961 0 -6.1566782 0 200
0.395781816 0.914399981 -0.0172990344 -0.0584910102 375.45752 0 -6.1566782 0 200
0.400984437 0.914399981 -0.0167596155 -0.0552384891 373.374969 0 -6.1566782 0 200
0.406186358 0.914399981 -0.0162134847 -0.0519032106 371.258942 0 -6.1566782 0 200
0.411387572 0.914399981 -0.0156606622 -0.0484765768 369.102692 0 -6.1566782 0 200
0.41658807 0.914399981 -0.0151011432 -0.0449497476 366.892059 0 -6.1566782 0 200
0.421787847 0.914399981 -0.0145349606 -0.041313868 364.62207 0 -6.1566782 0 200
0.426986892 0.914399981 -0.0139621037 -0.0375599489 362.283234 0 -6.1566782 0 200
0.432185198 0.914399981 -0.0133825758 -0.0336782672 359.857452 0 -6.1566782 0 200
0.437382758 0.914399981 -0.0127963907 -0.0296603236 357.318787 0 -6.1566782 0 200
0.44257956 0.914399981 -0.0122035309 -0.0254948288 354.680328 0 -6.1566782 0 200
0.447775593 0.914399981 -0.0116039653 -0.0211594272 351.922028 0 -6.1566782 0 200
0.452970829 0.914399981 -0.010997525 -0.0166332833 349.008484 0 -6.1566782 0 200
0.458165277 0.914399981 -0.0103843836 -0.0119026871 345.960022 0 -6.1566782 0 200
0.463358895 0.914399981 -0.00976424091 -0.00694681285 342.728973 0 -6.1566782 0 200
0.468551685 0.914399981 -0.0091372075 -0.00174197846 339.286011 0 -6.1566782 0 200
0.473743625 0.914399981 -0.00850317901 0.00373658421 335.633301 0 -6.1566782 0 200
0.478934691 0.914399981 -0.00786202568 0.00952154491 331.721771 0 -6.1566782 0 200
0.484124864 0.914399981 -0.00721368846 0.0156477485 327.511749 0 -6.1566782 0 200
0.489314124 0.914399981 -0.00655808534 0.0221541021 322.955902 0 -6.1566782 0 200
0.494502443 0.914399981 -0.0058950711 0.0290863309 318.012207 0 -6.1566782 0 200
0.4996898 0.914399981 -0.00522457041 0.0365085416 312.578583 0 -6.1566782 0 200
0.504876154 0.914399981 -0.00454636301 0.0444799885 306.558563 0 -6.1566782 0 200
0.510061507 0.914399981 -0.00386053955 0.0530942343 299.722229 0 -6.1566782 0 200
0.515245806 0.914399981 -0.00316679127 0.0624373294 292.637665 0 -6.1566782 0 200
0.520429033 0.914399981 -0.00246508118 0.072519511 285.759338 0 -6.1566782 0 200
0.525611137 0.914399981 -0.00175512585 0.0824073032 280.504181 0 -6.1566782 0 200
0.529475706 0.914399981 -0.00122013781 0.0907203406 283.527496 0 -6.1566782 0 200
0.53189073 0.914399981 -0.000883384809 0.0979916528 277.440674 0 -6.1566782 0 200
0.533400004 0.914399981 -0.000672082119 0.101142943 277.440674 0 -6.1566782 0 200

ZONE T="SLICE_Y_0p9144_BINS03_KS_0p5mm_CUTDATA_VAR_DENSITY"
0.533400014 0.914399981 -0.000522730118 0.0801247209 175.97287 0 -6.1566782 0 200
0.533400003 0.914399981 -0.000373378117 0.0892552659 211.857819 0 -6.1566782 0 200
0.533399994 0.914399981 -0.000224026115 0.0894285142 221.766388 0 -6.1566782 0 200
0.533399992 0.914399981 -7.46741123e-05 0.0909202844 220.042664 0 -6.1566782 0 200
0.53339999 0.914399981 7.46778902e-05 0.0905311108 204.211884 0 -6.1566782 0 200
0.533399987 0.914399981 0.000224029893 0.0892773867 183.965515 0 -6.1566782 0 200
0.533399991 0.914399981 0.000373381895 0.0886541903 157.581467 0 -6.1566782 0 200
0.533399998 0.914399981 0.000522733898 0.0833788291 135.648712 0 -6.1566782 0 200
0.533399998 0.914399981 0.000522733898 0.0833788291 173.720322 0 -6.1566782 0 200
0.533400004 0.914399981 0.000672085901 0.0975252166 161.824448 0 -6.1566782 0 200
0.531889626 0.914399981 0.000883543021 0.0956787094 155.141632 0 -6.1566782 0 200
0.529472835 0.914399981 0.00122054253 0.0902566165 162.240417 0 -6.1566782 0 200
0.525605437 0.914399981 0.00175591634 0.0823447555 171.006699 0 -6.1566782 0 200
0.520387177 0.914399981 0.00247079365 0.0722948015 181.461884 0 -6.1566782 0 200
0.515167777 0.914399981 0.00317729755 0.0610350482 191.977264 0 -6.1566782 0 200
0.509947294 0.914399981 0.00387575911 0.0496702828 201.80072 0 -6.1566782 0 200
0.504725739 0.914399981 0.00456616015 0.0383497477 211.08429 0 -6.1566782 0 200
0.49950317 0.914399981 0.0052488417 0.0271148738 219.849487 0 -6.1566782 0 200
0.494279585 0.914399981 0.00592371637 0.0159828011 228.157761 0 -6.1566782 0 200
0.489055024 0.914399981 0.00659098308 0.00497690355 235.999802 0 -6.1566782 0 200
0.483829516 0.914399981 0.00725080276 -0.00589379808 243.420868 0 -6.1566782 0 200
0.478603082 0.914399981 0.00790324113 -0.0166186728 250.462997 0 -6.1566782 0 200
0.473375741 0.914399981 0.00854837037 -0.0271945596 257.162048 0 -6.1566782 0 200
0.468147517 0.914399981 0.00918630773 -0.0376208685 263.547333 0 -6.1566782 0 200
0.462918428 0.914399981 0.00981711436 -0.0479007512 269.628448 0 -6.1566782 0 200
0.457688497 0.914399981 0.0104409023 -0.0580399185 275.439178 0 -6.1566782 0 200
0.452457744 0.914399981 0.0110577533 -0.0680442825 281.033417 0 -6.1566782 0 200
0.447226174 0.914399981 0.0116676411 -0.077920638 286.41272 0 -6.1566782 0 200
0.441993811 0.914399981 0.0122706903 -0.0876791254 291.583862 0 -6.1566782 0 200
0.436760673 0.914399981 0.0128669729 -0.0973279625 296.604919 0 -6.1566782 0 200
0.431526756 0.914399981 0.0134563837 -0.106872998 301.488983 0 -6.1566782 0 200
0.42629208 0.914399981 0.0140390161 -0.116322719 306.227966 0 -6.1566782 0 200
0.421056659 0.914399981 0.0146149103 -0.125686467 310.839661 0 -6.1566782 0 200
0.415820502 0.914399981 0.015184072 -0.134971544 315.343536 0 -6.1566782 0 200
0.410583615 0.914399981 0.0157464784 -0.14418453 319.74881 0 -6.1566782 0 200
0.405346006 0.914399981 0.0163021212 -0.15333271 324.064392 0 -6.1566782 0 200
0.400107682 0.914399981 0.0168509892 -0.162424624 328.282013 0 -6.1566782 0 200
0.39486865 0.914399981 0.0173930464 -0.171469137 332.40271 0 -6.1566782 0 200
0.389628915 0.914399981 0.0179282775 -0.180472225 336.481842 0 -6.1566782 0 200
0.384388468 0.914399981 0.0184564806 -0.189441457 340.522217 0 -6.1566782 0 200
0.379147326 0.914399981 0.0189777427 -0.198390722 344.466095 0 -6.1566782 0 200
0.373905493 0.914399981 0.0194920202 -0.207330897 348.336182 0 -6.1566782 0 200
0.368662974 0.914399981 0.0199992515 -0.216260552 352.213501 0 -6.1566782 0 200
0.363419747 0.914399981 0.0204991034 -0.225181073 356.034454 0 -6.1566782 0 200
0.358175833 0.914399981 0.0209917049 -0.234106019 359.750122 0 -6.1566782 0 200
0.35293124 0.914399981 0.0214770243 -0.243041575 363.450531 0 -6.1566782 0 200
0.347685943 0.914399981 0.0219546762 -0.251987249 367.123718 0 -6.1566782 0 200
0.342439956 0.914399981 0.0224246775 -0.260946214 370.727509 0 -6.1566782 0 200
0.337193274 0.914399981 0.022886873 -0.269918203 374.279358 0 -6.1566782 0 200
0.331945897 0.914399981 0.0233410934 -0.278909355 377.797913 0 -6.1566782 0 200
0.326697819 0.914399981 0.0237871572 -0.287938774 381.300537 0 -6.1566782 0 200
0.321449042 0.914399981 0.0242249091 -0.297018796 384.796814 0 -6.1566782 0 200
0.316199563 0.914399981 0.0246541594 -0.306156814 388.295837 0 -6.1566782 0 200
0.31094938 0.914399981 0.0250747152 -0.315359056 391.811798 0 -6.1566782 0 200
0.30569849 0.914399981 0.0254863453 -0.324628025 395.353638 0 -6.1566782 0 200
0.30044689 0.914399981 0.0258888253 -0.333968908 398.927765 0 -6.1566782 0 200
0.295194579 0.914399981 0.0262819186 -0.343389541 402.550598 0 -6.1566782 0 200
0.289941556 0.914399981 0.0266653645 -0.35289821 406.238403 0 -6.1566782 0 200
0.284687817 0.914399981 0.0270388892 -0.362504512 409.99942 0 -6.1566782 0 200
0.279433364 0.914399981 0.0274022156 -0.372218609 413.847443 0 -6.1566782 0 200
0.274178194 0.914399981 0.0277550418 -0.382049054 417.796051 0 -6.1566782 0 200
0.26892231 0.914399981 0.0280970466 -0.392003298 421.843567 0 -6.1566782 0 200
0.263665712 0.914399981 0.0284279095 -0.402086645 425.988251 0 -6.1566782 0 200
0.258408404 0.914399981 0.0287472792 -0.412301242 430.223938 0 -6.1566782 0 200
0.253150388 0.914399981 0.0290547785 -0.422646284 434.522522 0 -6.1566782 0 200
0.24789167 0.914399981 0.029350039 -0.433119416 438.856293 0 -6.1566782 0 200
0.242632257 0.914399981 0.0296326447 -0.44372046 443.277679 0 -6.1566782 0 200
0.237372158 0.914399981 0.0299021587 -0.454458088 447.847748 0 -6.1566782 0 200
0.232111382 0.914399981 0.0301581534 -0.46534273 452.512665 0 -6.1566782 0 200
0.226849945 0.914399981 0.0304001649 -0.476379424 457.207611 0 -6.1566782 0 200
0.221587862 0.914399981 0.0306276975 -0.487575054 461.917419 0 -6.1566782 0 200
0.216325153 0.914399981 0.0308402437 -0.498939246 466.63562 0 -6.1566782 0 200
0.21106184 0.914399981 0.0310372729 -0.51047641 471.36615 0 -6.1566782 0 200
0.205797949 0.914399981 0.0312182107 -0.52219367 476.112244 0 -6.1566782 0 200
0.20053351 0.914399981 0.0313824637 -0.534100652 480.843872 0 -6.1566782 0 200
0.195268561 0.914399981 0.0315294021 -0.546116948 485.556458 0 -6.1566782 0 200
0.190003138 0.914399981 0.0316582759 -0.558323443 490.466675 0 -6.1566782 0 200
0.184737291 0.914399981 0.0317684961 -0.570818543 495.7659 0 -6.1566782 0 200
0.179471075 0.914399981 0.0318593786 -0.583562195 501.412354 0 -6.1566782 0 200
0.174204549 0.914399981 0.0319299712 -0.596569777 507.398895 0 -6.1566782 0 200
0.168937782 0.914399981 0.0319795369 -0.609851182 513.706055 0 -6.1566782 0 200
0.163670856 0.914399981 0.032007329 -0.623406529 520.345581 0 -6.1566782 0 200
0.158403858 0.914399981 0.0320121358 -0.637218833 527.261658 0 -6.1566782 0 200
0.153136892 0.914399981 0.0319933032 -0.651272893 534.387878 0 -6.1566782 0 200
0.147870075 0.914399981 0.0319494548 -0.665590644 541.784058 0 -6.1566782 0 200
0.142603537 0.914399981 0.0318797055 -0.680279613 549.431946 0 -6.1566782 0 200
0.137332117 0.914399981 0.0317827372 -0.694968879 557.507446 0 -6.1566782 0 200
0.132312279 0.914399981 0.0316637279 -0.70957613 565.553772 0 -6.1566782 0 200
0.12753214 0.914399981 0.0315253577 -0.72376883 573.308533 0 -6.1566782 0 200
0.12298038 0.914399981 0.0313697051 -0.737606347 580.768616 0 -6.1566782 0 200
0.118646203 0.914399981 0.0311988564 -0.751084745 587.970093 0 -6.1566782 0 200
0.114519318 0.914399981 0.0310146577 -0.764239848 594.962524 0 -6.1566782 0 200
0.110589903 0.914399981 0.0308190624 -0.77708745 601.869385 0 -6.1566782 0 200
0.106848603 0.914399981 0.0306136835 -0.789631546 608.820068 0 -6.1566782 0 200
0.103286492 0.914399981 0.0304001076 -0.801864743 615.705261 0 -6.1566782 0 200
0.0998950796 0.914399981 0.0301795251 -0.813778341 622.344116 0 -6.1566782 0 200
0.0966662415 0.914399981 0.0299534701 -0.825388253 628.720886 0 -6.1566782 0 200
0.0935922549 0.914399981 0.0297230389 -0.836714625 634.982727 0 -6.1566782 0 200
0.0906657593 0.914399981 0.0294892388 -0.84761858 642.204224 0 -6.1566782 0 200
0.0878797114 0.914399981 0.0292533156 -0.858423471 649.151611 0 -6.1566782 0 200
0.0850066387 0.914399981 0.0289956182 -0.869479895 655.446045 0 -6.1566782 0 200
0.0821349562 0.914399981 0.0287228672 -0.881204009 662.010681 0 -6.1566782 0 200
0.0792647788 0.914399981 0.0284347081 -0.893190384 668.914856 0 -6.1566782 0 200
0.0763962916 0.914399981 0.0281301823 -0.905534744 676.269897 0 -6.1566782 0 200
0.073529659 0.914399981 0.0278086664 -0.91819948 683.861511 0 -6.1566782 0 200
0.0706650598 0.914399981 0.0274695118 -0.931256533 691.490723 0 -6.1566782 0 200
0.0678027103 0.914399981 0.0271118665 -0.944704771 699.127258 0 -6.1566782 0 200
0.0649428655 0.914399981 0.0267347158 -0.958574176 707.311707 0 -6.1566782 0 200
0.0620857911 0.914399981 0.0263371217 -0.972957551 716.490051 0 -6.1566782 0 200
0.0592317756 0.914399981 0.0259181347 -0.987896919 726.230347 0 -6.1566782 0 200
0.0563811831 0.914399981 0.0254764594 -1.00334096 736.070801 0 -6.1566782 0 200
0.0535344322 0.914399981 0.0250106649 -1.0193063 746.449219 0 -6.1566782 0 200
0.0506919691 0.914399981 0.0245193824 -1.03592002 758.121948 0 -6.1566782 0 200
0.0478543174 0.914399981 0.0240010312 -1.05322349 770.525635 0 -6.1566782 0 200
0.0450221277 0.914399981 0.0234536227 -1.07113254 782.621826 0 -6.1566782 0 200
0.0421961657 0.914399981 0.0228749229 -1.08975339 794.535522 0 -6.1566782 0 200
0.0393772455 0.914399981 0.0222628408 -1.10931718 806.607849 0 -6.1566782 0 200
0.0365665062 0.914399981 0.0216142272 -1.12991762 818.260925 0 -6.1566782 0 200
0.0337652355 0.914399981 0.0209258688 -1.15165854 829.610901 0 -6.1566782 0 200
0.030974981 0.914399981 0.0201941353 -1.17456162 841.864441 0 -6.1566782 0 200
0.0281977916 0.914399981 0.0194142812 -1.1984719 855.935303 0.00510594156 -6.05403471 1 200.608231
0.0254362765 0.914399981 0.0185806212 -1.22371233 872.489136 0.0120674213 -5.91883707 1 203.960907
0.0226935633 0.914399981 0.0176870447 -1.25055575 893.539612 0.0199769158 -5.77222395 1 211.393478
0.019974299 0.914399981 0.0167244661 -1.2790128 922.236511 0.0291467402 -5.61335802 1 224.48912
0.0172842431 0.914399981 0.0156830468 -1.30792344 964.009399 0.0399112776 -5.4453516 1 245.275177
0.014631972 0.914399981 0.0145488436 -1.33471525 1028.01855 0.0528575107 -5.27416992 1 276.73407
0.0120296493 0.914399981 0.0133043047 -1.35858166 1112.85278 0.0688051283 -5.09897852 1 274.900116
0.00949597026 0.914399981 0.0119253821 -1.37168217 1203.12585 0.099057667 -4.74360847 1 238.263077
0.00706055144 0.914399981 0.0103795199 -1.35618484 1289.89417 0.172921106 -3.8576932 1 309.633331
0.00499055156 0.914399981 0.0088038206 -1.30047023 1362.88928 0.261385381 -2.86798811 1 434.182861
0.00334364669 0.914399981 0.00726725598 -1.18887663 1416.94824 0.351921469 -1.90346479 1 580.594238
0.00207972855 0.914399981 0.00577412377 -1.00015712 1442.86816 0.442126751 -0.917490363 1 662.517761
0.00114131536 0.914399981 0.00430875286 -0.729526639 1418.88635 0.540783346 0 0.981400073 747.612305
0.000503666188 0.914399981 0.0028810601 -0.380341083 1322.56201 0.627021134 0 0.877325594 804.172668
0.000125719948 0.914399981 0.00143752653 0.00390965957 1150.80627 0.686993659 0 0.621486068 843.484253
-8.18412707e-09 0.914399981 -7.8016762e-10 0.37950021 907.18689 0.716398716 0 0.49887836 858.58905
0.000126934641 0.914399981 -0.00144446513 0.691269219 643.82428 0.712535262 0 0.442937076 865.174927
0.000508520665 0.914399981 -0.00289473825 0.897415876 411.31839 0.682337224 0 0.465850979 862.470825
0.00115247582 0.914399981 -0.00432942346 0.997741461 340.911835 0.635003507 0 0.4644638 862.341675
0.00210016721 0.914399981 -0.0058017823 1.00999904 396.557739 0.576349735 0 0.396031469 868.697998
0.00337666068 0.914399981 -0.00730159848 0.954384685 465.050781 0.512562752 0 0.388509542 862.898132
0.0050405912 0.914399981 -0.00884592955 0.860999823 546.707825 0.448962182 0 0.433415234 837.949768
0.00713523378 0.914399981 -0.0104310483 0.75475359 610.528503 0.39000079 0 0.503604293 789.62085
0.00958647176 0.914399981 -0.0119781399 0.650103927 640.546265 0.339313328 0 0.60773766 714.231506
0.0121356101 0.914399981 -0.0133579813 0.556215286 646.372009 0.296946138 0 0.806387246 585.470764
0.0147530995 0.914399981 -0.014603302 0.478090048 645.152527 0.261698782 0 0.962689042 466.412323
0.0174203582 0.914399981 -0.0157381165 0.411854893 644.151184 0.234540582 0 0.999078691 416.901123
0.0201252334 0.914399981 -0.0167800977 0.355574846 645.256836 0.211024567 -0.576789618 1 387.471344
0.0228592225 0.914399981 -0.0177431027 0.307078719 646.674561 0.190161377 -1.13739431 1 356.347961
0.0256165782 0.914399981 -0.0186370073 0.264788985 646.272949 0.171495929 -1.62553859 1 328.175293
0.0283926967 0.914399981 -0.0194708192 0.227999419 643.557312 0.154601961 -2.05341721 1 303.917206
0.0311844239 0.914399981 -0.0202507768 0.195534453 639.367615 0.139300406 -2.43444371 1 283.669159
0.0339891752 0.914399981 -0.0209825178 0.166409507 635.287598 0.125316441 -2.78603053 1 266.930267
0.0368049015 0.914399981 -0.0216708211 0.140188888 631.51532 0.112447999 -3.11374235 1 253.190048
0.0396300789 0.914399981 -0.0223192419 0.116751082 627.510376 0.10062445 -3.41614723 1 242.023224
0.0424633979 0.914399981 -0.0229311074 0.0957237482 623.637451 0.0896883532 -3.69879246 1 232.960648
0.0453037455 0.914399981 -0.023509469 0.0766827464 620.062683 0.0795419961 -3.96435094 1 225.620361
0.0481502998 0.914399981 -0.0240564656 0.0592721067 616.138184 0.0701911375 -4.20990896 1 219.756134
0.0510022973 0.914399981 -0.024574333 0.0433071852 611.639771 0.0615603365 -4.43691826 1 215.067352
0.0538590865 0.914399981 -0.0250650795 0.0286539216 607.004272 0.0535970554 -4.64815187 1 211.381989
0.0567201524 0.914399981 -0.0255302443 0.015211991 602.690125 0.0463388525 -4.84318638 1 208.533798
0.059585043 0.914399981 -0.0259712413 0.0028514443 598.6026 0.0426369458 -4.94048738 1 207.371811
0.0624533453 0.914399981 -0.0263894741 -0.00857118424 594.433594 0.0405135192 -4.99400091 1 207.823029
0.0653246926 0.914399981 -0.0267862625 -0.0191322658 590.1474 0.0384911895 -5.04477787 1 208.802811
0.0681988043 0.914399981 -0.0271625051 -0.0288705956 585.925293 0.0365689211 -5.09314537 1 210.12291
0.0710754046 0.914399981 -0.0275192225 -0.0378384963 582.048401 0.0347356386 -5.13988256 1 211.327896
0.0739542439 0.914399981 -0.0278573947 -0.0461445302 578.386536 0.0329756998 -5.18520641 1 212.424927
0.0768351094 0.914399981 -0.0281778483 -0.0538827404 574.692444 0.0312816761 -5.22903299 1 213.264999
0.0797178166 0.914399981 -0.0284812889 -0.0610684752 570.951965 0.0296691731 -5.2707653 1 213.707199
0.0826021992 0.914399981 -0.0287683655 -0.0677509904 567.270752 0.0281560589 -5.31022167 1 214.074493
0.085488093 0.914399981 -0.029039831 -0.0739526674 562.986694 0.0266868211 -5.3479743 1 213.740967
0.0883753581 0.914399981 -0.0292963007 -0.0798665434 558.874268 0.0252139531 -5.38664055 1 213.338058
0.0912861707 0.914399981 -0.0295400445 -0.0855610594 555.634033 0.0237291269 -5.42747736 1 212.57222
0.0943437574 0.914399981 -0.0297807929 -0.0908716843 552.199158 0.0222295597 -5.46902847 1 211.631332
0.0975554607 0.914399981 -0.0300173411 -0.0960117355 548.458008 0.0207190719 -5.51120758 1 210.584
0.100928968 0.914399981 -0.0302485783 -0.100988992 544.469299 0.0191834457 -5.55451584 1 209.399597
0.104472352 0.914399981 -0.0304731454 -0.105775215 540.310608 0.0176064149 -5.59964943 1 208.153427
0.10819407 0.914399981 -0.0306897938 -0.110358596 536.150757 0.0160010159 -5.64645624 1 206.782211
0.112103015 0.914399981 -0.0308967499 -0.114700153 532.110046 0.0143746054 -5.69477654 1 205.468918
0.116208485 0.914399981 -0.0310926243 -0.11879725 527.989746 0.0127154943 -5.74492168 1 204.28743
0.120520258 0.914399981 -0.0312754484 -0.122639544 523.565063 0.0110331886 -5.79635286 1 203.127197
0.125048577 0.914399981 -0.0314433098 -0.126199782 518.844238 0.00933940243 -5.84886551 1 202.20665
0.129804183 0.914399981 -0.0315942464 -0.129490063 513.98407 0.00764035853 -5.90248013 1 201.428711
0.134798348 0.914399981 -0.0317259661 -0.132463574 509.292603 0.00595897576 -5.95659065 1 200.830872
0.140042888 0.914399981 -0.0318361112 -0.135024562 504.673767 0.00434802985 -6.00934029 1 200.411163
0.145272751 0.914399981 -0.0319183666 -0.137227833 500.20874 0.00283267931 -6.05983162 1 200.14978
0.15050296 0.914399981 -0.0319745412 -0.139035538 495.963867 0.00141149922 -6.10800266 1 200.022308
0.155733378 0.914399981 -0.0320055905 -0.140455917 491.964508 9.96639283e-05 -6.1532135 1 200
0.160963883 0.914399981 -0.0320127255 -0.141520217 488.204865 0 -6.1566782 0 200
0.166194369 0.914399981 -0.0319967639 -0.14226535 484.724365 0 -6.1566782 0 200
0.171424742 0.914399981 -0.0319588676 -0.142742783 481.538818 0 -6.1566782 0 200
0.176654918 0.914399981 -0.0318996742 -0.142986268 478.443817 0 -6.1566782 0 200
0.181884823 0.914399981 -0.0318201549 -0.142998531 475.297241 0 -6.1566782 0 200
0.187114396 0.914399981 -0.0317211302 -0.142800838 472.09967 0 -6.1566782 0 200
0.192343579 0.914399981 -0.0316033046 -0.142407224 468.857178 0 -6.1566782 0 200
0.19757232 0.914399981 -0.0314672587 -0.141820833 465.562775 0 -6.1566782 0 200
0.202800579 0.914399981 -0.0313137956 -0.141061231 462.25354 0 -6.1566782 0 200
0.208028317 0.914399981 -0.0311435451 -0.140153676 458.95929 0 -6.1566782 0 200
0.213255503 0.914399981 -0.0309570807 -0.139106661 455.703705 0 -6.1566782 0 200
0.218482107 0.914399981 -0.0307549813 -0.137922436 452.54715 0 -6.1566782 0 200
0.223708107 0.914399981 -0.0305377972 -0.136608839 449.575348 0 -6.1566782 0 200
0.22893348 0.914399981 -0.0303060301 -0.135179937 446.796967 0 -6.1566782 0 200
0.234158209 0.914399981 -0.0300601815 -0.133652434 444.142365 0 -6.1566782 0 200
0.23938228 0.914399981 -0.0298007221 -0.13203761 441.581696 0 -6.1566782 0 200
0.244605681 0.914399981 -0.0295280944 -0.130342707 439.115326 0 -6.1566782 0 200
0.249828401 0.914399981 -0.0292427309 -0.128576502 436.730377 0 -6.1566782 0 200
0.255050433 0.914399981 -0.0289450446 -0.126745403 434.412231 0 -6.1566782 0 200
0.260271771 0.914399981 -0.0286354149 -0.124849617 432.141998 0 -6.1566782 0 200
0.26549241 0.914399981 -0.0283142147 -0.122888051 429.90152 0 -6.1566782 0 200
0.270712347 0.914399981 -0.0279818008 -0.120864242 427.679962 0 -6.1566782 0 200
0.27593158 0.914399981 -0.0276385094 -0.118783116 425.467285 0 -6.1566782 0 200
0.281150106 0.914399981 -0.0272846507 -0.116648458 423.250122 0 -6.1566782 0 200
0.286367928 0.914399981 -0.0269205391 -0.114464 421.023407 0 -6.1566782 0 200
0.291585044 0.914399981 -0.0265464598 -0.112232938 418.785553 0 -6.1566782 0 200
0.296801456 0.914399981 -0.026162682 -0.109957367 416.531372 0 -6.1566782 0 200
0.302017166 0.914399981 -0.0257694719 -0.107639141 414.262238 0 -6.1566782 0 200
0.307232175 0.914399981 -0.0253670784 -0.105279647 411.983337 0 -6.1566782 0 200
0.312446485 0.914399981 -0.0249557254 -0.102879383 409.699432 0 -6.1566782 0 200
0.317660098 0.914399981 -0.0245356365 -0.100438721 407.419678 0 -6.1566782 0 200
0.322873017 0.914399981 -0.0241070091 -0.0979579836 405.150146 0 -6.1566782 0 200
0.328085242 0.914399981 -0.0236700382 -0.0954375789 402.893738 0 -6.1566782 0 200
0.333296778 0.914399981 -0.0232249173 -0.0928779468 400.655853 0 -6.1566782 0 200
0.338507627 0.914399981 -0.0227718193 -0.0902789235 398.438446 0 -6.1566782 0 200
0.34371779 0.914399981 -0.0223109097 -0.0876400098 396.236237 0 -6.1566782 0 200
0.348927269 0.914399981 -0.0218423359 -0.0849591866 394.072906 0 -6.1566782 0 200
0.354136066 0.914399981 -0.0213662287 -0.0822309479 391.945343 0 -6.1566782 0 200
0.359344173 0.914399981 -0.0208826349 -0.0794518441 389.834595 0 -6.1566782 0 200
0.364551604 0.914399981 -0.0203918252 -0.0766222924 387.754974 0 -6.1566782 0 200
0.369758349 0.914399981 -0.0198937765 -0.0737433061 385.671783 0 -6.1566782 0 200
0.374964418 0.914399981 -0.0193887171 -0.0708135664 383.606903 0 -6.1566782 0 200
0.380169806 0.914399981 -0.0188766914 -0.0678316876 381.593262 0 -6.1566782 0 200
0.385374495 0.914399981 -0.0183576092 -0.0647861138 379.567413 0 -6.1566782 0 200
0.3905785 0.914399981 -0.017831701 -0.061670959 377.515961 0 -6.1566782 0 200
0.395781816 0.914399981 -0.0172990344 -0.0584910102 375.45752 0 -6.1566782 0 200
0.400984437 0.914399981 -0.0167596155 -0.0552384891 373.374969 0 -6.1566782 0 200
0.406186358 0.914399981 -0.0162134847 -0.0519032106 371.258942 0 -6.1566782 0 200
0.411387572 0.914399981 -0.0156606622 -0.0484765768 369.102692 0 -6.1566782 0 200
0.41658807 0.914399981 -0.0151011432 -0.0449497476 366.892059 0 -6.1566782 0 200
0.421787847 0.914399981 -0.0145349606 -0.041313868 364.62207 0 -6.1566782 0 200
0.426986892 0.914399981 -0.0139621037 -0.0375599489 362.283234 0 -6.1566782 0 200
0.432185198 0.914399981 -0.0133825758 -0.0336782672 359.857452 0 -6.1566782 0 200
0.437382758 0.914399981 -0.0127963907 -0.0296603236 357.318787 0 -6.1566782 0 200
0.44257956 0.914399981 -0.0122035309 -0.0254948288 354.680328 0 -6.1566782 0 200
0.447775593 0.914399981 -0.0116039653 -0.0211594272 351.922028 0 -6.1566782 0 200
0.452970829 0.914399981 -0.010997525 -0.0166332833 349.008484 0 -6.1566782 0 200
0.458165277 0.914399981 -0.0103843836 -0.0119026871 345.960022 0 -6.1566782 0 200
0.463358895 0.914399981 -0.00976424091 -0.00694681285 342.728973 0 -6.1566782 0 200
0.468551685 0.914399981 -0.0091372075 -0.00174197846 339.286011 0 -6.1566782 0 200
0.473743625 0.914399981 -0.00850317901 0.00373658421 335.633301 0 -6.1566782 0 200
0.478934691 0.914399981 -0.00786202568 0.00952154491 331.721771 0 -6.1566782 0 200
0.484124864 0.914399981 -0.00721368846 0.0156477485 327.511749 0 -6.1566782 0 200
0.489314124 0.914399981 -0.00655808534 0.0221541021 322.955902 0 -6.1566782 0 200
0.494502443 0.914399981 -0.0058950711 0.0290863309 318.012207 0 -6.1566782 0 200
0.4996898 0.914399981 -0.00522457041 0.0365085416 312.578583 0 -6.1566782 0 200
0.504876154 0.914399981 -0.00454636301 0.0444799885 306.558563 0 -6.1566782 0 200
0.510061507 0.914399981 -0.00386053955 0.0530942343 299.722229 0 -6.1566782 0 200
0.515245806 0.914399981 -0.00316679127 0.0624373294 292.637665 0 -6.1566782 0 200
0.520429033 0.914399981 -0.00246508118 0.072519511 285.759338 0 -6.1566782 0 200
0.525611137 0.914399981 -0.00175512585 0.0824073032 280.504181 0 -6.1566782 0 200
0.529475706 0.914399981 -0.00122013781 0.0907203406 283.527496 0 -6.1566782 0 200
0.53189073 0.914399981 -0.000883384809 0.0979916528 277.440674 0 -6.1566782 0 200
0.533400004 0.914399981 -0.000672082119 0.101142943 277.440674 0 -6.1566782 0 200

ZONE T="SLICE_Y_0p9144_BINS07_KS_0p5mm_CUTDATA_VAR_DENSITY"
0.533400014 0.914399981 -0.000522730118 0.0801247209 175.97287 0 -6.1566782 0 200
0.533400003 0.914399981 -0.000373378117 0.0892552659 211.857819 0 -6.1566782 0 200
0.533399994 0.914399981 -0.000224026115 0.0894285142 221.766388 0 -6.1566782 0 200
0.533399992 0.914399981 -7.46741123e-05 0.0909202844 220.042664 0 -6.1566782 0 200
0.53339999 0.914399981 7.46778902e-05 0.0905311108 204.211884 0 -6.1566782 0 200
0.533399987 0.914399981 0.000224029893 0.0892773867 183.965515 0 -6.1566782 0 200
0.533399991 0.914399981 0.000373381895 0.0886541903 157.581467 0 -6.1566782 0 200
0.533399998 0.914399981 0.000522733898 0.0833788291 135.648712 0 -6.1566782 0 200
0.533399998 0.914399981 0.000522733898 0.0833788291 173.720322 0 -6.1566782 0 200
0.533400004 0.914399981 0.000672085901 0.0975252166 161.824448 0 -6.1566782 0 200
0.531889626 0.914399981 0.000883543021 0.0956787094 155.141632 0 -6.1566782 0 200
0.529472835 0.914399981 0.00122054253 0.0902566165 162.240417 0 -6.1566782 0 200
0.525605437 0.914399981 0.00175591634 0.0823447555 171.006699 0 -6.1566782 0 200
0.520387177 0.914399981 0.00247079365 0.0722948015 181.461884 0 -6.1566782 0 200
0.515167777 0.914399981 0.00317729755 0.0610350482 191.977264 0 -6.1566782 0 200
0.509947294 0.914399981 0.00387575911 0.0496702828 201.80072 0 -6.1566782 0 200
0.504725739 0.914399981 0.00456616015 0.0383497477 211.08429 0 -6.1566782 0 200
0.49950317 0.914399981 0.0052488417 0.0271148738 219.849487 0 -6.1566782 0 200
0.494279585 0.914399981 0.00592371637 0.0159828011 228.157761 0 -6.1566782 0 200
0.489055024 0.914399981 0.00659098308 0.00497690355 235.999802 0 -6.1566782 0 200
0.483829516 0.914399981 0.00725080276 -0.00589379808 243.420868 0 -6.1566782 0 200
0.478603082 0.914399981 0.00790324113 -0.0166186728 250.462997 0 -6.1566782 0 200
0.473375741 0.914399981 0.00854837037 -0.0271945596 257.162048 0 -6.1566782 0 200
0.468147517 0.914399981 0.00918630773 -0.0376208685 263.547333 0 -6.1566782 0 200
0.462918428 0.914399981 0.00981711436 -0.0479007512 269.628448 0 -6.1566782 0 200
0.457688497 0.914399981 0.0104409023 -0.0580399185 275.439178 0 -6.1566782 0 200
0.452457744 0.914399981 0.0110577533 -0.0680442825 281.033417 0 -6.1566782 0 200
0.447226174 0.914399981 0.0116676411 -0.077920638 286.41272 0 -6.1566782 0 200
0.441993811 0.914399981 0.0122706903 -0.0876791254 291.583862 0 -6.1566782 0 200
0.436760673 0.914399981 0.0128669729 -0.0973279625 296.604919 0 -6.1566782 0 200
0.431526756 0.914399981 0.0134563837 -0.106872998 301.488983 0 -6.1566782 0 200
0.42629208 0.914399981 0.0140390161 -0.116322719 306.227966 0 -6.1566782 0 200
0.421056659 0.914399981 0.0146149103 -0.125686467 310.839661 0 -6.1566782 0 200
0.415820502 0.914399981 0.015184072 -0.134971544 315.343536 0 -6.1566782 0 200
0.410583615 0.914399981 0.0157464784 -0.14418453 319.74881 0 -6.1566782 0 200
0.405346006 0.914399981 0.0163021212 -0.15333271 324.064392 0 -6.1566782 0 200
0.400107682 0.914399981 0.0168509892 -0.162424624 328.282013 0 -6.1566782 0 200
0.39486865 0.914399981 0.0173930464 -0.171469137 332.40271 0 -6.1566782 0 200
0.389628915 0.914399981 0.0179282775 -0.180472225 336.481842 0 -6.1566782 0 200
0.384388468 0.914399981 0.0184564806 -0.189441457 340.522217 0 -6.1566782 0 200
0.379147326 0.914399981 0.0189777427 -0.198390722 344.466095 0 -6.1566782 0 200
0.373905493 0.914399981 0.0194920202 -0.207330897 348.336182 0 -6.1566782 0 200
0.368662974 0.914399981 0.0199992515 -0.216260552 352.213501 0 -6.1566782 0 200
0.363419747 0.914399981 0.0204991034 -0.225181073 356.034454 0 -6.1566782 0 200
0.358175833 0.914399981 0.0209917049 -0.234106019 359.750122 0 -6.1566782 0 200
0.35293124 0.914399981 0.0214770243 -0.243041575 363.450531 0 -6.1566782 0 200
0.347685943 0.914399981 0.0219546762 -0.251987249 367.123718 0 -6.1566782 0 200
0.342439956 0.914399981 0.0224246775 -0.260946214 370.727509 0 -6.1566782 0 200
0.337193274 0.914399981 0.022886873 -0.269918203 374.279358 0 -6.1566782 0 200
0.331945897 0.914399981 0.0233410934 -0.278909355 377.797913 0 -6.1566782 0 200
0.326697819 0.914399981 0.0237871572 -0.287938774 381.300537 0 -6.1566782 0 200
0.321449042 0.914399981 0.0242249091 -0.297018796 384.796814 0 -6.1566782 0 200
0.316199563 0.914399981 0.0246541594 -0.306156814 388.295837 0 -6.1566782 0 200
0.31094938 0.914399981 0.0250747152 -0.315359056 391.811798 0 -6.1566782 0 200
0.30569849 0.914399981 0.0254863453 -0.324628025 395.353638 0 -6.1566782 0 200
0.30044689 0.914399981 0.0258888253 -0.333968908 398.927765 0 -6.1566782 0 200
0.295194579 0.914399981 0.0262819186 -0.343389541 402.550598 0 -6.1566782 0 200
0.289941556 0.914399981 0.0266653645 -0.35289821 406.238403 0 -6.1566782 0 200
0.284687817 0.914399981 0.0270388892 -0.362504512 409.99942 0 -6.1566782 0 200
0.279433364 0.914399981 0.0274022156 -0.372218609 413.847443 0 -6.1566782 0 200
0.274178194 0.914399981 0.0277550418 -0.382049054 417.796051 0 -6.1566782 0 200
0.26892231 0.914399981 0.0280970466 -0.392003298 421.843567 0 -6.1566782 0 200
0.263665712 0.914399981 0.0284279095 -0.402086645 425.988251 0 -6.1566782 0 200
0.258408404 0.914399981 0.0287472792 -0.412301242 430.223938 0 -6.1566782 0 200
0.253150388 0.914399981 0.0290547785 -0.422646284 434.522522 0 -6.1566782 0 200
0.24789167 0.914399981 0.029350039 -0.433119416 438.856293 0 -6.1566782 0 200
0.242632257 0.914399981 0.0296326447 -0.44372046 443.277679 0 -6.1566782 0 200
0.237372158 0.914399981 0.0299021587 -0.454458088 447.847748 0 -6.1566782 0 200
0.232111382 0.914399981 0.0301581534 -0.46534273 452.512665 0 -6.1566782 0 200
0.226849945 0.914399981 0.0304001649 -0.476379424 457.207611 0 -6.1566782 0 200
0.221587862 0.914399981 0.0306276975 -0.487575054 461.917419 0 -6.1566782 0 200
0.216325153 0.914399981 0.0308402437 -0.498939246 466.63562 0 -6.1566782 0 200
0.21106184 0.914399981 0.0310372729 -0.51047641 471.36615 0 -6.1566782 0 200
0.205797949 0.914399981 0.0312182107 -0.52219367 476.112244 0 -6.1566782 0 200
0.20053351 0.914399981 0.0313824637 -0.534100652 480.843872 0 -6.1566782 0 200
0.195268561 0.914399981 0.0315294021 -0.546116948 485.556458 0 -6.1566782 0 200
0.190003138 0.914399981 0.0316582759 -0.558323443 490.466675 0 -6.1566782 0 200
0.184737291 0.914399981 0.0317684961 -0.570818543 495.7659 0 -6.1566782 0 200
0.179471075 0.914399981 0.0318593786 -0.583562195 501.412354 0 -6.1566782 0 200
0.174204549 0.914399981 0.0319299712 -0.596569777 507.398895 0 -6.1566782 0 200
0.168937782 0.914399981 0.0319795369 -0.609851182 513.706055 0 -6.1566782 0 200
0.163670856 0.914399981 0.032007329 -0.623406529 520.345581 0 -6.1566782 0 200
0.158403858 0.914399981 0.0320121358 -0.637218833 527.261658 0 -6.1566782 0 200
0.153136892 0.914399981 0.0319933032 -0.651272893 534.387878 0 -6.1566782 0 200
0.147870075 0.914399981 0.0319494548 -0.665590644 541.784058 0 -6.1566782 0 200
0.142603537 0.914399981 0.0318797055 -0.680279613 549.431946 0 -6.1566782 0 200
0.137332117 0.914399981 0.0317827372 -0.694968879 557.507446 0 -6.1566782 0 200
0.132312279 0.914399981 0.0316637279 -0.70957613 565.553772 0 -6.1566782 0 200
0.12753214 0.914399981 0.0315253577 -0.72376883 573.308533 0 -6.1566782 0 200
0.12298038 0.914399981 0.0313697051 -0.737606347 580.768616 0 -6.1566782 0 200
0.118646203 0.914399981 0.0311988564 -0.751084745 587.970093 0 -6.1566782 0 200
0.114519318 0.914399981 0.0310146577 -0.764239848 594.962524 0 -6.1566782 0 200
0.110589903 0.914399981 0.0308190624 -0.77708745 601.869385 0 -6.1566782 0 200
0.106848603 0.914399981 0.0306136835 -0.789631546 608.820068 0 -6.1566782 0 200
0.103286492 0.914399981 0.0304001076 -0.801864743 615.705261 0 -6.1566782 0 200
0.0998950796 0.914399981 0.0301795251 -0.813778341 622.344116 0 -6.1566782 0 200
0.0966662415 0.914399981 0.0299534701 -0.825388253 628.720886 0 -6.1566782 0 200
0.0935922549 0.914399981 0.0297230389 -0.836714625 634.982727 0 -6.1566782 0 200
0.0906657593 0.914399981 0.0294892388 -0.84761858 642.204224 0 -6.1566782 0 200
0.0878797114 0.914399981 0.0292533156 -0.858423471 649.151611 0 -6.1566782 0 200
0.0850066387 0.914399981 0.0289956182 -0.869479895 655.446045 0 -6.1566782 0 200
0.0821349562 0.914399981 0.0287228672 -0.881204009 662.010681 0 -6.1566782 0 200
0.0792647788 0.914399981 0.0284347081 -0.893190384 668.914856 0 -6.1566782 0 200
0.0763962916 0.914399981 0.0281301823 -0.905534744 676.269897 0 -6.1566782 0 200
0.073529659 0.914399981 0.0278086664 -0.91819948 683.861511 0 -6.1566782 0 200
0.0706650598 0.914399981 0.0274695118 -0.931256533 691.490723 0 -6.1566782 0 200
0.0678027103 0.914399981 0.0271118665 -0.944704771 699.127258 2.14596057e-05 -6.15615129 1 200
0.0649428655 0.914399981 0.0267347158 -0.958574176 707.311707 8.79436702e-05 -6.15454435 1 200
0.0620857911 0.914399981 0.0263371217 -0.972957551 716.490051 0.000158635798 -6.15288067 1 200
0.0592317756 0.914399981 0.0259181347 -0.987896919 726.230347 0.000233535116 -6.15116882 1 200
0.0563811831 0.914399981 0.0254764594 -1.00334096 736.070801 0.000311944488 -6.14942646 1 200
0.0535344322 0.914399981 0.0250106649 -1.0193063 746.449219 0.000393781578 -6.14765692 1 200
0.0506919691 0.914399981 0.0245193824 -1.03592002 758.121948 0.000479895389 -6.1458497 1 200
0.0478543174 0.914399981 0.0240010312 -1.05322349 770.525635 0.000571386307 -6.14397001 1 200
0.0450221277 0.914399981 0.0234536227 -1.07113254 782.621826 0.000668583729 -6.14199686 1 200
0.0421961657 0.914399981 0.0228749229 -1.08975339 794.535522 0.00167875271 -6.12036133 1 200.144226
0.0393772455 0.914399981 0.0222628408 -1.10931718 806.607849 0.0029571224 -6.09370899 1 200.915482
0.0365665062 0.914399981 0.0216142272 -1.12991762 818.260925 0.0043402072 -6.06563139 1 202.10054
0.0337652355 0.914399981 0.0209258688 -1.15165854 829.610901 0.00584876398 -6.03585148 1 202.288025
0.030974981 0.914399981 0.0201941353 -1.17456162 841.864441 0.00750493491 -6.00404453 1 202.057693
0.0281977916 0.914399981 0.0194142812 -1.1984719 855.935303 0.00933633 -5.96948957 1 201.909439
0.0254362765 0.914399981 0.0185806212 -1.22371233 872.489136 0.0136531694 -5.88762617 1 204.709747
0.0226935633 0.914399981 0.0176870447 -1.25055575 893.539612 0.021610368 -5.74138737 1 212.062988
0.019974299 0.914399981 0.0167244661 -1.2790128 922.236511 0.0308391992 -5.58305454 1 221.204849
0.0172842431 0.914399981 0.0156830468 -1.30792344 964.009399 0.0416522697 -5.4154439 1 223.41954
0.014631972 0.914399981 0.0145488436 -1.33471525 1028.01855 0.0595914535 -5.16021061 1 235.36441
0.0120296493 0.914399981 0.0133043047 -1.35858166 1112.85278 0.0888770595 -4.785604 1 276.812012
0.00949597026 0.914399981 0.0119253821 -1.37168217 1203.12585 0.12595956 -4.36075068 1 302.509674
0.00706055144 0.914399981 0.0103795199 -1.35618484 1289.89417 0.184423059 -3.70382333 1 374.362183
0.00499055156 0.914399981 0.0088038206 -1.30047023 1362.88928 0.253505707 -2.96993661 1 487.693451
0.00334364669 0.914399981 0.00726725598 -1.18887663 1416.94824 0.332204789 -2.14254737 1 514.163574
0.00207972855 0.914399981 0.00577412377 -1.00015712 1442.86816 0.432259053 -1.03480041 1 657.972107
0.00114131536 0.914399981 0.00430875286 -0.729526639 1418.88635 0.529347181 0 0.993603468 743.731628
0.000503666188 0.914399981 0.0028810601 -0.380341083 1322.56201 0.613777936 0 0.926113725 796.162354
0.000125719948 0.914399981 0.00143752653 0.00390965957 1150.80627 0.674381256 0 0.643077135 840.758972
-8.18412707e-09 0.914399981 -7.8016762e-10 0.37950021 907.18689 0.704464078 0 0.511223853 857.137573
0.000126934641 0.914399981 -0.00144446513 0.691269219 643.82428 0.701326907 0 0.451192886 864.208862
0.000508520665 0.914399981 -0.00289473825 0.897415876 411.31839 0.671776295 0 0.472106934 861.738342
0.00115247582 0.914399981 -0.00432942346 0.997741461 340.911835 0.624475539 0 0.470429569 861.617493
0.00210016721 0.914399981 -0.0058017823 1.00999904 396.557739 0.565623403 0 0.403244674 867.605286
0.00337666068 0.914399981 -0.00730159848 0.954384685 465.050781 0.501682162 0 0.397936642 860.517456
0.0050405912 0.914399981 -0.00884592955 0.860999823 546.707825 0.438102424 0 0.447389036 832.049194
0.00713523378 0.914399981 -0.0104310483 0.75475359 610.528503 0.379386902 0 0.526266694 776.538513
0.00958647176 0.914399981 -0.0119781399 0.650103927 640.546265 0.329294026 0 0.648486316 692.29895
0.0121356101 0.914399981 -0.0133579813 0.556215286 646.372009 0.288730681 0 0.893290043 547.487976
0.0147530995 0.914399981 -0.014603302 0.478090048 645.152527 0.254419774 0 0.981018543 453.059021
0.0174203582 0.914399981 -0.0157381165 0.411854893 644.151184 0.225023314 -0.197622955 1 392.763306
0.0201252334 0.914399981 -0.0167800977 0.355574846 645.256836 0.199615404 -0.878804803 1 351.023743
0.0228592225 0.914399981 -0.0177431027 0.307078719 646.674561 0.177761942 -1.46635711 1 320.933411
0.0256165782 0.914399981 -0.0186370073 0.264788985 646.272949 0.161717311 -1.88743937 1 309.355011
0.0283926967 0.914399981 -0.0194708192 0.227999419 643.557312 0.148305446 -2.22511888 1 305.870392
0.0311844239 0.914399981 -0.0202507768 0.195534453 639.367615 0.136147708 -2.52273893 1 296.867737
0.0339891752 0.914399981 -0.0209825178 0.166409507 635.287598 0.125017077 -2.79701161 1 285.680511
0.0368049015 0.914399981 -0.0216708211 0.140188888 631.51532 0.114751898 -3.05323768 1 274.141357
0.0396300789 0.914399981 -0.0223192419 0.116751082 627.510376 0.105299525 -3.28977442 1 263.291412
0.0424633979 0.914399981 -0.0229311074 0.0957237482 623.637451 0.0965378433 -3.51137686 1 253.566315
0.0453037455 0.914399981 -0.023509469 0.0766827464 620.062683 0.0883840024 -3.72044849 1 245.0168
0.0481502998 0.914399981 -0.0240564656 0.0592721067 616.138184 0.0808414295 -3.91397405 1 237.757599
0.0510022973 0.914399981 -0.024574333 0.0433071852 611.639771 0.0738381073 -4.09303951 1 231.409637
0.0538590865 0.914399981 -0.0250650795 0.0286539216 607.004272 0.0673580319 -4.25975466 1 226.621094
0.0567201524 0.914399981 -0.0255302443 0.015211991 602.690125 0.0628546923 -4.37433243 1 224.368362
0.059585043 0.914399981 -0.0259712413 0.0028514443 598.6026 0.0587054603 -4.48108625 1 223.304718
0.0624533453 0.914399981 -0.0263894741 -0.00857118424 594.433594 0.0547685772 -4.58271313 1 222.176346
0.0653246926 0.914399981 -0.0267862625 -0.0191322658 590.1474 0.0510184057 -4.67983198 1 220.71254
0.0681988043 0.914399981 -0.0271625051 -0.0288705956 585.925293 0.0474598296 -4.772789 1 218.991943
0.0710754046 0.914399981 -0.0275192225 -0.0378384963 582.048401 0.0440767147 -4.86270285 1 217.152512
0.0739542439 0.914399981 -0.0278573947 -0.0461445302 578.386536 0.0408454947 -4.94976664 1 215.245712
0.0768351094 0.914399981 -0.0281778483 -0.0538827404 574.692444 0.0377499759 -5.03392982 1 213.389038
0.0797178166 0.914399981 -0.0284812889 -0.0610684752 570.951965 0.0348087549 -5.11446619 1 211.585632
0.0826021992 0.914399981 -0.0287683655 -0.0677509904 567.270752 0.032035999 -5.19127369 1 209.961823
0.085488093 0.914399981 -0.029039831 -0.0739526674 562.986694 0.0293720383 -5.26483631 1 208.38031
0.0883753581 0.914399981 -0.0292963007 -0.0798665434 558.874268 0.0267591495 -5.33813429 1 207.016998
0.0912861707 0.914399981 -0.0295400445 -0.0855610594 555.634033 0.0241757799 -5.41286182 1 205.802612
0.0943437574 0.914399981 -0.0297807929 -0.0908716843 552.199158 0.0225502569 -5.45875978 1 205.075775
0.0975554607 0.914399981 -0.0300173411 -0.0960117355 548.458008 0.0210071821 -5.50242329 1 204.665939
0.100928968 0.914399981 -0.0302485783 -0.100988992 544.469299 0.0194371473 -5.54714632 1 204.328064
0.104472352 0.914399981 -0.0304731454 -0.105775215 540.310608 0.0178243686 -5.59359598 1 203.99472
0.10819407 0.914399981 -0.0306897938 -0.110358596 536.150757 0.0161741264 -5.64181471 1 203.559906
0.112103015 0.914399981 -0.0308967499 -0.114700153 532.110046 0.0144929355 -5.69181061 1 203.080353
0.116208485 0.914399981 -0.0310926243 -0.11879725 527.989746 0.0127770444 -5.74358177 1 202.565887
0.120520258 0.914399981 -0.0312754484 -0.122639544 523.565063 0.0110490927 -5.79631662 1 202.017197
0.125048577 0.914399981 -0.0314433098 -0.126199782 518.844238 0.00931714196 -5.84997892 1 201.481934
0.129804183 0.914399981 -0.0315942464 -0.129490063 513.98407 0.0076020672 -5.90400648 1 201.016846
0.134798348 0.914399981 -0.0317259661 -0.132463574 509.292603 0.00592776807 -5.95776081 1 200.617569
0.140042888 0.914399981 -0.0318361112 -0.135024562 504.673767 0.00468601286 -5.99796915 1 200.342041
0.145272751 0.914399981 -0.0319183666 -0.137227833 500.20874 0.00423587952 -6.01198959 1 200.200546
0.15050296 0.914399981 -0.0319745412 -0.139035538 495.963867 0.00380141381 -6.02578068 1 200.13623
0.155733378 0.914399981 -0.0320055905 -0.140455917 491.964508 0.00338067929 -6.0393362 1 200.11377
0.160963883 0.914399981 -0.0320127255 -0.141520217 488.204865 0.00297316024 -6.05267334 1 200.115662
0.166194369 0.914399981 -0.0319967639 -0.14226535 484.724365 0.00257749273 -6.06584644 1 200.12439
0.171424742 0.914399981 -0.0319588676 -0.142742783 481.538818 0.0021929564 -6.07886696 1 200.123795
0.176654918 0.914399981 -0.0318996742 -0.142986268 478.443817 0.00182235136 -6.09158421 1 200.105209
0.181884823 0.914399981 -0.0318201549 -0.142998531 475.297241 0.00146505155 -6.10399199 1 200.061798
0.187114396 0.914399981 -0.0317211302 -0.142800838 472.09967 0.00112009479 -6.11612034 1 200.017578
0.192343579 0.914399981 -0.0316033046 -0.142407224 468.857178 0.000790266495 -6.12786341 1 200.000061
0.19757232 0.914399981 -0.0314672587 -0.141820833 465.562775 0.000476655114 -6.13917255 1 200
0.202800579 0.914399981 -0.0313137956 -0.141061231 462.25354 0.000237442844 -6.14789534 1 200
0.208028317 0.914399981 -0.0311435451 -0.140153676 458.95929 0.000211594524 -6.14879847 1 200
0.213255503 0.914399981 -0.0309570807 -0.139106661 455.703705 0.000186423247 -6.1496892 1 200
0.218482107 0.914399981 -0.0307549813 -0.137922436 452.54715 0.000161891614 -6.15056896 1 200
0.223708107 0.914399981 -0.0305377972 -0.136608839 449.575348 0.000137993309 -6.15143681 1 200
0.22893348 0.914399981 -0.0303060301 -0.135179937 446.796967 0.000114736162 -6.15229321 1 200
0.234158209 0.914399981 -0.0300601815 -0.133652434 444.142365 9.20991733e-05 -6.15313768 1 200
0.23938228 0.914399981 -0.0298007221 -0.13203761 441.581696 7.0096823e-05 -6.15396786 1 200
0.244605681 0.914399981 -0.0295280944 -0.130342707 439.115326 4.87396574e-05 -6.15478325 1 200
0.249828401 0.914399981 -0.0292427309 -0.128576502 436.730377 2.80662989e-05 -6.155581 1 200
0.255050433 0.914399981 -0.0289450446 -0.126745403 434.412231 8.10234269e-06 -6.15636015 1 200
0.260271771 0.914399981 -0.0286354149 -0.124849617 432.141998 0 -6.1566782 0 200
0.26549241 0.914399981 -0.0283142147 -0.122888051 429.90152 0 -6.1566782 0 200
0.270712347 0.914399981 -0.0279818008 -0.120864242 427.679962 0 -6.1566782 0 200
0.27593158 0.914399981 -0.0276385094 -0.118783116 425.467285 0 -6.1566782 0 200
0.281150106 0.914399981 -0.0272846507 -0.116648458 423.250122 0 -6.1566782 0 200
0.286367928 0.914399981 -0.0269205391 -0.114464 421.023407 0 -6.1566782 0 200
0.291585044 0.914399981 -0.0265464598 -0.112232938 418.785553 0 -6.1566782 0 200
0.296801456 0.914399981 -0.026162682 -0.109957367 416.531372 0 -6.1566782 0 200
0.302017166 0.914399981 -0.0257694719 -0.107639141 414.262238 0 -6.1566782 0 200
0.307232175 0.914399981 -0.0253670784 -0.105279647 411.983337 0 -6.1566782 0 200
0.312446485 0.914399981 -0.0249557254 -0.102879383 409.699432 0 -6.1566782 0 200
0.317660098 0.914399981 -0.0245356365 -0.100438721 407.419678 0 -6.1566782 0 200
0.322873017 0.914399981 -0.0241070091 -0.0979579836 405.150146 0 -6.1566782 0 200
0.328085242 0.914399981 -0.0236700382 -0.0954375789 402.893738 0 -6.1566782 0 200
0.333296778 0.914399981 -0.0232249173 -0.0928779468 400.655853 0 -6.1566782 0 200
0.338507627 0.914399981 -0.0227718193 -0.0902789235 398.438446 0 -6.1566782 0 200
0.34371779 0.914399981 -0.0223109097 -0.0876400098 396.236237 0 -6.1566782 0 200
0.348927269 0.914399981 -0.0218423359 -0.0849591866 394.072906 0 -6.1566782 0 200
0.354136066 0.914399981 -0.0213662287 -0.0822309479 391.945343 0 -6.1566782 0 200
0.359344173 0.914399981 -0.0208826349 -0.0794518441 389.834595 0 -6.1566782 0 200
0.364551604 0.914399981 -0.0203918252 -0.0766222924 387.754974 0 -6.1566782 0 200
0.369758349 0.914399981 -0.0198937765 -0.0737433061 385.671783 0 -6.1566782 0 200
0.374964418 0.914399981 -0.0193887171 -0.0708135664 383.606903 0 -6.1566782 0 200
0.380169806 0.914399981 -0.0188766914 -0.0678316876 381.593262 0 -6.1566782 0 200
0.385374495 0.914399981 -0.0183576092 -0.0647861138 379.567413 0 -6.1566782 0 200
0.3905785 0.914399981 -0.017831701 -0.061670959 377.515961 0 -6.1566782 0 200
0.395781816 0.914399981 -0.0172990344 -0.0584910102 375.45752 0 -6.1566782 0 200
0.400984437 0.914399981 -0.0167596155 -0.0552384891 373.374969 0 -6.1566782 0 200
0.406186358 0.914399981 -0.0162134847 -0.0519032106 371.258942 0 -6.1566782 0 200
0.411387572 0.914399981 -0.0156606622 -0.0484765768 369.102692 0 -6.1566782 0 200
0.41658807 0.914399981 -0.0151011432 -0.0449497476 366.892059 0 -6.1566782 0 200
0.421787847 0.914399981 -0.0145349606 -0.041313868 364.62207 0 -6.1566782 0 200
0.426986892 0.914399981 -0.0139621037 -0.0375599489 362.283234 0 -6.1566782 0 200
0.432185198 0.914399981 -0.0133825758 -0.0336782672 359.857452 0 -6.1566782 0 200
0.437382758 0.914399981 -0.0127963907 -0.0296603236 357.318787 0 -6.1566782 0 200
0.44257956 0.914399981 -0.0122035309 -0.0254948288 354.680328 0 -6.1566782 0 200
0.447775593 0.914399981 -0.0116039653 -0.0211594272 351.922028 0 -6.1566782 0 200
0.452970829 0.914399981 -0.010997525 -0.0166332833 349.008484 0 -6.1566782 0 200
0.458165277 0.914399981 -0.0103843836 -0.0119026871 345.960022 0 -6.1566782 0 200
0.463358895 0.914399981 -0.00976424091 -0.00694681285 342.728973 0 -6.1566782 0 200
0.468551685 0.914399981 -0.0091372075 -0.00174197846 339.286011 0 -6.1566782 0 200
0.473743625 0.914399981 -0.00850317901 0.00373658421 335.633301 0 -6.1566782 0 200
0.478934691 0.914399981 -0.00786202568 0.00952154491 331.721771 0 -6.1566782 0 200
0.484124864 0.914399981 -0.00721368846 0.0156477485 327.511749 0 -6.1566782 0 200
0.489314124 0.914399981 -0.00655808534 0.0221541021 322.955902 0 -6.1566782 0 200
0.494502443 0.914399981 -0.0058950711 0.0290863309 318.012207 0 -6.1566782 0 200
0.4996898 0.914399981 -0.00522457041 0.0365085416 312.578583 0 -6.1566782 0 200
0.504876154 0.914399981 -0.00454636301 0.0444799885 306.558563 0 -6.1566782 0 200
0.510061507 0.914399981 -0.00386053955 0.0530942343 299.722229 0 -6.1566782 0 200
0.515245806 0.914399981 -0.00316679127 0.0624373294 292.637665 0 -6.1566782 0 200
0.520429033 0.914399981 -0.00246508118 0.072519511 285.759338 0 -6.1566782 0 200
0.525611137 0.914399981 -0.00175512585 0.0824073032 280.504181 0 -6.1566782 0 200
0.529475706 0.914399981 -0.00122013781 0.0907203406 283.527496 0 -6.1566782 0 200
0.53189073 0.914399981 -0.000883384809 0.0979916528 277.440674 0 -6.1566782 0 200
0.533400004 0.914399981 -0.000672082119 0.101142943 277.440674 0 -6.1566782 0 200

ZONE T="SLICE_Y_0p9144_BINS15_KS_0p5mm_CUTDATA_VAR_DENSITY"
0.533400014 0.914399981 -0.000522730118 0.0801247209 175.97287 0 -6.1566782 0 200
0.533400003 0.914399981 -0.000373378117 0.0892552659 211.857819 0 -6.1566782 0 200
0.533399994 0.914399981 -0.000224026115 0.0894285142 221.766388 0 -6.1566782 0 200
0.533399992 0.914399981 -7.46741123e-05 0.0909202844 220.042664 0 -6.1566782 0 200
0.53339999 0.914399981 7.46778902e-05 0.0905311108 204.211884 0 -6.1566782 0 200
0.533399987 0.914399981 0.000224029893 0.0892773867 183.965515 0 -6.1566782 0 200
0.533399991 0.914399981 0.000373381895 0.0886541903 157.581467 0 -6.1566782 0 200
0.533399998 0.914399981 0.000522733898 0.0833788291 135.648712 0 -6.1566782 0 200
0.533399998 0.914399981 0.000522733898 0.0833788291 173.720322 0 -6.1566782 0 200
0.533400004 0.914399981 0.000672085901 0.0975252166 161.824448 0 -6.1566782 0 200
0.531889626 0.914399981 0.000883543021 0.0956787094 155.141632 0 -6.1566782 0 200
0.529472835 0.914399981 0.00122054253 0.0902566165 162.240417 0 -6.1566782 0 200
0.525605437 0.914399981 0.00175591634 0.0823447555 171.006699 0 -6.1566782 0 200
0.520387177 0.914399981 0.00247079365 0.0722948015 181.461884 0 -6.1566782 0 200
0.515167777 0.914399981 0.00317729755 0.0610350482 191.977264 0 -6.1566782 0 200
0.509947294 0.914399981 0.00387575911 0.0496702828 201.80072 0 -6.1566782 0 200
0.504725739 0.914399981 0.00456616015 0.0383497477 211.08429 0 -6.1566782 0 200
0.49950317 0.914399981 0.0052488417 0.0271148738 219.849487 0 -6.1566782 0 200
0.494279585 0.914399981 0.00592371637 0.0159828011 228.157761 0 -6.1566782 0 200
0.489055024 0.914399981 0.00659098308 0.00497690355 235.999802 0 -6.1566782 0 200
0.483829516 0.914399981 0.00725080276 -0.00589379808 243.420868 0 -6.1566782 0 200
0.478603082 0.914399981 0.00790324113 -0.0166186728 250.462997 0 -6.1566782 0 200
0.473375741 0.914399981 0.00854837037 -0.0271945596 257.162048 0 -6.1566782 0 200
0.468147517 0.914399981 0.00918630773 -0.0376208685 263.547333 0 -6.1566782 0 200
0.462918428 0.914399981 0.00981711436 -0.0479007512 269.628448 0 -6.1566782 0 200
0.457688497 0.914399981 0.0104409023 -0.0580399185 275.439178 0 -6.1566782 0 200
0.452457744 0.914399981 0.0110577533 -0.0680442825 281.033417 0 -6.1566782 0 200
0.447226174 0.914399981 0.0116676411 -0.077920638 286.41272 0 -6.1566782 0 200
0.441993811 0.914399981 0.0122706903 -0.0876791254 291.583862 0 -6.1566782 0 200
0.436760673 0.914399981 0.0128669729 -0.0973279625 296.604919 0 -6.1566782 0 200
0.431526756 0.914399981 0.0134563837 -0.106872998 301.488983 0 -6.1566782 0 200
0.42629208 0.914399981 0.0140390161 -0.116322719 306.227966 0 -6.1566782 0 200
0.421056659 0.914399981 0.0146149103 -0.125686467 310.839661 0 -6.1566782 0 200
0.415820502 0.914399981 0.015184072 -0.134971544 315.343536 0 -6.1566782 0 200
0.410583615 0.914399981 0.0157464784 -0.14418453 319.74881 0 -6.1566782 0 200
0.405346006 0.914399981 0.0163021212 -0.15333271 324.064392 0 -6.1566782 0 200
0.400107682 0.914399981 0.0168509892 -0.162424624 328.282013 0 -6.1566782 0 200
0.39486865 0.914399981 0.0173930464 -0.171469137 332.40271 0 -6.1566782 0 200
0.389628915 0.914399981 0.0179282775 -0.180472225 336.481842 0 -6.1566782 0 200
0.384388468 0.914399981 0.0184564806 -0.189441457 340.522217 0 -6.1566782 0 200
0.379147326 0.914399981 0.0189777427 -0.198390722 344.466095 0 -6.1566782 0 200
0.373905493 0.914399981 0.0194920202 -0.207330897 348.336182 0 -6.1566782 0 200
0.368662974 0.914399981 0.0199992515 -0.216260552 352.213501 0 -6.1566782 0 200
0.363419747 0.914399981 0.0204991034 -0.225181073 356.034454 0 -6.1566782 0 200
0.358175833 0.914399981 0.0209917049 -0.234106019 359.750122 0 -6.1566782 0 200
0.35293124 0.914399981 0.0214770243 -0.243041575 363.450531 0 -6.1566782 0 200
0.347685943 0.914399981 0.0219546762 -0.251987249 367.123718 0 -6.1566782 0 200
0.342439956 0.914399981 0.0224246775 -0.260946214 370.727509 0 -6.1566782 0 200
0.337193274 0.914399981 0.022886873 -0.269918203 374.279358 0 -6.1566782 0 200
0.331945897 0.914399981 0.0233410934 -0.278909355 377.797913 0 -6.1566782 0 200
0.326697819 0.914399981 0.0237871572 -0.287938774 381.300537 0 -6.1566782 0 200
0.321449042 0.914399981 0.0242249091 -0.297018796 384.796814 0 -6.1566782 0 200
0.316199563 0.914399981 0.0246541594 -0.306156814 388.295837 0 -6.1566782 0 200
0.31094938 0.914399981 0.0250747152 -0.315359056 391.811798 0 -6.1566782 0 200
0.30569849 0.914399981 0.0254863453 -0.324628025 395.353638 0 -6.1566782 0 200
0.30044689 0.914399981 0.0258888253 -0.333968908 398.927765 0 -6.1566782 0 200
0.295194579 0.914399981 0.0262819186 -0.343389541 402.550598 0 -6.1566782 0 200
0.289941556 0.914399981 0.0266653645 -0.35289821 406.238403 0 -6.1566782 0 200
0.284687817 0.914399981 0.0270388892 -0.362504512 409.99942 0 -6.1566782 0 200
0.279433364 0.914399981 0.0274022156 -0.372218609 413.847443 0 -6.1566782 0 200
0.274178194 0.914399981 0.0277550418 -0.382049054 417.796051 0 -6.1566782 0 200
0.26892231 0.914399981 0.0280970466 -0.392003298 421.843567 0 -6.1566782 0 200
0.263665712 0.914399981 0.0284279095 -0.402086645 425.988251 0 -6.1566782 0 200
0.258408404 0.914399981 0.0287472792 -0.412301242 430.223938 0 -6.1566782 0 200
0.253150388 0.914399981 0.0290547785 -0.422646284 434.522522 0 -6.1566782 0 200
0.24789167 0.914399981 0.029350039 -0.433119416 438.856293 0 -6.1566782 0 200
0.242632257 0.914399981 0.0296326447 -0.44372046 443.277679 0 -6.1566782 0 200
0.237372158 0.914399981 0.0299021587 -0.454458088 447.847748 0 -6.1566782 0 200
0.232111382 0.914399981 0.0301581534 -0.46534273 452.512665 0 -6.1566782 0 200
0.226849945 0.914399981 0.0304001649 -0.476379424 457.207611 0 -6.1566782 0 200
0.221587862 0.914399981 0.0306276975 -0.487575054 461.917419 0 -6.1566782 0 200
0.216325153 0.914399981 0.0308402437 -0.498939246 466.63562 0 -6.1566782 0 200
0.21106184 0.914399981 0.0310372729 -0.51047641 471.36615 0 -6.1566782 0 200
0.205797949 0.914399981 0.0312182107 -0.52219367 476.112244 0 -6.1566782 0 200
0.20053351 0.914399981 0.0313824637 -0.534100652 480.843872 0 -6.1566782 0 200
0.195268561 0.914399981 0.0315294021 -0.546116948 485.556458 0 -6.1566782 0 200
0.190003138 0.914399981 0.0316582759 -0.558323443 490.466675 0 -6.1566782 0 200
0.184737291 0.914399981 0.0317684961 -0.570818543 495.7659 0 -6.1566782 0 200
0.179471075 0.914399981 0.0318593786 -0.583562195 501.412354 0 -6.1566782 0 200
0.174204549 0.914399981 0.0319299712 -0.596569777 507.398895 0 -6.1566782 0 200
0.168937782 0.914399981 0.0319795369 -0.609851182 513.706055 0 -6.1566782 0 200
0.163670856 0.914399981 0.032007329 -0.623406529 520.345581 0 -6.1566782 0 200
0.158403858 0.914399981 0.0320121358 -0.637218833 527.261658 0 -6.1566782 0 200
0.153136892 0.914399981 0.0319933032 -0.651272893 534.387878 0 -6.1566782 0 200
0.147870075 0.914399981 0.0319494548 -0.665590644 541.784058 0 -6.1566782 0 200
0.142603537 0.914399981 0.0318797055 -0.680279613 549.431946 0 -6.1566782 0 200
0.137332117 0.914399981 0.0317827372 -0.694968879 557.507446 0 -6.1566782 0 200
0.132312279 0.914399981 0.0316637279 -0.70957613 565.553772 0 -6.1566782 0 200
0.12753214 0.914399981 0.0315253577 -0.72376883 573.308533 0 -6.1566782 0 200
0.12298038 0.914399981 0.0313697051 -0.737606347 580.768616 0 -6.1566782 0 200
0.118646203 0.914399981 0.0311988564 -0.751084745 587.970093 0 -6.1566782 0 200
0.114519318 0.914399981 0.0310146577 -0.764239848 594.962524 0 -6.1566782 0 200
0.110589903 0.914399981 0.0308190624 -0.77708745 601.869385 0 -6.1566782 0 200
0.106848603 0.914399981 0.0306136835 -0.789631546 608.820068 0 -6.1566782 0 200
0.103286492 0.914399981 0.0304001076 -0.801864743 615.705261 0 -6.1566782 0 200
0.0998950796 0.914399981 0.0301795251 -0.813778341 622.344116 0 -6.1566782 0 200
0.0966662415 0.914399981 0.0299534701 -0.825388253 628.720886 0 -6.1566782 0 200
0.0935922549 0.914399981 0.0297230389 -0.836714625 634.982727 0 -6.1566782 0 200
0.0906657593 0.914399981 0.0294892388 -0.84761858 642.204224 0 -6.1566782 0 200
0.0878797114 0.914399981 0.0292533156 -0.858423471 649.151611 0 -6.1566782 0 200
0.0850066387 0.914399981 0.0289956182 -0.869479895 655.446045 0 -6.1566782 0 200
0.0821349562 0.914399981 0.0287228672 -0.881204009 662.010681 0 -6.1566782 0 200
0.0792647788 0.914399981 0.0284347081 -0.893190384 668.914856 0 -6.1566782 0 200
0.0763962916 0.914399981 0.0281301823 -0.905534744 676.269897 0 -6.1566782 0 200
0.073529659 0.914399981 0.0278086664 -0.91819948 683.861511 0 -6.1566782 0 200
0.0706650598 0.914399981 0.0274695118 -0.931256533 691.490723 0 -6.1566782 0 200
0.0678027103 0.914399981 0.0271118665 -0.944704771 699.127258 2.2122711e-05 -6.15613651 1 200
0.0649428655 0.914399981 0.0267347158 -0.958574176 707.311707 9.16317222e-05 -6.15446138 1 200
0.0620857911 0.914399981 0.0263371217 -0.972957551 716.490051 0.000165322999 -6.15272999 1 200
0.0592317756 0.914399981 0.0259181347 -0.987896919 726.230347 0.000243273986 -6.1509428 1 200
0.0563811831 0.914399981 0.0254764594 -1.00334096 736.070801 0.000324965746 -6.14911032 1 200
0.0535344322 0.914399981 0.0250106649 -1.0193063 746.449219 0.000516238506 -6.1448245 1 200
0.0506919691 0.914399981 0.0245193824 -1.03592002 758.121948 0.00086235354 -6.1371994 1 200
0.0478543174 0.914399981 0.0240010312 -1.05322349 770.525635 0.00123454712 -6.12924623 1 200
0.0450221277 0.914399981 0.0234536227 -1.07113254 782.621826 0.00163133861 -6.12097359 1 200.008057
0.0421961657 0.914399981 0.0228749229 -1.08975339 794.535522 0.00205606828 -6.11228561 1 200.11319
0.0393772455 0.914399981 0.0222628408 -1.10931718 806.607849 0.00306019862 -6.09159565 1 200.495316
0.0365665062 0.914399981 0.0216142272 -1.12991762 818.260925 0.00442103297 -6.06404591 1 201.06752
0.0337652355 0.914399981 0.0209258688 -1.15165854 829.610901 0.00591126876 -6.03440809 1 201.673813
0.030974981 0.914399981 0.0201941353 -1.17456162 841.864441 0.00823713653 -5.98873091 1 202.980118
0.0281977916 0.914399981 0.0194142812 -1.1984719 855.935303 0.0114239454 -5.9275732 1 204.887268
0.0254362765 0.914399981 0.0185806212 -1.22371233 872.489136 0.0158468951 -5.84481382 1 207.649704
0.0226935633 0.914399981 0.0176870447 -1.25055575 893.539612 0.0220984854 -5.73199654 1 211.977905
0.019974299 0.914399981 0.0167244661 -1.2790128 922.236511 0.0308361538 -5.58250332 1 218.473587
0.0172842431 0.914399981 0.0156830468 -1.30792344 964.009399 0.0432262421 -5.38667488 1 228.084717
0.014631972 0.914399981 0.0145488436 -1.33471525 1028.01855 0.0613548718 -5.13173437 1 243.413803
0.0120296493 0.914399981 0.0133043047 -1.35858166 1112.85278 0.0884543359 -4.79191208 1 268.646484
0.00949597026 0.914399981 0.0119253821 -1.37168217 1203.12585 0.128402814 -4.32523584 1 311.672791
0.00706055144 0.914399981 0.0103795199 -1.35618484 1289.89417 0.183882251 -3.71230531 1 376.625793
0.00499055156 0.914399981 0.0088038206 -1.30047023 1362.88928 0.253473133 -2.96785235 1 459.741669
0.00334364669 0.914399981 0.00726725598 -1.18887663 1416.94824 0.333321542 -2.13206315 1 556.669678
0.00207972855 0.914399981 0.00577412377 -1.00015712 1442.86816 0.430382609 -1.056229 1 649.057495
0.00114131536 0.914399981 0.00430875286 -0.729526639 1418.88635 0.528044939 0 0.995524943 741.940247
0.000503666188 0.914399981 0.0028810601 -0.380341083 1322.56201 0.611633778 0 0.933504283 794.993774
0.000125719948 0.914399981 0.00143752653 0.00390965957 1150.80627 0.67264688 0 0.646158993 840.357849
-8.18412707e-09 0.914399981 -7.8016762e-10 0.37950021 907.18689 0.70290184 0 0.51297003 856.93219
0.000126934641 0.914399981 -0.00144446513 0.691269219 643.82428 0.699759722 0 0.452372223 864.070801
0.000508520665 0.914399981 -0.00289473825 0.897415876 411.31839 0.670314312 0 0.472993791 861.634521
0.00115247582 0.914399981 -0.00432942346 0.997741461 340.911835 0.62300837 0 0.471279413 861.513672
0.00210016721 0.914399981 -0.0058017823 1.00999904 396.557739 0.564130604 0 0.404276371 867.442261
0.00337666068 0.914399981 -0.00730159848 0.954384685 465.050781 0.500147223 0 0.399298519 860.141846
0.0050405912 0.914399981 -0.00884592955 0.860999823 546.707825 0.436536789 0 0.449441731 831.088135
0.00713523378 0.914399981 -0.0104310483 0.75475359 610.528503 0.377806157 0 0.529684067 774.413147
0.00958647176 0.914399981 -0.0119781399 0.650103927 640.546265 0.327737868 0 0.654886663 688.442505
0.0121356101 0.914399981 -0.0133579813 0.556215286 646.372009 0.287238926 0 0.908035934 539.028503
0.0147530995 0.914399981 -0.014603302 0.478090048 645.152527 0.253031522 0 0.984608591 448.912567
0.0174203582 0.914399981 -0.0157381165 0.411854893 644.151184 0.223830968 -0.229574323 1 390.234741
0.0201252334 0.914399981 -0.0167800977 0.355574846 645.256836 0.198842734 -0.899390876 1 352.627045
0.0228592225 0.914399981 -0.0177431027 0.307078719 646.674561 0.17968826 -1.41612363 1 334.054626
0.0256165782 0.914399981 -0.0186370073 0.264788985 646.272949 0.16334933 -1.84408379 1 321.978333
0.0283926967 0.914399981 -0.0194708192 0.227999419 643.557312 0.148611873 -2.2154448 1 306.033569
0.0311844239 0.914399981 -0.0202507768 0.195534453 639.367615 0.135339975 -2.54279065 1 290.46814
0.0339891752 0.914399981 -0.0209825178 0.166409507 635.287598 0.123299107 -2.84210634 1 275.516174
0.0368049015 0.914399981 -0.0216708211 0.140188888 631.51532 0.112877376 -3.10368013 1 265.279114
0.0396300789 0.914399981 -0.0223192419 0.116751082 627.510376 0.104110897 -3.32281184 1 259.44342
0.0424633979 0.914399981 -0.0229311074 0.0957237482 623.637451 0.0959688798 -3.52798271 1 253.434479
0.0453037455 0.914399981 -0.023509469 0.0766827464 620.062683 0.0883729383 -3.72168136 1 247.135101
0.0481502998 0.914399981 -0.0240564656 0.0592721067 616.138184 0.081321083 -3.90129352 1 241.024933
0.0510022973 0.914399981 -0.024574333 0.0433071852 611.639771 0.0747450814 -4.06803036 1 235.246857
0.0538590865 0.914399981 -0.0250650795 0.0286539216 607.004272 0.0686089918 -4.2245822 1 230.376343
0.0567201524 0.914399981 -0.0255302443 0.015211991 602.690125 0.063670136 -4.35086393 1 227.160309
0.059585043 0.914399981 -0.0259712413 0.0028514443 598.6026 0.0590816848 -4.46966743 1 224.748032
0.0624533453 0.914399981 -0.0263894741 -0.00857118424 594.433594 0.0547376946 -4.58275175 1 222.362885
0.0653246926 0.914399981 -0.0267862625 -0.0191322658 590.1474 0.0506141409 -4.69068289 1 219.955978
0.0681988043 0.914399981 -0.0271625051 -0.0288705956 585.925293 0.0467181243 -4.79362202 1 217.525452
0.0710754046 0.914399981 -0.0275192225 -0.0378384963 582.048401 0.043086011 -4.89111614 1 215.428467
0.0739542439 0.914399981 -0.0278573947 -0.0461445302 578.386536 0.0401409082 -4.97018671 1 213.914581
0.0768351094 0.914399981 -0.0281778483 -0.0538827404 574.692444 0.0373187028 -5.04658747 1 212.679657
0.0797178166 0.914399981 -0.0284812889 -0.0610684752 570.951965 0.0346261151 -5.11994839 1 211.470001
0.0826021992 0.914399981 -0.0287683655 -0.0677509904 567.270752 0.0320657268 -5.19039679 1 210.304214
0.085488093 0.914399981 -0.029039831 -0.0739526674 562.986694 0.029602414 -5.25778627 1 209.054428
0.0883753581 0.914399981 -0.0292963007 -0.0798665434 558.874268 0.0273100249 -5.32124424 1 207.991364
0.0912861707 0.914399981 -0.0295400445 -0.0855610594 555.634033 0.0253234152 -5.37754202 1 207.153183
0.0943437574 0.914399981 -0.0297807929 -0.0908716843 552.199158 0.0233202074 -5.43475628 1 206.399445
0.0975554607 0.914399981 -0.0300173411 -0.0960117355 548.458008 0.0213074367 -5.49260092 1 205.649002
0.100928968 0.914399981 -0.0302485783 -0.100988992 544.469299 0.0192941632 -5.55093431 1 204.880981
0.104472352 0.914399981 -0.0304731454 -0.105775215 540.310608 0.0175176449 -5.60248613 1 204.203217
0.10819407 0.914399981 -0.0306897938 -0.110358596 536.150757 0.015812505 -5.65258694 1 203.627655
0.112103015 0.914399981 -0.0308967499 -0.114700153 532.110046 0.0141077209 -5.70351744 1 203.061447
0.116208485 0.914399981 -0.0310926243 -0.11879725 527.989746 0.0124875028 -5.75242996 1 202.539276
0.120520258 0.914399981 -0.0312754484 -0.122639544 523.565063 0.0110623902 -5.7955513 1 202.10173
0.125048577 0.914399981 -0.0314433098 -0.126199782 518.844238 0.00963873509 -5.83916473 1 201.693405
0.129804183 0.914399981 -0.0315942464 -0.129490063 513.98407 0.00830495264 -5.8805151 1 201.329163
0.134798348 0.914399981 -0.0317259661 -0.132463574 509.292603 0.00712444121 -5.91758919 1 201.020752
0.140042888 0.914399981 -0.0318361112 -0.135024562 504.673767 0.0060372767 -5.95222187 1 200.761398
0.145272751 0.914399981 -0.0319183666 -0.137227833 500.20874 0.00515785813 -5.98045778 1 200.556625
0.15050296 0.914399981 -0.0319745412 -0.139035538 495.963867 0.00434533646 -6.00695753 1 200.391083
0.155733378 0.914399981 -0.0320055905 -0.140455917 491.964508 0.00367714884 -6.0289669 1 200.263672
0.160963883 0.914399981 -0.0320127255 -0.141520217 488.204865 0.00303992303 -6.0502882 1 200.162903
0.166194369 0.914399981 -0.0319967639 -0.14226535 484.724365 0.00250198971 -6.06849146 1 200.087479
0.171424742 0.914399981 -0.0319588676 -0.142742783 481.538818 0.00213812524 -6.08083439 1 200.038971
0.176654918 0.914399981 -0.0318996742 -0.142986268 478.443817 0.00178963761 -6.09279823 1 200.011536
0.181884823 0.914399981 -0.0318201549 -0.142998531 475.297241 0.00145499059 -6.10440683 1 200.000565
0.187114396 0.914399981 -0.0317211302 -0.142800838 472.09967 0.00113258255 -6.11571407 1 200
0.192343579 0.914399981 -0.0316033046 -0.142407224 468.857178 0.000825280964 -6.12662029 1 200
0.19757232 0.914399981 -0.0314672587 -0.141820833 465.562775 0.000693996553 -6.13122606 1 200
0.202800579 0.914399981 -0.0313137956 -0.141061231 462.25354 0.000585934904 -6.13504076 1 200
0.208028317 0.914399981 -0.0311435451 -0.140153676 458.95929 0.000481307798 -6.13878155 1 200
0.213255503 0.914399981 -0.0309570807 -0.139106661 455.703705 0.000380137848 -6.14244509 1 200
0.218482107 0.914399981 -0.0307549813 -0.137922436 452.54715 0.000282450375 -6.14602947 1 200
0.223708107 0.914399981 -0.0305377972 -0.136608839 449.575348 0.000188187449 -6.14953613 1 200
0.22893348 0.914399981 -0.0303060301 -0.135179937 446.796967 0.000108651824 -6.15252876 1 200
0.234158209 0.914399981 -0.0300601815 -0.133652434 444.142365 8.50665456e-05 -6.15341043 1 200
0.23938228 0.914399981 -0.0298007221 -0.13203761 441.581696 6.21651052e-05 -6.15427685 1 200
0.244605681 0.914399981 -0.0295280944 -0.130342707 439.115326 3.99847922e-05 -6.15512514 1 200
0.249828401 0.914399981 -0.0292427309 -0.128576502 436.730377 1.84954715e-05 -6.15595627 1 200
0.255050433 0.914399981 -0.0289450446 -0.126745403 434.412231 0 -6.1566782 0 200
0.260271771 0.914399981 -0.0286354149 -0.124849617 432.141998 0 -6.1566782 0 200
0.26549241 0.914399981 -0.0283142147 -0.122888051 429.90152 0 -6.1566782 0 200
0.270712347 0.914399981 -0.0279818008 -0.120864242 427.679962 0 -6.1566782 0 200
0.27593158 0.914399981 -0.0276385094 -0.118783116 425.467285 0 -6.1566782 0 200
0.281150106 0.914399981 -0.0272846507 -0.116648458 423.250122 0 -6.1566782 0 200
0.286367928 0.914399981 -0.0269205391 -0.114464 421.023407 0 -6.1566782 0 200
0.291585044 0.914399981 -0.0265464598 -0.112232938 418.785553 0 -6.1566782 0 200
0.296801456 0.914399981 -0.026162682 -0.109957367 416.531372 0 -6.1566782 0 200
0.302017166 0.914399981 -0.0257694719 -0.107639141 414.262238 0 -6.1566782 0 200
0.307232175 0.914399981 -0.0253670784 -0.105279647 411.983337 0 -6.1566782 0 200
0.312446485 0.914399981 -0.0249557254 -0.102879383 409.699432 0 -6.1566782 0 200
0.317660098 0.914399981 -0.0245356365 -0.100438721 407.419678 0 -6.1566782 0 200
0.322873017 0.914399981 -0.0241070091 -0.0979579836 405.150146 0 -6.1566782 0 200
0.328085242 0.914399981 -0.0236700382 -0.0954375789 402.893738 0 -6.1566782 0 200
0.333296778 0.914399981 -0.0232249173 -0.0928779468 400.655853 0 -6.1566782 0 200
0.338507627 0.914399981 -0.0227718193 -0.0902789235 398.438446 0 -6.1566782 0 200
0.34371779 0.914399981 -0.0223109097 -0.0876400098 396.236237 0 -6.1566782 0 200
0.348927269 0.914399981 -0.0218423359 -0.0849591866 394.072906 0 -6.1566782 0 200
0.354136066 0.914399981 -0.0213662287 -0.0822309479 391.945343 0 -6.1566782 0 200
0.359344173 0.914399981 -0.0208826349 -0.0794518441 389.834595 0 -6.1566782 0 200
0.364551604 0.914399981 -0.0203918252 -0.0766222924 387.754974 0 -6.1566782 0 200
0.369758349 0.914399981 -0.0198937765 -0.0737433061 385.671783 0 -6.1566782 0 200
0.374964418 0.914399981 -0.0193887171 -0.0708135664 383.606903 0 -6.1566782 0 200
0.380169806 0.914399981 -0.0188766914 -0.0678316876 381.593262 0 -6.1566782 0 200
0.385374495 0.914399981 -0.0183576092 -0.0647861138 379.567413 0 -6.1566782 0 200
0.3905785 0.914399981 -0.017831701 -0.061670959 377.515961 0 -6.1566782 0 200
0.395781816 0.914399981 -0.0172990344 -0.0584910102 375.45752 0 -6.1566782 0 200
0.400984437 0.914399981 -0.0167596155 -0.0552384891 373.374969 0 -6.1566782 0 200
0.406186358 0.914399981 -0.0162134847 -0.0519032106 371.258942 0 -6.1566782 0 200
0.411387572 0.914399981 -0.0156606622 -0.0484765768 369.102692 0 -6.1566782 0 200
0.41658807 0.914399981 -0.0151011432 -0.0449497476 366.892059 0 -6.1566782 0 200
0.421787847 0.914399981 -0.0145349606 -0.041313868 364.62207 0 -6.1566782 0 200
0.426986892 0.914399981 -0.0139621037 -0.0375599489 362.283234 0 -6.1566782 0 200
0.432185198 0.914399981 -0.0133825758 -0.0336782672 359.857452 0 -6.1566782 0 200
0.437382758 0.914399981 -0.0127963907 -0.0296603236 357.318787 0 -6.1566782 0 200
0.44257956 0.914399981 -0.0122035309 -0.0254948288 354.680328 0 -6.1566782 0 200
0.447775593 0.914399981 -0.0116039653 -0.0211594272 351.922028 0 -6.1566782 0 200
0.452970829 0.914399981 -0.010997525 -0.0166332833 349.008484 0 -6.1566782 0 200
0.458165277 0.914399981 -0.0103843836 -0.0119026871 345.960022 0 -6.1566782 0 200
0.463358895 0.914399981 -0.00976424091 -0.00694681285 342.728973 0 -6.1566782 0 200
0.468551685 0.914399981 -0.0091372075 -0.00174197846 339.286011 0 -6.1566782 0 200
0.473743625 0.914399981 -0.00850317901 0.00373658421 335.633301 0 -6.1566782 0 200
0.478934691 0.914399981 -0.00786202568 0.00952154491 331.721771 0 -6.1566782 0 200
0.484124864 0.914399981 -0.00721368846 0.0156477485 327.511749 0 -6.1566782 0 200
0.489314124 0.914399981 -0.00655808534 0.0221541021 322.955902 0 -6.1566782 0 200
0.494502443 0.914399981 -0.0058950711 0.0290863309 318.012207 0 -6.1566782 0 200
0.4996898 0.914399981 -0.00522457041 0.0365085416 312.578583 0 -6.1566782 0 200
0.504876154 0.914399981 -0.00454636301 0.0444799885 306.558563 0 -6.1566782 0 200
0.510061507 0.914399981 -0.00386053955 0.0530942343 299.722229 0 -6.1566782 0 200
0.515245806 0.914399981 -0.00316679127 0.0624373294 292.637665 0 -6.1566782 0 200
0.520429033 0.914399981 -0.00246508118 0.072519511 285.759338 0 -6.1566782 0 200
0.525611137 0.914399981 -0.00175512585 0.0824073032 280.504181 0 -6.1566782 0 200
0.529475706 0.914399981 -0.00122013781 0.0907203406 283.527496 0 -6.1566782 0 200
0.53189073 0.914399981 -0.000883384809 0.0979916528 277.440674 0 -6.1566782 0 200
0.533400004 0.914399981 -0.000672082119 0.101142943 277.440674 0 -6.1566782 0 200

