#+++++++++++++++++++++++++++++++++++++++++++++++++++++++++++++++++++++++++++++++++++++++++++++++++++++++++++++++++++++++++++++++++
#
#   IPW-3 Cut/Slice DATA SUBMITTAL FORM for Test Case NACA0012_AE3932, May 18th 2026
#
#       NOMENCLATURE:
#                  X [m]:  X-coordinate of the surface (clean for reference)
#                  Y [m]:  Y-coordinate of the surface (clean for reference)
#                  Z [m]:  Z-coordinate of the surface (clean for reference)
#                 Cp [-]:  Pressure coefficient
#            HTC [W/m2K]:  Convective Heat Transfer Coefficient (on the rough surface)
#               Beta [-]:  Collection efficiency
#                 Ts [K]:  Surface temperature
#                 FF [-]:  Freezing fraction
#                  k [m]:  Surface roughness height if variable (OPTIONAL)
#         RhoIce [kg/m3]:  Ice density (OPTIONAL)
#      HTC_CLEAN [W/m2K]:  Convective Heat Transfer Coefficient on the surface without roughness (OPTIONAL)
#
#                XXmm:  Roughness height used for the case, in mm.
#                       In the zone name, use the format KS_XXmm.
#                       For example, if k_s = 1.5 mm, use KS_1p5mm. 
#                       For Variable roughness, use KS_VAR
#
#    FLOW CONDITIONS:
#                                   AOA: 4.0 deg
#                           Mach Number: 0.3151 [-]
#       Mean aerodynamic chord (M.A.C.): 0.5334 [m]
#                       Reynolds Number: 3.9795 million (based on MAC)
#                       Freestream Temp: 267.55 [K]
#                        Reference area: 0.97548 [m2]
#               Moment Reference Center: 0.13335, 0, 0 [m] (X, Y, Z)
#
#    ICING CONDITIONS:
#                           Icing Time: 420 [s]
#                                  LWC: 0.55 [g/m3]
#                                  MVD: 20 [μm]
#
#              NOTES: 1. Please use at least 5 decimal places in the numerical values
#                     2. If data are NOT provided, please fill data fields with a numerical value of "-999" 
#
#++++++++++++++++++++++++++++++++++++++++++++++++++++++++++++++++++++++++++++++++++++++++++++++++++++++++++++++++++++

                                                    
VARIABLES = "X" "Y" "Z" "Cp" "HTC" "Beta" "Ts" "FF" "RhoIce"

ZONE T="SLICE_Y_0p9144_BINS01_KS_0p5mm_CUTDATA"
0.533400018 0.914399982 -0.00058247092 0.0851805359 159.29364 0 -6.1566782 0 800
0.533400004 0.914399982 -0.000672082119 0.0976350829 166.488892 0 -6.1566782 0 800
0.533148466 0.914399982 -0.000707354403 0.101727836 182.114731 0 -6.1566782 0 800
0.532745998 0.914399982 -0.000763745625 0.100308456 192.161499 0 -6.1566782 0 800
0.53210203 0.914399982 -0.000853827126 0.0995936692 202.093292 0 -6.1566782 0 800
0.531071666 0.914399982 -0.00099785339 0.0970543772 204.624695 0 -6.1566782 0 800
0.529422969 0.914399982 -0.00122746797 0.0928454548 200.697083 0 -6.1566782 0 800
0.526873095 0.914399982 -0.00158098831 0.0877554417 196.081985 0 -6.1566782 0 800
0.524322926 0.914399982 -0.00193237185 0.081875734 190.530579 0 -6.1566782 0 800
0.521772489 0.914399982 -0.0022818114 0.0762818605 179.239304 0 -6.1566782 0 800
0.519221778 0.914399982 -0.00262923523 0.070899941 162.352798 0 -6.1566782 0 800
0.516670797 0.914399982 -0.0029746773 0.0657896027 141.622345 0 -6.1566782 0 800
0.514119553 0.914399982 -0.00331817313 0.0608872622 114.719322 0 -6.1566782 0 800
0.511568058 0.914399982 -0.00365979377 0.056194935 131.556335 0 -6.1566782 0 800
0.509016294 0.914399982 -0.00399940552 0.0516900122 131.556335 0 -6.1566782 0 800
0.506464287 0.914399982 -0.00433718384 0.0473621301 211.241638 0 -6.1566782 0 800
0.50391203 0.914399982 -0.00467306469 0.043197304 198.602524 0 -6.1566782 0 800
0.501359535 0.914399982 -0.00500713669 0.0391902924 168.783386 0 -6.1566782 0 800
0.498806784 0.914399982 -0.00533924521 0.0353310816 159.668167 0 -6.1566782 0 800
0.496253803 0.914399982 -0.00566957616 0.0316068158 157.803879 0 -6.1566782 0 800
0.49370058 0.914399982 -0.00599804175 0.0280087087 159.363342 0 -6.1566782 0 800
0.491147126 0.914399982 -0.00632469778 0.024528088 163.176147 0 -6.1566782 0 800
0.488593446 0.914399982 -0.00664958131 0.0211564302 168.556183 0 -6.1566782 0 800
0.48603954 0.914399982 -0.00697269046 0.017889604 174.333908 0 -6.1566782 0 800
0.483485406 0.914399982 -0.00729398822 0.0147234434 180.034195 0 -6.1566782 0 800
0.480931051 0.914399982 -0.00761352572 0.0116503704 185.592682 0 -6.1566782 0 800
0.478376479 0.914399982 -0.00793132724 0.0086638229 190.990646 0 -6.1566782 0 800
0.475821692 0.914399982 -0.00824739351 0.00575977471 196.21463 0 -6.1566782 0 800
0.473266692 0.914399982 -0.00856172802 0.00293383794 201.277557 0 -6.1566782 0 800
0.470711482 0.914399982 -0.00887435928 0.000182269228 206.183243 0 -6.1566782 0 800
0.468156063 0.914399982 -0.00918526844 -0.00249689305 210.943756 0 -6.1566782 0 800
0.465600434 0.914399982 -0.00949445508 -0.00510709127 215.55835 0 -6.1566782 0 800
0.463044603 0.914399982 -0.00980196434 -0.00765360054 220.042557 0 -6.1566782 0 800
0.460488571 0.914399982 -0.0101077948 -0.0101419175 224.389984 0 -6.1566782 0 800
0.457932344 0.914399982 -0.0104119964 -0.0125734964 228.615875 0 -6.1566782 0 800
0.455375917 0.914399982 -0.0107145051 -0.0149451979 232.724121 0 -6.1566782 0 800
0.452819289 0.914399982 -0.0110153132 -0.0172610115 236.703232 0 -6.1566782 0 800
0.450262471 0.914399982 -0.0113145094 -0.0195301939 240.592133 0 -6.1566782 0 800
0.447705468 0.914399982 -0.0116121166 -0.0217508338 244.389313 0 -6.1566782 0 800
0.44514826 0.914399982 -0.01190795 -0.0239229053 248.069778 0 -6.1566782 0 800
0.442590872 0.914399982 -0.0122022341 -0.0260545406 251.649704 0 -6.1566782 0 800
0.440033299 0.914399982 -0.0124948975 -0.0281458199 255.139572 0 -6.1566782 0 800
0.437475532 0.914399982 -0.0127858649 -0.0301975459 258.546783 0 -6.1566782 0 800
0.434917592 0.914399982 -0.0130753062 -0.0322116129 261.867188 0 -6.1566782 0 800
0.432359457 0.914399982 -0.01336302 -0.0341891237 265.104126 0 -6.1566782 0 800
0.42980115 0.914399982 -0.0136492021 -0.0361332335 268.273315 0 -6.1566782 0 800
0.427242658 0.914399982 -0.013933718 -0.0380446725 271.374023 0 -6.1566782 0 800
0.424683989 0.914399982 -0.0142166417 -0.039924778 274.40509 0 -6.1566782 0 800
0.422125141 0.914399982 -0.0144979481 -0.0417749994 277.354034 0 -6.1566782 0 800
0.419566117 0.914399982 -0.0147776435 -0.0435963757 280.235962 0 -6.1566782 0 800
0.417006917 0.914399982 -0.0150557235 -0.0453902334 283.087006 0 -6.1566782 0 800
0.414447544 0.914399982 -0.0153322065 -0.0471574478 285.869171 0 -6.1566782 0 800
0.411887994 0.914399982 -0.0156070442 -0.0488989502 288.575439 0 -6.1566782 0 800
0.409328275 0.914399982 -0.0158803148 -0.0506157801 291.258789 0 -6.1566782 0 800
0.406768377 0.914399982 -0.0161518946 -0.0523120053 293.883057 0 -6.1566782 0 800
0.404208323 0.914399982 -0.0164219968 -0.0539847016 296.443726 0 -6.1566782 0 800
0.401648078 0.914399982 -0.0166902858 -0.0556321479 298.984924 0 -6.1566782 0 800
0.399087677 0.914399982 -0.0169570843 -0.0572591163 301.476929 0 -6.1566782 0 800
0.396527101 0.914399982 -0.0172221887 -0.0588659421 303.905396 0 -6.1566782 0 800
0.393966355 0.914399982 -0.0174856599 -0.0604568347 306.29361 0 -6.1566782 0 800
0.391405453 0.914399982 -0.0177475985 -0.0620275512 308.66391 0 -6.1566782 0 800
0.388844364 0.914399982 -0.0180077128 -0.0635758638 311.003632 0 -6.1566782 0 800
0.386283121 0.914399982 -0.0182662943 -0.0651096925 313.304138 0 -6.1566782 0 800
0.383721709 0.914399982 -0.0185232101 -0.0666262656 315.579651 0 -6.1566782 0 800
0.381160124 0.914399982 -0.0187783802 -0.068126522 317.821747 0 -6.1566782 0 800
0.378598383 0.914399982 -0.0190319891 -0.0696132034 320.034363 0 -6.1566782 0 800
0.376036469 0.914399982 -0.01928384 -0.0710813701 322.218719 0 -6.1566782 0 800
0.373474386 0.914399982 -0.0195339749 -0.0725364983 324.386963 0 -6.1566782 0 800
0.370912148 0.914399982 -0.0197825124 -0.0739805102 326.520325 0 -6.1566782 0 800
0.368349737 0.914399982 -0.0200292581 -0.0754052848 328.627197 0 -6.1566782 0 800
0.365787158 0.914399982 -0.020274252 -0.0768171847 330.723328 0 -6.1566782 0 800
0.363224424 0.914399982 -0.0205176118 -0.0782223493 332.778503 0 -6.1566782 0 800
0.360661519 0.914399982 -0.0207591794 -0.0796108842 334.835571 0 -6.1566782 0 800
0.358098443 0.914399982 -0.020998914 -0.0809851363 336.861969 0 -6.1566782 0 800
0.35553521 0.914399982 -0.0212369703 -0.0823578387 338.859375 0 -6.1566782 0 800
0.352971818 0.914399982 -0.021473304 -0.0837220475 340.857605 0 -6.1566782 0 800
0.35040825 0.914399982 -0.0217077242 -0.0850675926 342.811798 0 -6.1566782 0 800
0.347844519 0.914399982 -0.0219403511 -0.0863994136 344.778259 0 -6.1566782 0 800
0.345280622 0.914399982 -0.022171153 -0.0877217278 346.720398 0 -6.1566782 0 800
0.342716559 0.914399982 -0.0224000883 -0.0890342295 348.607513 0 -6.1566782 0 800
0.340152332 0.914399982 -0.0226271915 -0.0903362185 350.543671 0 -6.1566782 0 800
0.337587935 0.914399982 -0.0228523647 -0.0916284993 352.443054 0 -6.1566782 0 800
0.335023377 0.914399982 -0.0230756951 -0.0929109156 354.275665 0 -6.1566782 0 800
0.332458647 0.914399982 -0.0232970391 -0.094183147 356.168549 0 -6.1566782 0 800
0.329893756 0.914399982 -0.0235165074 -0.0954456553 358.028137 0 -6.1566782 0 800
0.327328693 0.914399982 -0.0237339581 -0.0966988057 359.818024 0 -6.1566782 0 800
0.324763467 0.914399982 -0.0239494825 -0.0979426652 361.666321 0 -6.1566782 0 800
0.32219807 0.914399982 -0.0241629526 -0.0991769582 363.500244 0 -6.1566782 0 800
0.319632509 0.914399982 -0.0243744464 -0.10040202 365.267578 0 -6.1566782 0 800
0.317066776 0.914399982 -0.0245838475 -0.101617828 367.046875 0 -6.1566782 0 800
0.314500879 0.914399982 -0.0247912231 -0.102824286 368.834229 0 -6.1566782 0 800
0.311934809 0.914399982 -0.0249964552 -0.104021572 370.608612 0 -6.1566782 0 800
0.309368575 0.914399982 -0.0251996226 -0.105209157 372.367157 0 -6.1566782 0 800
0.306802167 0.914399982 -0.0254005786 -0.106386885 374.117737 0 -6.1566782 0 800
0.304235595 0.914399982 -0.0255994314 -0.107554257 375.861206 0 -6.1566782 0 800
0.301668847 0.914399982 -0.0257960025 -0.108711556 377.599335 0 -6.1566782 0 800
0.299101936 0.914399982 -0.0259904291 -0.109858491 379.332703 0 -6.1566782 0 800
0.296534849 0.914399982 -0.0261825112 -0.110994421 381.059479 0 -6.1566782 0 800
0.293967597 0.914399982 -0.026372379 -0.112119935 382.783844 0 -6.1566782 0 800
0.29140017 0.914399982 -0.0265598687 -0.113234833 384.504883 0 -6.1566782 0 800
0.288832576 0.914399982 -0.0267450536 -0.114339255 386.223236 0 -6.1566782 0 800
0.286264808 0.914399982 -0.0269278228 -0.115432955 387.939453 0 -6.1566782 0 800
0.283696871 0.914399982 -0.027108193 -0.116516419 389.653473 0 -6.1566782 0 800
0.281128764 0.914399982 -0.0272861165 -0.117589325 391.366272 0 -6.1566782 0 800
0.278560484 0.914399982 -0.0274615405 -0.118651673 393.082153 0 -6.1566782 0 800
0.275992036 0.914399982 -0.0276344787 -0.119701989 394.800079 0 -6.1566782 0 800
0.273423413 0.914399982 -0.0278048054 -0.120739847 396.525513 0 -6.1566782 0 800
0.270854625 0.914399982 -0.0279726101 -0.121763453 398.258484 0 -6.1566782 0 800
0.268285659 0.914399982 -0.0281376881 -0.122772194 400.000671 0 -6.1566782 0 800
0.26571653 0.914399982 -0.028300188 -0.123765901 401.752777 0 -6.1566782 0 800
0.263147224 0.914399982 -0.028459889 -0.124742694 403.517792 0 -6.1566782 0 800
0.260577754 0.914399982 -0.0286169049 -0.125702202 405.294281 0 -6.1566782 0 800
0.258008111 0.914399982 -0.028771076 -0.126644716 407.08548 0 -6.1566782 0 800
0.255438301 0.914399982 -0.028922435 -0.127572402 408.891846 0 -6.1566782 0 800
0.252868322 0.914399982 -0.0290709003 -0.12848489 410.716125 0 -6.1566782 0 800
0.250298175 0.914399982 -0.0292164224 -0.12938194 412.559784 0 -6.1566782 0 800
0.247727863 0.914399982 -0.0293590095 -0.130262494 414.425812 0 -6.1566782 0 800
0.245157382 0.914399982 -0.0294985138 -0.131125644 416.310455 0 -6.1566782 0 800
0.24258674 0.914399982 -0.0296350232 -0.13196975 418.214966 0 -6.1566782 0 800
0.240015929 0.914399982 -0.0297683111 -0.132794246 420.149445 0 -6.1566782 0 800
0.237444962 0.914399982 -0.0298985357 -0.133596852 422.105042 0 -6.1566782 0 800
0.234873826 0.914399982 -0.0300254017 -0.134376153 424.090515 0 -6.1566782 0 800
0.232302536 0.914399982 -0.0301491055 -0.135133445 426.100616 0 -6.1566782 0 800
0.229731084 0.914399982 -0.0302693739 -0.135868281 428.137329 0 -6.1566782 0 800
0.227159479 0.914399982 -0.0303863483 -0.136578694 430.198059 0 -6.1566782 0 800
0.224587715 0.914399982 -0.0304997754 -0.13726303 432.28421 0 -6.1566782 0 800
0.222015803 0.914399982 -0.0306097783 -0.137920663 434.393524 0 -6.1566782 0 800
0.219443737 0.914399982 -0.0307161302 -0.138550386 436.525848 0 -6.1566782 0 800
0.216871527 0.914399982 -0.0308189225 -0.139152303 438.700897 0 -6.1566782 0 800
0.214299169 0.914399982 -0.0309179571 -0.139726102 440.89975 0 -6.1566782 0 800
0.211726672 0.914399982 -0.0310133087 -0.14026916 443.09845 0 -6.1566782 0 800
0.209154032 0.914399982 -0.0311047418 -0.140779808 445.310242 0 -6.1566782 0 800
0.206581261 0.914399982 -0.0311923774 -0.141256273 447.5383 0 -6.1566782 0 800
0.204008353 0.914399982 -0.0312759312 -0.141697884 449.767761 0 -6.1566782 0 800
0.201435322 0.914399982 -0.0313555734 -0.142103031 452.0047 0 -6.1566782 0 800
0.198862163 0.914399982 -0.0314309729 -0.142470509 454.250793 0 -6.1566782 0 800
0.196288888 0.914399982 -0.0315023188 -0.142798409 456.510498 0 -6.1566782 0 800
0.193715495 0.914399982 -0.0315692775 -0.143083453 458.786194 0 -6.1566782 0 800
0.191141995 0.914399982 -0.0316319752 -0.143326238 461.072632 0 -6.1566782 0 800
0.18856839 0.914399982 -0.0316902003 -0.143524826 463.368896 0 -6.1566782 0 800
0.185994687 0.914399982 -0.0317439251 -0.143678993 465.674164 0 -6.1566782 0 800
0.183420893 0.914399982 -0.0317931001 -0.143784299 467.988586 0 -6.1566782 0 800
0.180847013 0.914399982 -0.0318375119 -0.143839553 470.306061 0 -6.1566782 0 800
0.178273056 0.914399982 -0.0318772494 -0.14384082 472.634705 0 -6.1566782 0 800
0.175699027 0.914399982 -0.0319120219 -0.14378202 474.968842 0 -6.1566782 0 800
0.173124936 0.914399982 -0.0319418619 -0.143668249 477.314362 0 -6.1566782 0 800
0.170550793 0.914399982 -0.0319667045 -0.143490955 479.670502 0 -6.1566782 0 800
0.167976603 0.914399982 -0.0319862563 -0.143243432 482.043549 0 -6.1566782 0 800
0.16540238 0.914399982 -0.0320006355 -0.142932385 484.434326 0 -6.1566782 0 800
0.162828132 0.914399982 -0.0320096607 -0.14254725 486.832062 0 -6.1566782 0 800
0.160253871 0.914399982 -0.032013087 -0.142083094 489.273895 0 -6.1566782 0 800
0.157679608 0.914399982 -0.0320109843 -0.141550645 491.738525 0 -6.1566782 0 800
0.155105356 0.914399982 -0.032003214 -0.140939176 494.240723 0 -6.1566782 0 800
0.152531129 0.914399982 -0.0319894713 -0.14023757 496.779816 0 -6.1566782 0 800
0.14995694 0.914399982 -0.0319698313 -0.139457822 499.368164 0 -6.1566782 0 800
0.147382805 0.914399982 -0.0319441416 -0.138600335 502.003998 0 -6.1566782 0 800
0.144808739 0.914399982 -0.0319122149 -0.137644216 504.664856 0 -6.1566782 0 800
0.142234762 0.914399982 -0.0318738137 -0.136583626 507.433868 0 -6.1566782 0 800
0.13966089 0.914399982 -0.0318289475 -0.135432556 510.249237 0 -6.1566782 0 800
0.137087141 0.914399982 -0.0317774731 -0.134192109 513.118713 0 -6.1566782 0 800
0.134513537 0.914399982 -0.0317192024 -0.132845268 516.107666 0 -6.1566782 0 800
0.1319401 0.914399982 -0.0316539416 -0.131367624 519.13501 0 -6.1566782 0 800
0.129366857 0.914399982 -0.0315814568 -0.129746109 522.249878 0 -6.1566782 0 800
0.126793831 0.914399982 -0.0315016702 -0.127985537 525.481995 0 -6.1566782 0 800
0.124221046 0.914399982 -0.0314144146 -0.126090169 528.739441 0 -6.1566782 0 800
0.121648533 0.914399982 -0.0313195134 -0.124051385 532.071289 0 -6.1566782 0 800
0.119076322 0.914399982 -0.0312167385 -0.121853665 535.534912 0 -6.1566782 0 800
0.116504447 0.914399982 -0.0311058819 -0.119484954 539.036011 0 -6.1566782 0 800
0.113932942 0.914399982 -0.0309867291 -0.116941541 542.575684 0 -6.1566782 0 800
0.11133913 0.914399982 -0.0308579003 -0.114316478 546.235046 0 -6.1566782 0 800
0.108869255 0.914399982 -0.0307269729 -0.111582033 549.972351 0 -6.1566782 0 800
0.106517412 0.914399982 -0.0305946177 -0.108799443 553.743774 0 -6.1566782 0 800
0.104277979 0.914399982 -0.0304613467 -0.105980903 557.574036 0 -6.1566782 0 800
0.102145596 0.914399982 -0.0303277099 -0.103149988 561.477112 0 -6.1566782 0 800
0.100115146 0.914399982 -0.030194359 -0.100315452 565.442993 0 -6.1566782 0 800
0.0981817748 0.914399982 -0.0300615229 -0.0974711329 569.454224 0 -6.1566782 0 800
0.0963408429 0.914399982 -0.0299296901 -0.094632782 573.508179 0 -6.1566782 0 800
0.0945879312 0.914399982 -0.0297992494 -0.0918169245 577.604126 0 -6.1566782 0 800
0.0929188367 0.914399982 -0.0296704632 -0.0890152901 581.733582 0 -6.1566782 0 800
0.0913295575 0.914399982 -0.0295435479 -0.086220935 585.901062 0 -6.1566782 0 800
0.0898162795 0.914399982 -0.0294187181 -0.0834191814 590.107849 0 -6.1566782 0 800
0.0883753581 0.914399982 -0.0292963007 -0.0805219188 594.340271 0 -6.1566782 0 800
0.0869347508 0.914399982 -0.0291702047 -0.0776270926 598.684509 0 -6.1566782 0 800
0.0854944718 0.914399982 -0.0290404139 -0.0746788606 603.20343 0 -6.1566782 0 800
0.0840545311 0.914399982 -0.0289069213 -0.0716286451 607.922607 0 -6.1566782 0 800
0.0826149498 0.914399982 -0.0287696071 -0.068483226 612.59314 0 -6.1566782 0 800
0.0811757428 0.914399982 -0.0286284242 -0.0652168244 617.088013 0 -6.1566782 0 800
0.079736934 0.914399982 -0.0284832398 -0.0618236363 621.410645 0 -6.1566782 0 800
0.0782985409 0.914399982 -0.028333993 -0.0582964458 625.658142 0 -6.1566782 0 800
0.0768605839 0.914399982 -0.0281806008 -0.0546344593 629.821411 0 -6.1566782 0 800
0.0754230847 0.914399982 -0.0280229761 -0.0508333705 633.908447 0 -6.1566782 0 800
0.0739860657 0.914399982 -0.0278610326 -0.0468905121 637.930359 0 -6.1566782 0 800
0.07254955 0.914399982 -0.0276946831 -0.0428022891 641.881592 0 -6.1566782 0 800
0.0711135632 0.914399982 -0.0275238279 -0.0385626145 645.783997 0 -6.1566782 0 800
0.069678133 0.914399982 -0.0273483587 -0.0341630206 649.612122 0 -6.1566782 0 800
0.0682432886 0.914399982 -0.0271681618 -0.0295937546 653.878845 0 -6.1566782 0 800
0.0668090617 0.914399982 -0.0269831137 -0.0248441733 657.909424 0 -6.1566782 0 800
0.0653754852 0.914399982 -0.0267930934 -0.0199010633 661.334595 0 -6.1566782 0 800
0.0639425964 0.914399982 -0.026597955 -0.014752985 664.872498 0 -6.1566782 0 800
0.06251043 0.914399982 -0.0263975827 -0.00940123014 668.487366 0 -6.1566782 0 800
0.0610790202 0.914399982 -0.0261918761 -0.00385299139 672.120605 0 -6.1566782 0 800
0.0596484052 0.914399982 -0.0259807118 0.00190612057 675.836609 0 -6.1566782 0 800
0.0582186391 0.914399982 -0.025763875 0.00790207181 679.630859 0 -6.1566782 0 800
0.0567897668 0.914399982 -0.0255412243 0.0141532188 683.47937 0 -6.1566782 0 800
0.0553618424 0.914399982 -0.0253125729 0.0206772275 687.380066 0 -6.1566782 0 800
0.0539349246 0.914399982 -0.0250777222 0.0274835993 691.341736 0 -6.1566782 0 800
0.0525090615 0.914399982 -0.0248365501 0.0345833749 695.3703 0 -6.1566782 0 800
0.0510843283 0.914399982 -0.0245887908 0.0419799723 699.472473 0 -6.1566782 0 800
0.0496607734 0.914399982 -0.0243343484 0.0496750884 703.655029 0 -6.1566782 0 800
0.0482384817 0.914399982 -0.0240729377 0.0577034838 707.956909 0 -6.1566782 0 800
0.0468175398 0.914399982 -0.0238042859 0.0661307648 712.409607 0 -6.1566782 0 800
0.0453980457 0.914399982 -0.023528087 0.0750063881 716.990173 0 -6.1566782 0 800
0.0439800856 0.914399982 -0.0232441178 0.0843428746 721.67511 0 -6.1566782 0 800
0.0425637587 0.914399982 -0.0229521117 0.0941392183 726.474121 0 -6.1566782 0 800
0.0411491691 0.914399982 -0.0226518022 0.104418337 731.394836 0 -6.1566782 0 800
0.0397364416 0.914399982 -0.022342852 0.11517895 736.450439 0 -6.1566782 0 800
0.0383257175 0.914399982 -0.0220248787 0.12647444 741.642517 0 -6.1566782 0 800
0.0369171746 0.914399982 -0.0216973784 0.138407424 746.983032 0 -6.1566782 0 800
0.0355109695 0.914399982 -0.0213599822 0.151005566 752.479797 0 -6.1566782 0 800
0.0341072749 0.914399982 -0.0210122889 0.164274797 758.195435 0 -6.1566782 0 800
0.0327062875 0.914399982 -0.0206538428 0.178219154 764.134705 0 -6.1566782 0 800
0.0313082232 0.914399982 -0.02028416 0.192886963 770.217651 0 -6.1566782 0 800
0.0299133791 0.914399982 -0.0199025065 0.208427235 776.448608 0 -6.1566782 0 800
0.0285220582 0.914399982 -0.0195082032 0.225063771 782.790527 0 -6.1566782 0 800
0.0271345876 0.914399982 -0.0191005583 0.242934063 789.174255 0 -6.1566782 0 800
0.0257513186 0.914399982 -0.0186788765 0.262080073 795.637207 0 -6.1566782 0 800
0.0243726298 0.914399982 -0.0182424523 0.282388866 802.227112 0 -6.1566782 0 800
0.0229990677 0.914399982 -0.0177901514 0.303927034 808.858093 0 -6.1566782 0 800
0.0216312253 0.914399982 -0.0173208367 0.327003837 815.443298 0 -6.1566782 0 800
0.0202698272 0.914399982 -0.0168331443 0.351858526 821.958618 0 -6.1566782 0 800
0.0189155406 0.914399982 -0.0163260384 0.378728718 828.360107 0 -6.1566782 0 800
0.0175692503 0.914399982 -0.0157980695 0.407844275 834.6651 0 -6.1566782 0 800
0.0162321003 0.914399982 -0.015247362 0.439194947 841.086121 0 -6.1566782 0 800
0.0149055813 0.914399982 -0.0146715184 0.473209292 847.832825 0 -6.1566782 0 800
0.0135911841 0.914399982 -0.0140685188 0.510370672 854.955078 0 -6.1566782 0 800
0.0122907103 0.914399982 -0.0134360502 0.550636768 862.448975 0 -6.1566782 0 800
0.0110067088 0.914399982 -0.0127707766 0.594438612 870.266113 0 -6.1566782 0 800
0.00974255726 0.914399982 -0.0120685174 0.642502248 878.533447 0 -6.1566782 0 800
0.00850202803 0.914399982 -0.0113253253 0.694690883 887.549377 0 -6.1566782 0 800
0.00728978378 0.914399982 -0.0105368381 0.74956727 897.303955 0 -6.1566782 0 800
0.00616084497 0.914399982 -0.00973202403 0.806093931 907.518188 0 -6.1566782 0 800
0.00514277206 0.914399982 -0.00893097999 0.861694932 917.748047 0 -6.1566782 0 800
0.00422996971 0.914399982 -0.00813515341 0.91274482 928.047546 0 -6.1566782 0 800
0.00343643316 0.914399982 -0.00736356438 0.95716691 939.20166 0 -6.1566782 0 800
0.00274285069 0.914399982 -0.00660441773 0.99172616 951.969604 0 -6.1566782 0 800
0.00213648818 0.914399982 -0.00585018865 1.01382887 966.305603 0 -6.1566782 0 800
0.00161211138 0.914399982 -0.00510044783 1.01918399 981.624634 0 -6.1566782 0 800
0.00116988774 0.914399982 -0.00436125254 1.00353742 997.808411 0 -6.1566782 0 800
0.000805392804 0.914399982 -0.00363199488 0.965571105 1016.26526 0 -6.1566782 0 800
0.00051469137 0.914399982 -0.00291212333 0.901899815 1038.29675 0 -6.1566782 0 800
0.000289792079 0.914399982 -0.00218676897 0.809772134 1063.39807 0 -6.1566782 0 800
0.000128627554 0.914399982 -0.00145413345 0.688818097 1091.95911 0 -6.1566782 0 800
3.20963786e-05 0.914399982 -0.000722702615 0.541091204 1125.7041 0.002882367 -6.11276722 1 800
-8.18412707e-09 0.914399982 -7.8016762e-10 0.370386362 1162.35632 0.0429913774 -5.521698 1 800
3.17941236e-05 0.914399982 0.000719176834 0.183721438 1199.8573 0.0926453769 -4.83147955 1 800
0.000127329866 0.914399982 0.00144672079 -0.0122778863 1237.99536 0.143522218 -4.16769648 1 800
0.000287011983 0.914399982 0.00217624136 -0.213941172 1276.44324 0.19629623 -3.51909304 1 800
0.000509847083 0.914399982 0.00289847388 -0.41326043 1315.35681 0.25079453 -2.88795495 1 800
0.000798755786 0.914399982 0.00361739139 -0.599825561 1350.93884 0.306423575 -2.26981997 1 800
0.00116083968 0.914399982 0.00434485961 -0.766869605 1380.99121 0.362242728 -1.66394496 1 800
0.00159974379 0.914399982 0.00508132568 -0.913470626 1405.69043 0.417664528 -1.07004941 1 800
0.00211753308 0.914399982 0.00582495707 -1.03877223 1419.70361 0.472537577 -0.461292297 1 800
0.00271975272 0.914399982 0.00657746412 -1.14257145 1420.09509 0.526010692 0 0.99698925 800
0.00340675316 0.914399982 0.00733289967 -1.22541726 1405.38147 0.576549053 0 0.947294235 800
0.00419414951 0.914399982 0.00810221109 -1.2869488 1365.41272 0.622189641 0 0.707975626 800
0.00509625241 0.914399982 0.00889228885 -1.33084357 1300.37708 0.661631107 0 0.529852808 800
0.00610047406 0.914399982 0.00968659439 -1.36177146 1223.28967 0.694654465 0 0.428837419 800
0.00721725929 0.914399982 0.0104873709 -1.37897635 1130.65601 0.721022129 0 0.366117895 800
0.00842161236 0.914399982 0.0112750257 -1.38527989 1012.22284 0.739262402 0 0.324756265 800
0.00965428513 0.914399982 0.0120175784 -1.38472068 878.01947 0.74825716 0 0.296247035 800
0.0109107177 0.914399982 0.0127191791 -1.37896323 743.485535 0.748571575 0 0.278244376 800
0.0121870365 0.914399982 0.0133839173 -1.36971807 616.366089 0.741143227 0 0.272641778 800
0.0134799311 0.914399982 0.0140158115 -1.35767734 504.937744 0.727588654 0 0.287761986 800
0.0147867318 0.914399982 0.0146184215 -1.34445155 405.328522 0.709336877 0 0.336663246 800
0.016105753 0.914399982 0.0151937912 -1.33085537 337.102966 0.687005877 0 0.43460077 800
0.0174353865 0.914399982 0.0157441928 -1.31662154 349.16568 0.661411643 0 0.412401706 800
0.0187742445 0.914399982 0.0162717597 -1.30189824 385.680664 0.633169889 0 0.314451784 800
0.0201210962 0.914399982 0.0167785712 -1.28723204 403.822266 0.602672994 0 0.26558125 800
0.0214751029 0.914399982 0.0172659452 -1.27292657 431.141541 0.570797741 0 0.246423081 800
0.022835535 0.914399982 0.0177350849 -1.25894916 465.320038 0.538234353 0 0.242370218 800
0.0242017369 0.914399982 0.0181871468 -1.2452054 503.401459 0.505227864 0 0.247793898 800
0.0255730686 0.914399982 0.0186234001 -1.2317332 540.036072 0.472674102 0 0.259344906 800
0.0269490089 0.914399982 0.0190448927 -1.21863818 570.325073 0.441996664 0 0.270954967 800
0.0283291553 0.914399982 0.0194524012 -1.20589101 594.802734 0.413660914 0 0.284667522 800
0.0297131607 0.914399982 0.0198466051 -1.19342601 613.904846 0.387465984 0 0.305035859 800
0.0311006962 0.914399982 0.020228198 -1.18120408 628.431091 0.36348474 0 0.333910853 800
0.0324914619 0.914399982 0.020597845 -1.16923332 641.206177 0.341614366 0 0.375927269 800
0.0338851739 0.914399982 0.0209562226 -1.15758479 651.710144 0.32138598 0 0.438242584 800
0.0352815876 0.914399982 0.0213039246 -1.14630651 658.048401 0.302456826 0 0.534987867 800
0.0366805184 0.914399982 0.0216413566 -1.13535559 661.252136 0.284856081 0 0.702937126 800
0.0380818015 0.914399982 0.0219688835 -1.12466753 663.767334 0.268551707 0 0.946567357 800
0.0394852649 0.914399982 0.0222869376 -1.11424136 666.502563 0.253292143 0 0.994618893 800
0.0408907416 0.914399982 0.0225959739 -1.10410094 668.519165 0.238846079 -0.0603035577 1 800
0.0422980875 0.914399982 0.0228963829 -1.09426463 668.788635 0.22519134 -0.410656303 1 800
0.0437071758 0.914399982 0.02318851 -1.08472013 667.53656 0.212355092 -0.727588654 1 800
0.0451179004 0.914399982 0.0234726299 -1.07542515 665.403381 0.200267017 -1.01982009 1 800
0.0465301623 0.914399982 0.0237490072 -1.06633961 662.759033 0.188787639 -1.29457486 1 800
0.0479438761 0.914399982 0.0240178595 -1.0574261 660.089722 0.177770928 -1.55945599 1 800
0.0493589461 0.914399982 0.0242794793 -1.04867458 657.7146 0.167206168 -1.81673968 1 800
0.0507752826 0.914399982 0.0245341536 -1.04010928 655.880127 0.157093778 -2.06754613 1 800
0.0521928037 0.914399982 0.0247821493 -1.03174126 654.467407 0.147472486 -2.30941772 1 800
0.053611457 0.914399982 0.0250235848 -1.02354729 653.036865 0.13828285 -2.54103756 1 800
0.0550311681 0.914399982 0.0252587197 -1.01551354 651.255554 0.129418179 -2.76333117 1 800
0.0564518876 0.914399982 0.025487683 -1.00763333 649.031921 0.120865971 -2.97649741 1 800
0.0578735603 0.914399982 0.0257106511 -0.999890625 646.410034 0.112609208 -3.1815691 1 800
0.0592961273 0.914399982 0.0259278406 -0.992282867 643.592224 0.10467568 -3.37886357 1 800
0.0607195509 0.914399982 0.026139343 -0.984804869 640.782043 0.0970729142 -3.56915593 1 800
0.0621437714 0.914399982 0.026345411 -0.977464736 637.944214 0.089746505 -3.75364614 1 800
0.063568751 0.914399982 0.0265461631 -0.970270753 635.047302 0.0826597661 -3.93315506 1 800
0.064994453 0.914399982 0.0267417178 -0.96320343 632.146484 0.0757965222 -4.10828209 1 800
0.066420846 0.914399982 0.0269321681 -0.956240773 629.263794 0.0691422522 -4.27943039 1 800
0.0678478935 0.914399982 0.0271176497 -0.949376464 626.438721 0.0627124086 -4.4462142 1 800
0.0692755612 0.914399982 0.0272982955 -0.942615807 623.754639 0.0565318689 -4.60805511 1 800
0.0707038184 0.914399982 0.0274742205 -0.935960233 621.269714 0.0505966768 -4.76501894 1 800
0.0721326342 0.914399982 0.0276455485 -0.929407835 618.896179 0.0448452942 -4.91841125 1 800
0.0735619812 0.914399982 0.0278123874 -0.922958612 616.555969 0.0392786637 -5.06794882 1 800
0.0749918329 0.914399982 0.0279748443 -0.916609883 614.251221 0.0339124836 -5.21312332 1 800
0.076422167 0.914399982 0.028132998 -0.910354674 611.970154 0.0287284292 -5.35435772 1 800
0.0778529609 0.914399982 0.0282869361 -0.904182076 609.717651 0.0237600151 -5.49065113 1 800
0.0792841958 0.914399982 0.0284367182 -0.898081303 607.49823 0.018993441 -5.62232018 1 800
0.0807158493 0.914399982 0.0285824455 -0.892037868 605.332886 0.0144537203 -5.74859381 1 800
0.0821479085 0.914399982 0.0287241284 -0.886063814 603.24585 0.0101465257 -5.86921835 1 800
0.0835803295 0.914399982 0.0288621061 -0.880181015 601.197815 0.00604917482 -5.98473024 1 800
0.085013118 0.914399982 0.028996215 -0.874403 599.150208 0.00212628604 -6.09602594 1 800
0.0864462491 0.914399982 0.029126612 -0.868688405 597.105713 0 -6.1566782 0 800
0.0878797114 0.914399982 0.0292533156 -0.863118947 595.066406 0 -6.1566782 0 800
0.0893124563 0.914399982 0.0293763726 -0.857576489 593.038391 0 -6.1566782 0 800
0.0908171694 0.914399982 0.0295016658 -0.851876736 591.026672 0 -6.1566782 0 800
0.0923974449 0.914399982 0.029629238 -0.845899284 589.031799 0 -6.1566782 0 800
0.0940570855 0.914399982 0.0297587638 -0.839708209 587.054199 0 -6.1566782 0 800
0.0958000717 0.914399982 0.0298900254 -0.833282888 585.092773 0 -6.1566782 0 800
0.0976305922 0.914399982 0.0300226413 -0.826602221 583.148193 0 -6.1566782 0 800
0.0995530378 0.914399982 0.0301562624 -0.819669425 581.218994 0 -6.1566782 0 800
0.101572004 0.914399982 0.0302907139 -0.812499821 579.305481 0 -6.1566782 0 800
0.103692349 0.914399982 0.0304252619 -0.805079043 577.410339 0 -6.1566782 0 800
0.105919135 0.914399982 0.0305597031 -0.797397673 575.543091 0 -6.1566782 0 800
0.108257701 0.914399982 0.0306933597 -0.78945291 573.702881 0 -6.1566782 0 800
0.110713646 0.914399982 0.0308255783 -0.781192482 571.884949 0 -6.1566782 0 800
0.113292837 0.914399982 0.0309558151 -0.772835791 570.103638 0 -6.1566782 0 800
0.115868178 0.914399982 0.0310772345 -0.76445055 567.803711 0 -6.1566782 0 800
0.118443899 0.914399982 0.0311902827 -0.756234527 565.392456 0 -6.1566782 0 800
0.121019967 0.914399982 0.0312951718 -0.748134553 563.442749 0 -6.1566782 0 800
0.123596345 0.914399982 0.0313921188 -0.740145087 561.50116 0 -6.1566782 0 800
0.126173003 0.914399982 0.0314813059 -0.732254803 559.546692 0 -6.1566782 0 800
0.128749911 0.914399982 0.0315629617 -0.724460125 557.498596 0 -6.1566782 0 800
0.131327042 0.914399982 0.0316372545 -0.716757655 555.327576 0 -6.1566782 0 800
0.13390437 0.914399982 0.0317043525 -0.709147274 553.056335 0 -6.1566782 0 800
0.136481871 0.914399982 0.0317644283 -0.701624453 550.662476 0 -6.1566782 0 800
0.139059525 0.914399982 0.031817584 -0.694181323 548.122925 0 -6.1566782 0 800
0.141637309 0.914399982 0.0318639853 -0.68681407 545.545898 0 -6.1566782 0 800
0.144215202 0.914399982 0.0319038691 -0.679547966 542.920654 0 -6.1566782 0 800
0.146793186 0.914399982 0.031937372 -0.672383368 540.213257 0 -6.1566782 0 800
0.149371244 0.914399982 0.0319645981 -0.665275812 537.594788 0 -6.1566782 0 800
0.15194936 0.914399982 0.0319855684 -0.658217311 534.996948 0 -6.1566782 0 800
0.154527518 0.914399982 0.0320005731 -0.651233613 532.400269 0 -6.1566782 0 800
0.157105703 0.914399982 0.032009777 -0.644335926 529.820679 0 -6.1566782 0 800
0.159683902 0.914399982 0.0320131373 -0.637504697 527.29364 0 -6.1566782 0 800
0.162262103 0.914399982 0.0320108359 -0.630732298 524.83252 0 -6.1566782 0 800
0.164840292 0.914399982 0.032003077 -0.624027669 522.441528 0 -6.1566782 0 800
0.16741846 0.914399982 0.0319898652 -0.617385507 520.131531 0 -6.1566782 0 800
0.169996595 0.914399982 0.0319712932 -0.610803962 517.92395 0 -6.1566782 0 800
0.172574688 0.914399982 0.0319476332 -0.604290783 515.824585 0 -6.1566782 0 800
0.175152728 0.914399982 0.0319187767 -0.597841024 513.792786 0 -6.1566782 0 800
0.177730707 0.914399982 0.0318849457 -0.591454148 511.773041 0 -6.1566782 0 800
0.180308619 0.914399982 0.0318462868 -0.585132122 509.784332 0 -6.1566782 0 800
0.182886452 0.914399982 0.0318026742 -0.578864098 507.864502 0 -6.1566782 0 800
0.185464202 0.914399982 0.0317544544 -0.572651505 505.956207 0 -6.1566782 0 800
0.188041861 0.914399982 0.0317015621 -0.566496849 503.992981 0 -6.1566782 0 800
0.190619423 0.914399982 0.0316441414 -0.560395479 502.025116 0 -6.1566782 0 800
0.193196883 0.914399982 0.031582296 -0.554347396 500.103394 0 -6.1566782 0 800
0.195774232 0.914399982 0.0315160055 -0.548351228 498.136383 0 -6.1566782 0 800
0.198351471 0.914399982 0.0314455328 -0.542406619 496.131714 0 -6.1566782 0 800
0.200928586 0.914399982 0.0313706944 -0.53651005 494.179657 0 -6.1566782 0 800
0.203505582 0.914399982 0.0312918604 -0.530662417 492.199188 0 -6.1566782 0 800
0.206082447 0.914399982 0.0312088442 -0.524863601 490.195404 0 -6.1566782 0 800
0.208659183 0.914399982 0.0311219381 -0.519110322 488.253418 0 -6.1566782 0 800
0.211235781 0.914399982 0.0310310196 -0.513401449 486.306366 0 -6.1566782 0 800
0.213812243 0.914399982 0.0309363212 -0.50773567 484.380463 0 -6.1566782 0 800
0.216388561 0.914399982 0.0308377791 -0.502112925 482.518097 0 -6.1566782 0 800
0.218964735 0.914399982 0.0307355713 -0.496531993 480.672943 0 -6.1566782 0 800
0.221540761 0.914399982 0.0306296625 -0.490992516 478.88089 0 -6.1566782 0 800
0.224116638 0.914399982 0.0305202144 -0.485493541 477.129181 0 -6.1566782 0 800
0.226692361 0.914399982 0.0304071745 -0.480033696 475.421082 0 -6.1566782 0 800
0.229267931 0.914399982 0.0302907237 -0.474612743 473.762482 0 -6.1566782 0 800
0.231843342 0.914399982 0.0301707915 -0.469230473 472.142517 0 -6.1566782 0 800
0.234418597 0.914399982 0.0300475797 -0.4638879 470.571808 0 -6.1566782 0 800
0.236993689 0.914399982 0.0299209855 -0.458585441 469.028625 0 -6.1566782 0 800
0.239568624 0.914399982 0.0297912424 -0.453321874 467.522949 0 -6.1566782 0 800
0.242143391 0.914399982 0.0296581954 -0.448089778 466.044006 0 -6.1566782 0 800
0.244717998 0.914399982 0.0295221146 -0.442882031 464.591125 0 -6.1566782 0 800
0.247292435 0.914399982 0.0293828288 -0.437699467 463.160156 0 -6.1566782 0 800
0.24986671 0.914399982 0.0292405987 -0.432545811 461.746857 0 -6.1566782 0 800
0.252440814 0.914399982 0.0290952986 -0.427421719 460.347443 0 -6.1566782 0 800
0.255014754 0.914399982 0.0289471127 -0.422326297 458.949707 0 -6.1566782 0 800
0.257588522 0.914399982 0.0287959881 -0.417261064 457.56131 0 -6.1566782 0 800
0.260162123 0.914399982 0.0286420252 -0.412224859 456.175598 0 -6.1566782 0 800
0.262735553 0.914399982 0.0284852469 -0.407217056 454.789978 0 -6.1566782 0 800
0.265308812 0.914399982 0.0283256815 -0.402237713 453.405334 0 -6.1566782 0 800
0.267881903 0.914399982 0.0281634281 -0.397287786 452.018555 0 -6.1566782 0 800
0.27045482 0.914399982 0.0279984376 -0.392367244 450.624969 0 -6.1566782 0 800
0.273027571 0.914399982 0.0278308701 -0.387475967 449.226257 0 -6.1566782 0 800
0.275600144 0.914399982 0.0276606079 -0.382612705 447.833771 0 -6.1566782 0 800
0.278172552 0.914399982 0.02748786 -0.37777704 446.437042 0 -6.1566782 0 800
0.280744782 0.914399982 0.0273124906 -0.372968018 445.040802 0 -6.1566782 0 800
0.283316846 0.914399982 0.0271346928 -0.368185222 443.647644 0 -6.1566782 0 800
0.285888735 0.914399982 0.0269543875 -0.363429427 442.25943 0 -6.1566782 0 800
0.288460455 0.914399982 0.0267716903 -0.358698964 440.876404 0 -6.1566782 0 800
0.291032003 0.914399982 0.0265865738 -0.353992283 439.50177 0 -6.1566782 0 800
0.29360338 0.914399982 0.026399104 -0.349308223 438.139954 0 -6.1566782 0 800
0.296174586 0.914399982 0.0262093064 -0.344646305 436.786926 0 -6.1566782 0 800
0.29874562 0.914399982 0.0260171953 -0.340005696 435.443329 0 -6.1566782 0 800
0.301316486 0.914399982 0.0258228425 -0.335386008 434.109192 0 -6.1566782 0 800
0.303887178 0.914399982 0.0256262152 -0.330786288 432.792267 0 -6.1566782 0 800
0.306457704 0.914399982 0.0254274166 -0.326205939 431.486328 0 -6.1566782 0 800
0.309028056 0.914399982 0.025226386 -0.321644127 430.203888 0 -6.1566782 0 800
0.311598243 0.914399982 0.0250232499 -0.317100167 428.938049 0 -6.1566782 0 800
0.314168256 0.914399982 0.0248179235 -0.312573284 427.692383 0 -6.1566782 0 800
0.316738104 0.914399982 0.0246105535 -0.308062911 426.468628 0 -6.1566782 0 800
0.319307779 0.914399982 0.0244010446 -0.303567857 425.264069 0 -6.1566782 0 800
0.32187729 0.914399982 0.0241895324 -0.299086243 424.07959 0 -6.1566782 0 800
0.324446629 0.914399982 0.0239759379 -0.29461652 422.914185 0 -6.1566782 0 800
0.327015803 0.914399982 0.0237603734 -0.290157497 421.768524 0 -6.1566782 0 800
0.329584806 0.914399982 0.0235427819 -0.285709202 420.639465 0 -6.1566782 0 800
0.332153644 0.914399982 0.0233232546 -0.281271428 419.526001 0 -6.1566782 0 800
0.334722314 0.914399982 0.0231017543 -0.276843876 418.425781 0 -6.1566782 0 800
0.337290817 0.914399982 0.0228783444 -0.272426099 417.342896 0 -6.1566782 0 800
0.339859154 0.914399982 0.0226530243 -0.26801756 416.26947 0 -6.1566782 0 800
0.342427324 0.914399982 0.0224258003 -0.263617069 415.209015 0 -6.1566782 0 800
0.344995329 0.914399982 0.0221967295 -0.259224117 414.158844 0 -6.1566782 0 800
0.347563164 0.914399982 0.0219657647 -0.25483802 413.117828 0 -6.1566782 0 800
0.350130838 0.914399982 0.0217330137 -0.250458449 412.085083 0 -6.1566782 0 800
0.352698341 0.914399982 0.0214983804 -0.246083438 411.057709 0 -6.1566782 0 800
0.355265681 0.914399982 0.0212619755 -0.241709217 410.037537 0 -6.1566782 0 800
0.357832846 0.914399982 0.0210236648 -0.237335756 409.020355 0 -6.1566782 0 800
0.360399856 0.914399982 0.020783702 -0.232970491 408.006836 0 -6.1566782 0 800
0.362966707 0.914399982 0.0205420412 -0.228611261 406.995544 0 -6.1566782 0 800
0.365533374 0.914399982 0.0202984401 -0.224246338 405.985596 0 -6.1566782 0 800
0.368099885 0.914399982 0.0200531987 -0.219881877 404.974731 0 -6.1566782 0 800
0.37066624 0.914399982 0.0198063264 -0.215521082 403.961609 0 -6.1566782 0 800
0.373232409 0.914399982 0.0195575285 -0.211152598 402.950043 0 -6.1566782 0 800
0.375798423 0.914399982 0.0193071313 -0.206781447 401.93399 0 -6.1566782 0 800
0.378364279 0.914399982 0.019055128 -0.202411622 400.916595 0 -6.1566782 0 800
0.38092995 0.914399982 0.0188012431 -0.198032618 399.89621 0 -6.1566782 0 800
0.383495464 0.914399982 0.0185457892 -0.193647459 398.871155 0 -6.1566782 0 800
0.386060815 0.914399982 0.0182886908 -0.189259559 397.828674 0 -6.1566782 0 800
0.388625987 0.914399982 0.0180298195 -0.184862852 396.772278 0 -6.1566782 0 800
0.391191004 0.914399982 0.0177694106 -0.180458516 395.749512 0 -6.1566782 0 800
0.393755845 0.914399982 0.017507271 -0.176045507 394.709229 0 -6.1566782 0 800
0.396320517 0.914399982 0.0172434929 -0.171622172 393.633636 0 -6.1566782 0 800
0.39888503 0.914399982 0.0169781651 -0.167189255 392.598907 0 -6.1566782 0 800
0.401449356 0.914399982 0.016711047 -0.1627426 391.566284 0 -6.1566782 0 800
0.404013528 0.914399982 0.0164424431 -0.158282518 390.487488 0 -6.1566782 0 800
0.406577516 0.914399982 0.0161720962 -0.15380846 389.427124 0 -6.1566782 0 800
0.409141339 0.914399982 0.0159001827 -0.149318889 388.380859 0 -6.1566782 0 800
0.41170499 0.914399982 0.0156266566 -0.144814685 387.291718 0 -6.1566782 0 800
0.414268464 0.914399982 0.015351477 -0.140293121 386.217224 0 -6.1566782 0 800
0.416831768 0.914399982 0.0150747174 -0.135752976 385.152405 0 -6.1566782 0 800
0.419394891 0.914399982 0.0147962876 -0.131193787 384.054962 0 -6.1566782 0 800
0.421957846 0.914399982 0.0145163095 -0.12661463 382.981567 0 -6.1566782 0 800
0.424520615 0.914399982 0.0142346401 -0.122013882 381.890106 0 -6.1566782 0 800
0.427083212 0.914399982 0.0139514141 -0.117390618 380.777405 0 -6.1566782 0 800
0.429645627 0.914399982 0.0136665334 -0.112743832 379.701691 0 -6.1566782 0 800
0.432207861 0.914399982 0.0133800351 -0.108072311 378.596344 0 -6.1566782 0 800
0.434769915 0.914399982 0.0130919408 -0.103375748 377.486542 0 -6.1566782 0 800
0.437331782 0.914399982 0.0128021761 -0.0986525342 376.375305 0 -6.1566782 0 800
0.439893474 0.914399982 0.0125108748 -0.0939014629 375.247742 0 -6.1566782 0 800
0.442454967 0.914399982 0.0122178211 -0.0891196877 374.14328 0 -6.1566782 0 800
0.445016278 0.914399982 0.0119231912 -0.0843075216 373.016479 0 -6.1566782 0 800
0.447577404 0.914399982 0.011626955 -0.0794655979 371.879272 0 -6.1566782 0 800
0.45013833 0.914399982 0.0113289909 -0.0745899379 370.74408 0 -6.1566782 0 800
0.452699069 0.914399982 0.0110294258 -0.0696814433 369.599945 0 -6.1566782 0 800
0.455259619 0.914399982 0.0107282484 -0.0647404566 368.44989 0 -6.1566782 0 800
0.457819962 0.914399982 0.0104253199 -0.0597622879 367.288208 0 -6.1566782 0 800
0.460380109 0.914399982 0.0101207367 -0.0547468439 366.120605 0 -6.1566782 0 800
0.462940061 0.914399982 0.00981451781 -0.0496965162 364.937622 0 -6.1566782 0 800
0.46549981 0.914399982 0.00950660895 -0.0446098819 363.749512 0 -6.1566782 0 800
0.468059357 0.914399982 0.00919701723 -0.0394845717 362.545746 0 -6.1566782 0 800
0.47061869 0.914399982 0.0088856712 -0.0343193039 361.324432 0 -6.1566782 0 800
0.473177816 0.914399982 0.0085726292 -0.0291146226 360.097656 0 -6.1566782 0 800
0.475736732 0.914399982 0.00825786855 -0.0238714311 358.843384 0 -6.1566782 0 800
0.478295434 0.914399982 0.00794137496 -0.0185894743 357.586517 0 -6.1566782 0 800
0.480853921 0.914399982 0.00762314525 -0.0132690091 356.297516 0 -6.1566782 0 800
0.483412189 0.914399982 0.00730316753 -0.00791069772 354.973175 0 -6.1566782 0 800
0.485970238 0.914399982 0.00698143863 -0.00251404988 353.663544 0 -6.1566782 0 800
0.488528057 0.914399982 0.00665788786 0.0029217538 352.309174 0 -6.1566782 0 800
0.491085649 0.914399982 0.0063325434 0.0083950758 350.902069 0 -6.1566782 0 800
0.493643014 0.914399982 0.00600542351 0.0139035638 349.489014 0 -6.1566782 0 800
0.496200149 0.914399982 0.0056765146 0.0194470342 348.048248 0 -6.1566782 0 800
0.498757039 0.914399982 0.00534570177 0.0250255559 346.557617 0 -6.1566782 0 800
0.501313699 0.914399982 0.00501311406 0.0306377728 345.025909 0 -6.1566782 0 800
0.503870103 0.914399982 0.00467856306 0.036282029 343.455688 0 -6.1566782 0 800
0.50642627 0.914399982 0.0043422108 0.0419565514 341.848541 0 -6.1566782 0 800
0.508982184 0.914399982 0.0040039379 0.0476564206 340.195526 0 -6.1566782 0 800
0.511537855 0.914399982 0.00366384071 0.0533822067 338.485504 0 -6.1566782 0 800
0.514093255 0.914399982 0.00332170415 0.0591276251 336.722748 0 -6.1566782 0 800
0.516648403 0.914399982 0.00297770244 0.0648976341 334.900421 0 -6.1566782 0 800
0.519203289 0.914399982 0.00263174854 0.0706677958 333.005585 0 -6.1566782 0 800
0.521757904 0.914399982 0.00228380711 0.0764626861 331.044464 0 -6.1566782 0 800
0.524312244 0.914399982 0.00193384576 0.082199201 329.01886 0 -6.1566782 0 800
0.526866315 0.914399982 0.00158192817 0.0878836438 326.904327 0 -6.1566782 0 800
0.52942009 0.914399982 0.00122787388 0.0925536826 324.687683 0 -6.1566782 0 800
0.531069981 0.914399982 0.000998093031 0.096215412 322.383484 0 -6.1566782 0 800
0.532101091 0.914399982 0.000853961954 0.0981456786 319.968262 0 -6.1566782 0 800
0.532745525 0.914399982 0.000763814193 0.0986770913 317.428864 0 -6.1566782 0 800
0.533148284 0.914399982 0.000707382481 0.0988193229 314.775299 0 -6.1566782 0 800
0.533400004 0.914399982 0.000672085901 0.0954329818 311.972778 0 -6.1566782 0 800
0.533400001 0.914399982 0.000582474699 0.0881093964 308.99646 0 -6.1566782 0 800
0.533399997 0.914399982 0.000492863497 0.0923226997 305.853821 0 -6.1566782 0 800
0.533399993 0.914399982 0.000403252296 0.0921963081 302.54364 0 -6.1566782 0 800
0.533399989 0.914399982 0.000313641094 0.0932006389 299.006134 0 -6.1566782 0 800
0.533399987 0.914399982 0.000224029892 0.0939021185 295.211853 0 -6.1566782 0 800
0.533399989 0.914399982 0.000134418691 0.0946045071 291.148712 0 -6.1566782 0 800
0.53339999 0.914399982 4.48074889e-05 0.0950235948 286.749664 0 -6.1566782 0 800
0.533399991 0.914399982 -4.48037127e-05 0.0951114669 282.307861 0 -6.1566782 0 800
0.533399993 0.914399982 -0.000134414914 0.0948637202 278.78006 0 -6.1566782 0 800
0.533399994 0.914399982 -0.000224026116 0.0941695869 276.576569 0 -6.1566782 0 800
0.533399998 0.914399982 -0.000313637317 0.0935161412 276.355347 0 -6.1566782 0 800
0.533400005 0.914399982 -0.000403248519 0.0919943675 279.042664 0 -6.1566782 0 800
0.533400012 0.914399982 -0.00049285972 0.0926277936 300.263245 0 -6.1566782 0 800
0.533400018 0.914399982 -0.00058247092 0.0851805359 284.744354 0 -6.1566782 0 800

ZONE T="SLICE_Y_0p9144_BINS03_KS_0p5mm_CUTDATA"
0.533400018 0.914399982 -0.00058247092 0.0851805359 159.29364 0 -6.1566782 0 800
0.533400004 0.914399982 -0.000672082119 0.0976350829 166.488892 0 -6.1566782 0 800
0.533148466 0.914399982 -0.000707354403 0.101727836 182.114731 0 -6.1566782 0 800
0.532745998 0.914399982 -0.000763745625 0.100308456 192.161499 0 -6.1566782 0 800
0.53210203 0.914399982 -0.000853827126 0.0995936692 202.093292 0 -6.1566782 0 800
0.531071666 0.914399982 -0.00099785339 0.0970543772 204.624695 0 -6.1566782 0 800
0.529422969 0.914399982 -0.00122746797 0.0928454548 200.697083 0 -6.1566782 0 800
0.526873095 0.914399982 -0.00158098831 0.0877554417 196.081985 0 -6.1566782 0 800
0.524322926 0.914399982 -0.00193237185 0.081875734 190.530579 0 -6.1566782 0 800
0.521772489 0.914399982 -0.0022818114 0.0762818605 179.239304 0 -6.1566782 0 800
0.519221778 0.914399982 -0.00262923523 0.070899941 162.352798 0 -6.1566782 0 800
0.516670797 0.914399982 -0.0029746773 0.0657896027 141.622345 0 -6.1566782 0 800
0.514119553 0.914399982 -0.00331817313 0.0608872622 114.719322 0 -6.1566782 0 800
0.511568058 0.914399982 -0.00365979377 0.056194935 131.556335 0 -6.1566782 0 800
0.509016294 0.914399982 -0.00399940552 0.0516900122 131.556335 0 -6.1566782 0 800
0.506464287 0.914399982 -0.00433718384 0.0473621301 211.241638 0 -6.1566782 0 800
0.50391203 0.914399982 -0.00467306469 0.043197304 198.602524 0 -6.1566782 0 800
0.501359535 0.914399982 -0.00500713669 0.0391902924 168.783386 0 -6.1566782 0 800
0.498806784 0.914399982 -0.00533924521 0.0353310816 159.668167 0 -6.1566782 0 800
0.496253803 0.914399982 -0.00566957616 0.0316068158 157.803879 0 -6.1566782 0 800
0.49370058 0.914399982 -0.00599804175 0.0280087087 159.363342 0 -6.1566782 0 800
0.491147126 0.914399982 -0.00632469778 0.024528088 163.176147 0 -6.1566782 0 800
0.488593446 0.914399982 -0.00664958131 0.0211564302 168.556183 0 -6.1566782 0 800
0.48603954 0.914399982 -0.00697269046 0.017889604 174.333908 0 -6.1566782 0 800
0.483485406 0.914399982 -0.00729398822 0.0147234434 180.034195 0 -6.1566782 0 800
0.480931051 0.914399982 -0.00761352572 0.0116503704 185.592682 0 -6.1566782 0 800
0.478376479 0.914399982 -0.00793132724 0.0086638229 190.990646 0 -6.1566782 0 800
0.475821692 0.914399982 -0.00824739351 0.00575977471 196.21463 0 -6.1566782 0 800
0.473266692 0.914399982 -0.00856172802 0.00293383794 201.277557 0 -6.1566782 0 800
0.470711482 0.914399982 -0.00887435928 0.000182269228 206.183243 0 -6.1566782 0 800
0.468156063 0.914399982 -0.00918526844 -0.00249689305 210.943756 0 -6.1566782 0 800
0.465600434 0.914399982 -0.00949445508 -0.00510709127 215.55835 0 -6.1566782 0 800
0.463044603 0.914399982 -0.00980196434 -0.00765360054 220.042557 0 -6.1566782 0 800
0.460488571 0.914399982 -0.0101077948 -0.0101419175 224.389984 0 -6.1566782 0 800
0.457932344 0.914399982 -0.0104119964 -0.0125734964 228.615875 0 -6.1566782 0 800
0.455375917 0.914399982 -0.0107145051 -0.0149451979 232.724121 0 -6.1566782 0 800
0.452819289 0.914399982 -0.0110153132 -0.0172610115 236.703232 0 -6.1566782 0 800
0.450262471 0.914399982 -0.0113145094 -0.0195301939 240.592133 0 -6.1566782 0 800
0.447705468 0.914399982 -0.0116121166 -0.0217508338 244.389313 0 -6.1566782 0 800
0.44514826 0.914399982 -0.01190795 -0.0239229053 248.069778 0 -6.1566782 0 800
0.442590872 0.914399982 -0.0122022341 -0.0260545406 251.649704 0 -6.1566782 0 800
0.440033299 0.914399982 -0.0124948975 -0.0281458199 255.139572 0 -6.1566782 0 800
0.437475532 0.914399982 -0.0127858649 -0.0301975459 258.546783 0 -6.1566782 0 800
0.434917592 0.914399982 -0.0130753062 -0.0322116129 261.867188 0 -6.1566782 0 800
0.432359457 0.914399982 -0.01336302 -0.0341891237 265.104126 0 -6.1566782 0 800
0.42980115 0.914399982 -0.0136492021 -0.0361332335 268.273315 0 -6.1566782 0 800
0.427242658 0.914399982 -0.013933718 -0.0380446725 271.374023 0 -6.1566782 0 800
0.424683989 0.914399982 -0.0142166417 -0.039924778 274.40509 0 -6.1566782 0 800
0.422125141 0.914399982 -0.0144979481 -0.0417749994 277.354034 0 -6.1566782 0 800
0.419566117 0.914399982 -0.0147776435 -0.0435963757 280.235962 0 -6.1566782 0 800
0.417006917 0.914399982 -0.0150557235 -0.0453902334 283.087006 0 -6.1566782 0 800
0.414447544 0.914399982 -0.0153322065 -0.0471574478 285.869171 0 -6.1566782 0 800
0.411887994 0.914399982 -0.0156070442 -0.0488989502 288.575439 0 -6.1566782 0 800
0.409328275 0.914399982 -0.0158803148 -0.0506157801 291.258789 0 -6.1566782 0 800
0.406768377 0.914399982 -0.0161518946 -0.0523120053 293.883057 0 -6.1566782 0 800
0.404208323 0.914399982 -0.0164219968 -0.0539847016 296.443726 0 -6.1566782 0 800
0.401648078 0.914399982 -0.0166902858 -0.0556321479 298.984924 0 -6.1566782 0 800
0.399087677 0.914399982 -0.0169570843 -0.0572591163 301.476929 0 -6.1566782 0 800
0.396527101 0.914399982 -0.0172221887 -0.0588659421 303.905396 0 -6.1566782 0 800
0.393966355 0.914399982 -0.0174856599 -0.0604568347 306.29361 0 -6.1566782 0 800
0.391405453 0.914399982 -0.0177475985 -0.0620275512 308.66391 0 -6.1566782 0 800
0.388844364 0.914399982 -0.0180077128 -0.0635758638 311.003632 0 -6.1566782 0 800
0.386283121 0.914399982 -0.0182662943 -0.0651096925 313.304138 0 -6.1566782 0 800
0.383721709 0.914399982 -0.0185232101 -0.0666262656 315.579651 0 -6.1566782 0 800
0.381160124 0.914399982 -0.0187783802 -0.068126522 317.821747 0 -6.1566782 0 800
0.378598383 0.914399982 -0.0190319891 -0.0696132034 320.034363 0 -6.1566782 0 800
0.376036469 0.914399982 -0.01928384 -0.0710813701 322.218719 0 -6.1566782 0 800
0.373474386 0.914399982 -0.0195339749 -0.0725364983 324.386963 0 -6.1566782 0 800
0.370912148 0.914399982 -0.0197825124 -0.0739805102 326.520325 0 -6.1566782 0 800
0.368349737 0.914399982 -0.0200292581 -0.0754052848 328.627197 0 -6.1566782 0 800
0.365787158 0.914399982 -0.020274252 -0.0768171847 330.723328 0 -6.1566782 0 800
0.363224424 0.914399982 -0.0205176118 -0.0782223493 332.778503 0 -6.1566782 0 800
0.360661519 0.914399982 -0.0207591794 -0.0796108842 334.835571 0 -6.1566782 0 800
0.358098443 0.914399982 -0.020998914 -0.0809851363 336.861969 0 -6.1566782 0 800
0.35553521 0.914399982 -0.0212369703 -0.0823578387 338.859375 0 -6.1566782 0 800
0.352971818 0.914399982 -0.021473304 -0.0837220475 340.857605 0 -6.1566782 0 800
0.35040825 0.914399982 -0.0217077242 -0.0850675926 342.811798 0 -6.1566782 0 800
0.347844519 0.914399982 -0.0219403511 -0.0863994136 344.778259 0 -6.1566782 0 800
0.345280622 0.914399982 -0.022171153 -0.0877217278 346.720398 0 -6.1566782 0 800
0.342716559 0.914399982 -0.0224000883 -0.0890342295 348.607513 0 -6.1566782 0 800
0.340152332 0.914399982 -0.0226271915 -0.0903362185 350.543671 0 -6.1566782 0 800
0.337587935 0.914399982 -0.0228523647 -0.0916284993 352.443054 0 -6.1566782 0 800
0.335023377 0.914399982 -0.0230756951 -0.0929109156 354.275665 0 -6.1566782 0 800
0.332458647 0.914399982 -0.0232970391 -0.094183147 356.168549 0 -6.1566782 0 800
0.329893756 0.914399982 -0.0235165074 -0.0954456553 358.028137 0 -6.1566782 0 800
0.327328693 0.914399982 -0.0237339581 -0.0966988057 359.818024 0 -6.1566782 0 800
0.324763467 0.914399982 -0.0239494825 -0.0979426652 361.666321 0 -6.1566782 0 800
0.32219807 0.914399982 -0.0241629526 -0.0991769582 363.500244 0 -6.1566782 0 800
0.319632509 0.914399982 -0.0243744464 -0.10040202 365.267578 0 -6.1566782 0 800
0.317066776 0.914399982 -0.0245838475 -0.101617828 367.046875 0 -6.1566782 0 800
0.314500879 0.914399982 -0.0247912231 -0.102824286 368.834229 0 -6.1566782 0 800
0.311934809 0.914399982 -0.0249964552 -0.104021572 370.608612 0 -6.1566782 0 800
0.309368575 0.914399982 -0.0251996226 -0.105209157 372.367157 0 -6.1566782 0 800
0.306802167 0.914399982 -0.0254005786 -0.106386885 374.117737 0 -6.1566782 0 800
0.304235595 0.914399982 -0.0255994314 -0.107554257 375.861206 0 -6.1566782 0 800
0.301668847 0.914399982 -0.0257960025 -0.108711556 377.599335 0 -6.1566782 0 800
0.299101936 0.914399982 -0.0259904291 -0.109858491 379.332703 0 -6.1566782 0 800
0.296534849 0.914399982 -0.0261825112 -0.110994421 381.059479 0 -6.1566782 0 800
0.293967597 0.914399982 -0.026372379 -0.112119935 382.783844 0 -6.1566782 0 800
0.29140017 0.914399982 -0.0265598687 -0.113234833 384.504883 0 -6.1566782 0 800
0.288832576 0.914399982 -0.0267450536 -0.114339255 386.223236 0 -6.1566782 0 800
0.286264808 0.914399982 -0.0269278228 -0.115432955 387.939453 0 -6.1566782 0 800
0.283696871 0.914399982 -0.027108193 -0.116516419 389.653473 0 -6.1566782 0 800
0.281128764 0.914399982 -0.0272861165 -0.117589325 391.366272 0 -6.1566782 0 800
0.278560484 0.914399982 -0.0274615405 -0.118651673 393.082153 0 -6.1566782 0 800
0.275992036 0.914399982 -0.0276344787 -0.119701989 394.800079 0 -6.1566782 0 800
0.273423413 0.914399982 -0.0278048054 -0.120739847 396.525513 0 -6.1566782 0 800
0.270854625 0.914399982 -0.0279726101 -0.121763453 398.258484 0 -6.1566782 0 800
0.268285659 0.914399982 -0.0281376881 -0.122772194 400.000671 0 -6.1566782 0 800
0.26571653 0.914399982 -0.028300188 -0.123765901 401.752777 0 -6.1566782 0 800
0.263147224 0.914399982 -0.028459889 -0.124742694 403.517792 0 -6.1566782 0 800
0.260577754 0.914399982 -0.0286169049 -0.125702202 405.294281 0 -6.1566782 0 800
0.258008111 0.914399982 -0.028771076 -0.126644716 407.08548 0 -6.1566782 0 800
0.255438301 0.914399982 -0.028922435 -0.127572402 408.891846 0 -6.1566782 0 800
0.252868322 0.914399982 -0.0290709003 -0.12848489 410.716125 0 -6.1566782 0 800
0.250298175 0.914399982 -0.0292164224 -0.12938194 412.559784 0 -6.1566782 0 800
0.247727863 0.914399982 -0.0293590095 -0.130262494 414.425812 0 -6.1566782 0 800
0.245157382 0.914399982 -0.0294985138 -0.131125644 416.310455 0 -6.1566782 0 800
0.24258674 0.914399982 -0.0296350232 -0.13196975 418.214966 0 -6.1566782 0 800
0.240015929 0.914399982 -0.0297683111 -0.132794246 420.149445 0 -6.1566782 0 800
0.237444962 0.914399982 -0.0298985357 -0.133596852 422.105042 0 -6.1566782 0 800
0.234873826 0.914399982 -0.0300254017 -0.134376153 424.090515 0 -6.1566782 0 800
0.232302536 0.914399982 -0.0301491055 -0.135133445 426.100616 0 -6.1566782 0 800
0.229731084 0.914399982 -0.0302693739 -0.135868281 428.137329 0 -6.1566782 0 800
0.227159479 0.914399982 -0.0303863483 -0.136578694 430.198059 0 -6.1566782 0 800
0.224587715 0.914399982 -0.0304997754 -0.13726303 432.28421 0 -6.1566782 0 800
0.222015803 0.914399982 -0.0306097783 -0.137920663 434.393524 0 -6.1566782 0 800
0.219443737 0.914399982 -0.0307161302 -0.138550386 436.525848 0 -6.1566782 0 800
0.216871527 0.914399982 -0.0308189225 -0.139152303 438.700897 0 -6.1566782 0 800
0.214299169 0.914399982 -0.0309179571 -0.139726102 440.89975 0 -6.1566782 0 800
0.211726672 0.914399982 -0.0310133087 -0.14026916 443.09845 0 -6.1566782 0 800
0.209154032 0.914399982 -0.0311047418 -0.140779808 445.310242 0 -6.1566782 0 800
0.206581261 0.914399982 -0.0311923774 -0.141256273 447.5383 0 -6.1566782 0 800
0.204008353 0.914399982 -0.0312759312 -0.141697884 449.767761 0 -6.1566782 0 800
0.201435322 0.914399982 -0.0313555734 -0.142103031 452.0047 0 -6.1566782 0 800
0.198862163 0.914399982 -0.0314309729 -0.142470509 454.250793 0 -6.1566782 0 800
0.196288888 0.914399982 -0.0315023188 -0.142798409 456.510498 0 -6.1566782 0 800
0.193715495 0.914399982 -0.0315692775 -0.143083453 458.786194 0 -6.1566782 0 800
0.191141995 0.914399982 -0.0316319752 -0.143326238 461.072632 0 -6.1566782 0 800
0.18856839 0.914399982 -0.0316902003 -0.143524826 463.368896 0 -6.1566782 0 800
0.185994687 0.914399982 -0.0317439251 -0.143678993 465.674164 0 -6.1566782 0 800
0.183420893 0.914399982 -0.0317931001 -0.143784299 467.988586 0 -6.1566782 0 800
0.180847013 0.914399982 -0.0318375119 -0.143839553 470.306061 0 -6.1566782 0 800
0.178273056 0.914399982 -0.0318772494 -0.14384082 472.634705 0 -6.1566782 0 800
0.175699027 0.914399982 -0.0319120219 -0.14378202 474.968842 0 -6.1566782 0 800
0.173124936 0.914399982 -0.0319418619 -0.143668249 477.314362 0 -6.1566782 0 800
0.170550793 0.914399982 -0.0319667045 -0.143490955 479.670502 0 -6.1566782 0 800
0.167976603 0.914399982 -0.0319862563 -0.143243432 482.043549 0 -6.1566782 0 800
0.16540238 0.914399982 -0.0320006355 -0.142932385 484.434326 0 -6.1566782 0 800
0.162828132 0.914399982 -0.0320096607 -0.14254725 486.832062 0 -6.1566782 0 800
0.160253871 0.914399982 -0.032013087 -0.142083094 489.273895 0 -6.1566782 0 800
0.157679608 0.914399982 -0.0320109843 -0.141550645 491.738525 0 -6.1566782 0 800
0.155105356 0.914399982 -0.032003214 -0.140939176 494.240723 0 -6.1566782 0 800
0.152531129 0.914399982 -0.0319894713 -0.14023757 496.779816 0 -6.1566782 0 800
0.14995694 0.914399982 -0.0319698313 -0.139457822 499.368164 0 -6.1566782 0 800
0.147382805 0.914399982 -0.0319441416 -0.138600335 502.003998 0 -6.1566782 0 800
0.144808739 0.914399982 -0.0319122149 -0.137644216 504.664856 0 -6.1566782 0 800
0.142234762 0.914399982 -0.0318738137 -0.136583626 507.433868 0 -6.1566782 0 800
0.13966089 0.914399982 -0.0318289475 -0.135432556 510.249237 0 -6.1566782 0 800
0.137087141 0.914399982 -0.0317774731 -0.134192109 513.118713 0 -6.1566782 0 800
0.134513537 0.914399982 -0.0317192024 -0.132845268 516.107666 0 -6.1566782 0 800
0.1319401 0.914399982 -0.0316539416 -0.131367624 519.13501 0 -6.1566782 0 800
0.129366857 0.914399982 -0.0315814568 -0.129746109 522.249878 0 -6.1566782 0 800
0.126793831 0.914399982 -0.0315016702 -0.127985537 525.481995 0 -6.1566782 0 800
0.124221046 0.914399982 -0.0314144146 -0.126090169 528.739441 0 -6.1566782 0 800
0.121648533 0.914399982 -0.0313195134 -0.124051385 532.071289 0 -6.1566782 0 800
0.119076322 0.914399982 -0.0312167385 -0.121853665 535.534912 0 -6.1566782 0 800
0.116504447 0.914399982 -0.0311058819 -0.119484954 539.036011 0 -6.1566782 0 800
0.113932942 0.914399982 -0.0309867291 -0.116941541 542.575684 0 -6.1566782 0 800
0.11133913 0.914399982 -0.0308579003 -0.114316478 546.235046 0 -6.1566782 0 800
0.108869255 0.914399982 -0.0307269729 -0.111582033 549.972351 0 -6.1566782 0 800
0.106517412 0.914399982 -0.0305946177 -0.108799443 553.743774 0 -6.1566782 0 800
0.104277979 0.914399982 -0.0304613467 -0.105980903 557.574036 0 -6.1566782 0 800
0.102145596 0.914399982 -0.0303277099 -0.103149988 561.477112 0 -6.1566782 0 800
0.100115146 0.914399982 -0.030194359 -0.100315452 565.442993 0 -6.1566782 0 800
0.0981817748 0.914399982 -0.0300615229 -0.0974711329 569.454224 0 -6.1566782 0 800
0.0963408429 0.914399982 -0.0299296901 -0.094632782 573.508179 0 -6.1566782 0 800
0.0945879312 0.914399982 -0.0297992494 -0.0918169245 577.604126 0 -6.1566782 0 800
0.0929188367 0.914399982 -0.0296704632 -0.0890152901 581.733582 0 -6.1566782 0 800
0.0913295575 0.914399982 -0.0295435479 -0.086220935 585.901062 0 -6.1566782 0 800
0.0898162795 0.914399982 -0.0294187181 -0.0834191814 590.107849 0 -6.1566782 0 800
0.0883753581 0.914399982 -0.0292963007 -0.0805219188 594.340271 0 -6.1566782 0 800
0.0869347508 0.914399982 -0.0291702047 -0.0776270926 598.684509 0 -6.1566782 0 800
0.0854944718 0.914399982 -0.0290404139 -0.0746788606 603.20343 0 -6.1566782 0 800
0.0840545311 0.914399982 -0.0289069213 -0.0716286451 607.922607 0 -6.1566782 0 800
0.0826149498 0.914399982 -0.0287696071 -0.068483226 612.59314 0 -6.1566782 0 800
0.0811757428 0.914399982 -0.0286284242 -0.0652168244 617.088013 0 -6.1566782 0 800
0.079736934 0.914399982 -0.0284832398 -0.0618236363 621.410645 0 -6.1566782 0 800
0.0782985409 0.914399982 -0.028333993 -0.0582964458 625.658142 0 -6.1566782 0 800
0.0768605839 0.914399982 -0.0281806008 -0.0546344593 629.821411 0 -6.1566782 0 800
0.0754230847 0.914399982 -0.0280229761 -0.0508333705 633.908447 0 -6.1566782 0 800
0.0739860657 0.914399982 -0.0278610326 -0.0468905121 637.930359 0 -6.1566782 0 800
0.07254955 0.914399982 -0.0276946831 -0.0428022891 641.881592 0 -6.1566782 0 800
0.0711135632 0.914399982 -0.0275238279 -0.0385626145 645.783997 0 -6.1566782 0 800
0.069678133 0.914399982 -0.0273483587 -0.0341630206 649.612122 0 -6.1566782 0 800
0.0682432886 0.914399982 -0.0271681618 -0.0295937546 653.878845 0 -6.1566782 0 800
0.0668090617 0.914399982 -0.0269831137 -0.0248441733 657.909424 0 -6.1566782 0 800
0.0653754852 0.914399982 -0.0267930934 -0.0199010633 661.334595 0 -6.1566782 0 800
0.0639425964 0.914399982 -0.026597955 -0.014752985 664.872498 0 -6.1566782 0 800
0.06251043 0.914399982 -0.0263975827 -0.00940123014 668.487366 0 -6.1566782 0 800
0.0610790202 0.914399982 -0.0261918761 -0.00385299139 672.120605 0 -6.1566782 0 800
0.0596484052 0.914399982 -0.0259807118 0.00190612057 675.836609 0 -6.1566782 0 800
0.0582186391 0.914399982 -0.025763875 0.00790207181 679.630859 0 -6.1566782 0 800
0.0567897668 0.914399982 -0.0255412243 0.0141532188 683.47937 0 -6.1566782 0 800
0.0553618424 0.914399982 -0.0253125729 0.0206772275 687.380066 0 -6.1566782 0 800
0.0539349246 0.914399982 -0.0250777222 0.0274835993 691.341736 0 -6.1566782 0 800
0.0525090615 0.914399982 -0.0248365501 0.0345833749 695.3703 0 -6.1566782 0 800
0.0510843283 0.914399982 -0.0245887908 0.0419799723 699.472473 0 -6.1566782 0 800
0.0496607734 0.914399982 -0.0243343484 0.0496750884 703.655029 0 -6.1566782 0 800
0.0482384817 0.914399982 -0.0240729377 0.0577034838 707.956909 0 -6.1566782 0 800
0.0468175398 0.914399982 -0.0238042859 0.0661307648 712.409607 0 -6.1566782 0 800
0.0453980457 0.914399982 -0.023528087 0.0750063881 716.990173 0 -6.1566782 0 800
0.0439800856 0.914399982 -0.0232441178 0.0843428746 721.67511 0 -6.1566782 0 800
0.0425637587 0.914399982 -0.0229521117 0.0941392183 726.474121 0 -6.1566782 0 800
0.0411491691 0.914399982 -0.0226518022 0.104418337 731.394836 0 -6.1566782 0 800
0.0397364416 0.914399982 -0.022342852 0.11517895 736.450439 0 -6.1566782 0 800
0.0383257175 0.914399982 -0.0220248787 0.12647444 741.642517 0 -6.1566782 0 800
0.0369171746 0.914399982 -0.0216973784 0.138407424 746.983032 0 -6.1566782 0 800
0.0355109695 0.914399982 -0.0213599822 0.151005566 752.479797 0 -6.1566782 0 800
0.0341072749 0.914399982 -0.0210122889 0.164274797 758.195435 0 -6.1566782 0 800
0.0327062875 0.914399982 -0.0206538428 0.178219154 764.134705 0 -6.1566782 0 800
0.0313082232 0.914399982 -0.02028416 0.192886963 770.217651 0 -6.1566782 0 800
0.0299133791 0.914399982 -0.0199025065 0.208427235 776.448608 0 -6.1566782 0 800
0.0285220582 0.914399982 -0.0195082032 0.225063771 782.790527 0 -6.1566782 0 800
0.0271345876 0.914399982 -0.0191005583 0.242934063 789.174255 0 -6.1566782 0 800
0.0257513186 0.914399982 -0.0186788765 0.262080073 795.637207 0 -6.1566782 0 800
0.0243726298 0.914399982 -0.0182424523 0.282388866 802.227112 0 -6.1566782 0 800
0.0229990677 0.914399982 -0.0177901514 0.303927034 808.858093 0 -6.1566782 0 800
0.0216312253 0.914399982 -0.0173208367 0.327003837 815.443298 0 -6.1566782 0 800
0.0202698272 0.914399982 -0.0168331443 0.351858526 821.958618 0 -6.1566782 0 800
0.0189155406 0.914399982 -0.0163260384 0.378728718 828.360107 0 -6.1566782 0 800
0.0175692503 0.914399982 -0.0157980695 0.407844275 834.6651 0 -6.1566782 0 800
0.0162321003 0.914399982 -0.015247362 0.439194947 841.086121 0 -6.1566782 0 800
0.0149055813 0.914399982 -0.0146715184 0.473209292 847.832825 0 -6.1566782 0 800
0.0135911841 0.914399982 -0.0140685188 0.510370672 854.955078 0 -6.1566782 0 800
0.0122907103 0.914399982 -0.0134360502 0.550636768 862.448975 0 -6.1566782 0 800
0.0110067088 0.914399982 -0.0127707766 0.594438612 870.266113 0 -6.1566782 0 800
0.00974255726 0.914399982 -0.0120685174 0.642502248 878.533447 0 -6.1566782 0 800
0.00850202803 0.914399982 -0.0113253253 0.694690883 887.549377 0 -6.1566782 0 800
0.00728978378 0.914399982 -0.0105368381 0.74956727 897.303955 0 -6.1566782 0 800
0.00616084497 0.914399982 -0.00973202403 0.806093931 907.518188 0 -6.1566782 0 800
0.00514277206 0.914399982 -0.00893097999 0.861694932 917.748047 0 -6.1566782 0 800
0.00422996971 0.914399982 -0.00813515341 0.91274482 928.047546 0 -6.1566782 0 800
0.00343643316 0.914399982 -0.00736356438 0.95716691 939.20166 0 -6.1566782 0 800
0.00274285069 0.914399982 -0.00660441773 0.99172616 951.969604 0 -6.1566782 0 800
0.00213648818 0.914399982 -0.00585018865 1.01382887 966.305603 0.0095283296 -5.98296833 1 800
0.00161211138 0.914399982 -0.00510044783 1.01918399 981.624634 0.0220319182 -5.76959991 1 800
0.00116988774 0.914399982 -0.00436125254 1.00353742 997.808411 0.0329633281 -5.58763218 1 800
0.000805392804 0.914399982 -0.00363199488 0.965571105 1016.26526 0.0423211828 -5.44179296 1 800
0.00051469137 0.914399982 -0.00291212333 0.901899815 1038.29675 0.0505232736 -5.32219028 1 800
0.000289792079 0.914399982 -0.00218676897 0.809772134 1063.39807 0.059141323 -5.20325422 1 800
0.000128627554 0.914399982 -0.00145413345 0.688818097 1091.95911 0.0679974928 -5.08913565 1 800
3.20963786e-05 0.914399982 -0.000722702615 0.541091204 1125.7041 0.077195622 -4.98133087 1 800
-8.18412707e-09 0.914399982 -7.8016762e-10 0.370386362 1162.35632 0.0871530697 -4.87120247 1 800
3.17941236e-05 0.914399982 0.000719176834 0.183721438 1199.8573 0.115780495 -4.49870825 1 800
0.000127329866 0.914399982 0.00144672079 -0.0122778863 1237.99536 0.160974562 -3.93002558 1 800
0.000287011983 0.914399982 0.00217624136 -0.213941172 1276.44324 0.206980214 -3.37840271 1 800
0.000509847083 0.914399982 0.00289847388 -0.41326043 1315.35681 0.254203618 -2.84746242 1 800
0.000798755786 0.914399982 0.00361739139 -0.599825561 1350.93884 0.300655454 -2.34589863 1 800
0.00116083968 0.914399982 0.00434485961 -0.766869605 1380.99121 0.347186297 -1.85329735 1 800
0.00159974379 0.914399982 0.00508132568 -0.913470626 1405.69043 0.392868251 -1.37580264 1 800
0.00211753308 0.914399982 0.00582495707 -1.03877223 1419.70361 0.438084751 -0.883330047 1 800
0.00271975272 0.914399982 0.00657746412 -1.14257145 1420.09509 0.485758543 -0.311753094 1 800
0.00340675316 0.914399982 0.00733289967 -1.22541726 1405.38147 0.538447797 0 0.982803285 800
0.00419414951 0.914399982 0.00810221109 -1.2869488 1365.41272 0.586508632 0 0.888518393 800
0.00509625241 0.914399982 0.00889228885 -1.33084357 1300.37708 0.62788409 0 0.617714107 800
0.00610047406 0.914399982 0.00968659439 -1.36177146 1223.28967 0.662468791 0 0.481015086 800
0.00721725929 0.914399982 0.0104873709 -1.37897635 1130.65601 0.690188468 0 0.400913328 800
0.00842161236 0.914399982 0.0112750257 -1.38527989 1012.22284 0.709597528 0 0.349815071 800
0.00965428513 0.914399982 0.0120175784 -1.38472068 878.01947 0.71969372 0 0.315346152 800
0.0109107177 0.914399982 0.0127191791 -1.37896323 743.485535 0.721423686 0 0.293544024 800
0.0121870365 0.914399982 0.0133839173 -1.36971807 616.366089 0.715751588 0 0.285584956 800
0.0134799311 0.914399982 0.0140158115 -1.35767734 504.937744 0.703619182 0 0.299524844 800
0.0147867318 0.914399982 0.0146184215 -1.34445155 405.328522 0.686115026 0 0.348096579 800
0.016105753 0.914399982 0.0151937912 -1.33085537 337.102966 0.664144695 0 0.445994377 800
0.0174353865 0.914399982 0.0157441928 -1.31662154 349.16568 0.638614953 0 0.424635231 800
0.0187742445 0.914399982 0.0162717597 -1.30189824 385.680664 0.61019665 0 0.326702744 800
0.0201210962 0.914399982 0.0167785712 -1.28723204 403.822266 0.579482973 0 0.277818263 800
0.0214751029 0.914399982 0.0172659452 -1.27292657 431.141541 0.547442079 0 0.259418249 800
0.022835535 0.914399982 0.0177350849 -1.25894916 465.320038 0.514726579 0 0.256950587 800
0.0242017369 0.914399982 0.0181871468 -1.2452054 503.401459 0.481533438 0 0.264937192 800
0.0255730686 0.914399982 0.0186234001 -1.2317332 540.036072 0.448783875 0 0.280263066 800
0.0269490089 0.914399982 0.0190448927 -1.21863818 570.325073 0.417984784 0 0.296912372 800
0.0283291553 0.914399982 0.0194524012 -1.20589101 594.802734 0.389664173 0 0.317556858 800
0.0297131607 0.914399982 0.0198466051 -1.19342601 613.904846 0.363665879 0 0.348111093 800
0.0311006962 0.914399982 0.020228198 -1.18120408 628.431091 0.340110779 0 0.392641336 800
0.0324914619 0.914399982 0.020597845 -1.16923332 641.206177 0.318976909 0 0.460569978 800
0.0338851739 0.914399982 0.0209562226 -1.15758479 651.710144 0.299801201 0 0.57027775 800
0.0352815876 0.914399982 0.0213039246 -1.14630651 658.048401 0.282340914 0 0.768087149 800
0.0366805184 0.914399982 0.0216413566 -1.13535559 661.252136 0.268268406 0 0.956636548 800
0.0380818015 0.914399982 0.0219688835 -1.12466753 663.767334 0.255478293 0 0.993496656 800
0.0394852649 0.914399982 0.0222869376 -1.11424136 666.502563 0.243518174 0 0.998834968 800
0.0408907416 0.914399982 0.0225959739 -1.10410094 668.519165 0.2321264 -0.24078843 1 800
0.0422980875 0.914399982 0.0228963829 -1.09426463 668.788635 0.221304327 -0.518705249 1 800
0.0437071758 0.914399982 0.02318851 -1.08472013 667.53656 0.211081132 -0.76902467 1 800
0.0451179004 0.914399982 0.0234726299 -1.07542515 665.403381 0.201376259 -1.00022686 1 800
0.0465301623 0.914399982 0.0237490072 -1.06633961 662.759033 0.192029461 -1.22006166 1 800
0.0479438761 0.914399982 0.0240178595 -1.0574261 660.089722 0.182895362 -1.43580866 1 800
0.0493589461 0.914399982 0.0242794793 -1.04867458 657.7146 0.173938096 -1.65086997 1 800
0.0507752826 0.914399982 0.0245341536 -1.04010928 655.880127 0.165124923 -1.86705124 1 800
0.0521928037 0.914399982 0.0247821493 -1.03174126 654.467407 0.156561747 -2.08046889 1 800
0.053611457 0.914399982 0.0250235848 -1.02354729 653.036865 0.148157969 -2.29062033 1 800
0.0550311681 0.914399982 0.0252587197 -1.01551354 651.255554 0.139716268 -2.50039053 1 800
0.0564518876 0.914399982 0.025487683 -1.00763333 649.031921 0.131406114 -2.705302 1 800
0.0578735603 0.914399982 0.0257106511 -0.999890625 646.410034 0.123338528 -2.90352273 1 800
0.0592961273 0.914399982 0.0259278406 -0.992282867 643.592224 0.115434617 -3.09751606 1 800
0.0607195509 0.914399982 0.026139343 -0.984804869 640.782043 0.107753657 -3.28756213 1 800
0.0621437714 0.914399982 0.026345411 -0.977464736 637.944214 0.100417659 -3.4695406 1 800
0.063568751 0.914399982 0.0265461631 -0.970270753 635.047302 0.093344219 -3.64619303 1 800
0.064994453 0.914399982 0.0267417178 -0.96320343 632.146484 0.0863030255 -3.82311344 1 800
0.066420846 0.914399982 0.0269321681 -0.956240773 629.263794 0.0794226825 -3.99755192 1 800
0.0678478935 0.914399982 0.0271176497 -0.949376464 626.438721 0.072581768 -4.17212772 1 800
0.0692755612 0.914399982 0.0272982955 -0.942615807 623.754639 0.065371424 -4.35811567 1 800
0.0707038184 0.914399982 0.0274742205 -0.935960233 621.269714 0.0631671324 -4.41341209 1 800
0.0721326342 0.914399982 0.0276455485 -0.929407835 618.896179 0.0617914908 -4.44787169 1 800
0.0735619812 0.914399982 0.0278123874 -0.922958612 616.555969 0.0603563264 -4.48364544 1 800
0.0749918329 0.914399982 0.0279748443 -0.916609883 614.251221 0.0588461347 -4.52066422 1 800
0.076422167 0.914399982 0.028132998 -0.910354674 611.970154 0.057232067 -4.55990124 1 800
0.0778529609 0.914399982 0.0282869361 -0.904182076 609.717651 0.0554991812 -4.6025219 1 800
0.0792841958 0.914399982 0.0284367182 -0.898081303 607.49823 0.0536176153 -4.64952469 1 800
0.0807158493 0.914399982 0.0285824455 -0.892037868 605.332886 0.0515685342 -4.70155382 1 800
0.0821479085 0.914399982 0.0287241284 -0.886063814 603.24585 0.0493328236 -4.75923252 1 800
0.0835803295 0.914399982 0.0288621061 -0.880181015 601.197815 0.0468846522 -4.8232317 1 800
0.085013118 0.914399982 0.028996215 -0.874403 599.150208 0.044216156 -4.89373112 1 800
0.0864462491 0.914399982 0.029126612 -0.868688405 597.105713 0.0413211845 -4.97095203 1 800
0.0878797114 0.914399982 0.0292533156 -0.863118947 595.066406 0.0381829664 -5.05541992 1 800
0.0893124563 0.914399982 0.0293763726 -0.857576489 593.038391 0.034783192 -5.14771938 1 800
0.0908171694 0.914399982 0.0295016658 -0.851876736 591.026672 0.0310136583 -5.25107431 1 800
0.0923974449 0.914399982 0.029629238 -0.845899284 589.031799 0.0266170669 -5.37296581 1 800
0.0940570855 0.914399982 0.0297587638 -0.839708209 587.054199 0.0214393046 -5.51862001 1 800
0.0958000717 0.914399982 0.0298900254 -0.833282888 585.092773 0.0156407766 -5.68437576 1 800
0.0976305922 0.914399982 0.0300226413 -0.826602221 583.148193 0.00988628436 -5.8524828 1 800
0.0995530378 0.914399982 0.0301562624 -0.819669425 581.218994 0.00456037605 -6.01196432 1 800
0.101572004 0.914399982 0.0302907139 -0.812499821 579.305481 0.000171903535 -6.15103292 1 800
0.103692349 0.914399982 0.0304252619 -0.805079043 577.410339 0 -6.1566782 0 800
0.105919135 0.914399982 0.0305597031 -0.797397673 575.543091 0 -6.1566782 0 800
0.108257701 0.914399982 0.0306933597 -0.78945291 573.702881 0 -6.1566782 0 800
0.110713646 0.914399982 0.0308255783 -0.781192482 571.884949 0 -6.1566782 0 800
0.113292837 0.914399982 0.0309558151 -0.772835791 570.103638 0 -6.1566782 0 800
0.115868178 0.914399982 0.0310772345 -0.76445055 567.803711 0 -6.1566782 0 800
0.118443899 0.914399982 0.0311902827 -0.756234527 565.392456 0 -6.1566782 0 800
0.121019967 0.914399982 0.0312951718 -0.748134553 563.442749 0 -6.1566782 0 800
0.123596345 0.914399982 0.0313921188 -0.740145087 561.50116 0 -6.1566782 0 800
0.126173003 0.914399982 0.0314813059 -0.732254803 559.546692 0 -6.1566782 0 800
0.128749911 0.914399982 0.0315629617 -0.724460125 557.498596 0 -6.1566782 0 800
0.131327042 0.914399982 0.0316372545 -0.716757655 555.327576 0 -6.1566782 0 800
0.13390437 0.914399982 0.0317043525 -0.709147274 553.056335 0 -6.1566782 0 800
0.136481871 0.914399982 0.0317644283 -0.701624453 550.662476 0 -6.1566782 0 800
0.139059525 0.914399982 0.031817584 -0.694181323 548.122925 0 -6.1566782 0 800
0.141637309 0.914399982 0.0318639853 -0.68681407 545.545898 0 -6.1566782 0 800
0.144215202 0.914399982 0.0319038691 -0.679547966 542.920654 0 -6.1566782 0 800
0.146793186 0.914399982 0.031937372 -0.672383368 540.213257 0 -6.1566782 0 800
0.149371244 0.914399982 0.0319645981 -0.665275812 537.594788 0 -6.1566782 0 800
0.15194936 0.914399982 0.0319855684 -0.658217311 534.996948 0 -6.1566782 0 800
0.154527518 0.914399982 0.0320005731 -0.651233613 532.400269 0 -6.1566782 0 800
0.157105703 0.914399982 0.032009777 -0.644335926 529.820679 0 -6.1566782 0 800
0.159683902 0.914399982 0.0320131373 -0.637504697 527.29364 0 -6.1566782 0 800
0.162262103 0.914399982 0.0320108359 -0.630732298 524.83252 0 -6.1566782 0 800
0.164840292 0.914399982 0.032003077 -0.624027669 522.441528 0 -6.1566782 0 800
0.16741846 0.914399982 0.0319898652 -0.617385507 520.131531 0 -6.1566782 0 800
0.169996595 0.914399982 0.0319712932 -0.610803962 517.92395 0 -6.1566782 0 800
0.172574688 0.914399982 0.0319476332 -0.604290783 515.824585 0 -6.1566782 0 800
0.175152728 0.914399982 0.0319187767 -0.597841024 513.792786 0 -6.1566782 0 800
0.177730707 0.914399982 0.0318849457 -0.591454148 511.773041 0 -6.1566782 0 800
0.180308619 0.914399982 0.0318462868 -0.585132122 509.784332 0 -6.1566782 0 800
0.182886452 0.914399982 0.0318026742 -0.578864098 507.864502 0 -6.1566782 0 800
0.185464202 0.914399982 0.0317544544 -0.572651505 505.956207 0 -6.1566782 0 800
0.188041861 0.914399982 0.0317015621 -0.566496849 503.992981 0 -6.1566782 0 800
0.190619423 0.914399982 0.0316441414 -0.560395479 502.025116 0 -6.1566782 0 800
0.193196883 0.914399982 0.031582296 -0.554347396 500.103394 0 -6.1566782 0 800
0.195774232 0.914399982 0.0315160055 -0.548351228 498.136383 0 -6.1566782 0 800
0.198351471 0.914399982 0.0314455328 -0.542406619 496.131714 0 -6.1566782 0 800
0.200928586 0.914399982 0.0313706944 -0.53651005 494.179657 0 -6.1566782 0 800
0.203505582 0.914399982 0.0312918604 -0.530662417 492.199188 0 -6.1566782 0 800
0.206082447 0.914399982 0.0312088442 -0.524863601 490.195404 0 -6.1566782 0 800
0.208659183 0.914399982 0.0311219381 -0.519110322 488.253418 0 -6.1566782 0 800
0.211235781 0.914399982 0.0310310196 -0.513401449 486.306366 0 -6.1566782 0 800
0.213812243 0.914399982 0.0309363212 -0.50773567 484.380463 0 -6.1566782 0 800
0.216388561 0.914399982 0.0308377791 -0.502112925 482.518097 0 -6.1566782 0 800
0.218964735 0.914399982 0.0307355713 -0.496531993 480.672943 0 -6.1566782 0 800
0.221540761 0.914399982 0.0306296625 -0.490992516 478.88089 0 -6.1566782 0 800
0.224116638 0.914399982 0.0305202144 -0.485493541 477.129181 0 -6.1566782 0 800
0.226692361 0.914399982 0.0304071745 -0.480033696 475.421082 0 -6.1566782 0 800
0.229267931 0.914399982 0.0302907237 -0.474612743 473.762482 0 -6.1566782 0 800
0.231843342 0.914399982 0.0301707915 -0.469230473 472.142517 0 -6.1566782 0 800
0.234418597 0.914399982 0.0300475797 -0.4638879 470.571808 0 -6.1566782 0 800
0.236993689 0.914399982 0.0299209855 -0.458585441 469.028625 0 -6.1566782 0 800
0.239568624 0.914399982 0.0297912424 -0.453321874 467.522949 0 -6.1566782 0 800
0.242143391 0.914399982 0.0296581954 -0.448089778 466.044006 0 -6.1566782 0 800
0.244717998 0.914399982 0.0295221146 -0.442882031 464.591125 0 -6.1566782 0 800
0.247292435 0.914399982 0.0293828288 -0.437699467 463.160156 0 -6.1566782 0 800
0.24986671 0.914399982 0.0292405987 -0.432545811 461.746857 0 -6.1566782 0 800
0.252440814 0.914399982 0.0290952986 -0.427421719 460.347443 0 -6.1566782 0 800
0.255014754 0.914399982 0.0289471127 -0.422326297 458.949707 0 -6.1566782 0 800
0.257588522 0.914399982 0.0287959881 -0.417261064 457.56131 0 -6.1566782 0 800
0.260162123 0.914399982 0.0286420252 -0.412224859 456.175598 0 -6.1566782 0 800
0.262735553 0.914399982 0.0284852469 -0.407217056 454.789978 0 -6.1566782 0 800
0.265308812 0.914399982 0.0283256815 -0.402237713 453.405334 0 -6.1566782 0 800
0.267881903 0.914399982 0.0281634281 -0.397287786 452.018555 0 -6.1566782 0 800
0.27045482 0.914399982 0.0279984376 -0.392367244 450.624969 0 -6.1566782 0 800
0.273027571 0.914399982 0.0278308701 -0.387475967 449.226257 0 -6.1566782 0 800
0.275600144 0.914399982 0.0276606079 -0.382612705 447.833771 0 -6.1566782 0 800
0.278172552 0.914399982 0.02748786 -0.37777704 446.437042 0 -6.1566782 0 800
0.280744782 0.914399982 0.0273124906 -0.372968018 445.040802 0 -6.1566782 0 800
0.283316846 0.914399982 0.0271346928 -0.368185222 443.647644 0 -6.1566782 0 800
0.285888735 0.914399982 0.0269543875 -0.363429427 442.25943 0 -6.1566782 0 800
0.288460455 0.914399982 0.0267716903 -0.358698964 440.876404 0 -6.1566782 0 800
0.291032003 0.914399982 0.0265865738 -0.353992283 439.50177 0 -6.1566782 0 800
0.29360338 0.914399982 0.026399104 -0.349308223 438.139954 0 -6.1566782 0 800
0.296174586 0.914399982 0.0262093064 -0.344646305 436.786926 0 -6.1566782 0 800
0.29874562 0.914399982 0.0260171953 -0.340005696 435.443329 0 -6.1566782 0 800
0.301316486 0.914399982 0.0258228425 -0.335386008 434.109192 0 -6.1566782 0 800
0.303887178 0.914399982 0.0256262152 -0.330786288 432.792267 0 -6.1566782 0 800
0.306457704 0.914399982 0.0254274166 -0.326205939 431.486328 0 -6.1566782 0 800
0.309028056 0.914399982 0.025226386 -0.321644127 430.203888 0 -6.1566782 0 800
0.311598243 0.914399982 0.0250232499 -0.317100167 428.938049 0 -6.1566782 0 800
0.314168256 0.914399982 0.0248179235 -0.312573284 427.692383 0 -6.1566782 0 800
0.316738104 0.914399982 0.0246105535 -0.308062911 426.468628 0 -6.1566782 0 800
0.319307779 0.914399982 0.0244010446 -0.303567857 425.264069 0 -6.1566782 0 800
0.32187729 0.914399982 0.0241895324 -0.299086243 424.07959 0 -6.1566782 0 800
0.324446629 0.914399982 0.0239759379 -0.29461652 422.914185 0 -6.1566782 0 800
0.327015803 0.914399982 0.0237603734 -0.290157497 421.768524 0 -6.1566782 0 800
0.329584806 0.914399982 0.0235427819 -0.285709202 420.639465 0 -6.1566782 0 800
0.332153644 0.914399982 0.0233232546 -0.281271428 419.526001 0 -6.1566782 0 800
0.334722314 0.914399982 0.0231017543 -0.276843876 418.425781 0 -6.1566782 0 800
0.337290817 0.914399982 0.0228783444 -0.272426099 417.342896 0 -6.1566782 0 800
0.339859154 0.914399982 0.0226530243 -0.26801756 416.26947 0 -6.1566782 0 800
0.342427324 0.914399982 0.0224258003 -0.263617069 415.209015 0 -6.1566782 0 800
0.344995329 0.914399982 0.0221967295 -0.259224117 414.158844 0 -6.1566782 0 800
0.347563164 0.914399982 0.0219657647 -0.25483802 413.117828 0 -6.1566782 0 800
0.350130838 0.914399982 0.0217330137 -0.250458449 412.085083 0 -6.1566782 0 800
0.352698341 0.914399982 0.0214983804 -0.246083438 411.057709 0 -6.1566782 0 800
0.355265681 0.914399982 0.0212619755 -0.241709217 410.037537 0 -6.1566782 0 800
0.357832846 0.914399982 0.0210236648 -0.237335756 409.020355 0 -6.1566782 0 800
0.360399856 0.914399982 0.020783702 -0.232970491 408.006836 0 -6.1566782 0 800
0.362966707 0.914399982 0.0205420412 -0.228611261 406.995544 0 -6.1566782 0 800
0.365533374 0.914399982 0.0202984401 -0.224246338 405.985596 0 -6.1566782 0 800
0.368099885 0.914399982 0.0200531987 -0.219881877 404.974731 0 -6.1566782 0 800
0.37066624 0.914399982 0.0198063264 -0.215521082 403.961609 0 -6.1566782 0 800
0.373232409 0.914399982 0.0195575285 -0.211152598 402.950043 0 -6.1566782 0 800
0.375798423 0.914399982 0.0193071313 -0.206781447 401.93399 0 -6.1566782 0 800
0.378364279 0.914399982 0.019055128 -0.202411622 400.916595 0 -6.1566782 0 800
0.38092995 0.914399982 0.0188012431 -0.198032618 399.89621 0 -6.1566782 0 800
0.383495464 0.914399982 0.0185457892 -0.193647459 398.871155 0 -6.1566782 0 800
0.386060815 0.914399982 0.0182886908 -0.189259559 397.828674 0 -6.1566782 0 800
0.388625987 0.914399982 0.0180298195 -0.184862852 396.772278 0 -6.1566782 0 800
0.391191004 0.914399982 0.0177694106 -0.180458516 395.749512 0 -6.1566782 0 800
0.393755845 0.914399982 0.017507271 -0.176045507 394.709229 0 -6.1566782 0 800
0.396320517 0.914399982 0.0172434929 -0.171622172 393.633636 0 -6.1566782 0 800
0.39888503 0.914399982 0.0169781651 -0.167189255 392.598907 0 -6.1566782 0 800
0.401449356 0.914399982 0.016711047 -0.1627426 391.566284 0 -6.1566782 0 800
0.404013528 0.914399982 0.0164424431 -0.158282518 390.487488 0 -6.1566782 0 800
0.406577516 0.914399982 0.0161720962 -0.15380846 389.427124 0 -6.1566782 0 800
0.409141339 0.914399982 0.0159001827 -0.149318889 388.380859 0 -6.1566782 0 800
0.41170499 0.914399982 0.0156266566 -0.144814685 387.291718 0 -6.1566782 0 800
0.414268464 0.914399982 0.015351477 -0.140293121 386.217224 0 -6.1566782 0 800
0.416831768 0.914399982 0.0150747174 -0.135752976 385.152405 0 -6.1566782 0 800
0.419394891 0.914399982 0.0147962876 -0.131193787 384.054962 0 -6.1566782 0 800
0.421957846 0.914399982 0.0145163095 -0.12661463 382.981567 0 -6.1566782 0 800
0.424520615 0.914399982 0.0142346401 -0.122013882 381.890106 0 -6.1566782 0 800
0.427083212 0.914399982 0.0139514141 -0.117390618 380.777405 0 -6.1566782 0 800
0.429645627 0.914399982 0.0136665334 -0.112743832 379.701691 0 -6.1566782 0 800
0.432207861 0.914399982 0.0133800351 -0.108072311 378.596344 0 -6.1566782 0 800
0.434769915 0.914399982 0.0130919408 -0.103375748 377.486542 0 -6.1566782 0 800
0.437331782 0.914399982 0.0128021761 -0.0986525342 376.375305 0 -6.1566782 0 800
0.439893474 0.914399982 0.0125108748 -0.0939014629 375.247742 0 -6.1566782 0 800
0.442454967 0.914399982 0.0122178211 -0.0891196877 374.14328 0 -6.1566782 0 800
0.445016278 0.914399982 0.0119231912 -0.0843075216 373.016479 0 -6.1566782 0 800
0.447577404 0.914399982 0.011626955 -0.0794655979 371.879272 0 -6.1566782 0 800
0.45013833 0.914399982 0.0113289909 -0.0745899379 370.74408 0 -6.1566782 0 800
0.452699069 0.914399982 0.0110294258 -0.0696814433 369.599945 0 -6.1566782 0 800
0.455259619 0.914399982 0.0107282484 -0.0647404566 368.44989 0 -6.1566782 0 800
0.457819962 0.914399982 0.0104253199 -0.0597622879 367.288208 0 -6.1566782 0 800
0.460380109 0.914399982 0.0101207367 -0.0547468439 366.120605 0 -6.1566782 0 800
0.462940061 0.914399982 0.00981451781 -0.0496965162 364.937622 0 -6.1566782 0 800
0.46549981 0.914399982 0.00950660895 -0.0446098819 363.749512 0 -6.1566782 0 800
0.468059357 0.914399982 0.00919701723 -0.0394845717 362.545746 0 -6.1566782 0 800
0.47061869 0.914399982 0.0088856712 -0.0343193039 361.324432 0 -6.1566782 0 800
0.473177816 0.914399982 0.0085726292 -0.0291146226 360.097656 0 -6.1566782 0 800
0.475736732 0.914399982 0.00825786855 -0.0238714311 358.843384 0 -6.1566782 0 800
0.478295434 0.914399982 0.00794137496 -0.0185894743 357.586517 0 -6.1566782 0 800
0.480853921 0.914399982 0.00762314525 -0.0132690091 356.297516 0 -6.1566782 0 800
0.483412189 0.914399982 0.00730316753 -0.00791069772 354.973175 0 -6.1566782 0 800
0.485970238 0.914399982 0.00698143863 -0.00251404988 353.663544 0 -6.1566782 0 800
0.488528057 0.914399982 0.00665788786 0.0029217538 352.309174 0 -6.1566782 0 800
0.491085649 0.914399982 0.0063325434 0.0083950758 350.902069 0 -6.1566782 0 800
0.493643014 0.914399982 0.00600542351 0.0139035638 349.489014 0 -6.1566782 0 800
0.496200149 0.914399982 0.0056765146 0.0194470342 348.048248 0 -6.1566782 0 800
0.498757039 0.914399982 0.00534570177 0.0250255559 346.557617 0 -6.1566782 0 800
0.501313699 0.914399982 0.00501311406 0.0306377728 345.025909 0 -6.1566782 0 800
0.503870103 0.914399982 0.00467856306 0.036282029 343.455688 0 -6.1566782 0 800
0.50642627 0.914399982 0.0043422108 0.0419565514 341.848541 0 -6.1566782 0 800
0.508982184 0.914399982 0.0040039379 0.0476564206 340.195526 0 -6.1566782 0 800
0.511537855 0.914399982 0.00366384071 0.0533822067 338.485504 0 -6.1566782 0 800
0.514093255 0.914399982 0.00332170415 0.0591276251 336.722748 0 -6.1566782 0 800
0.516648403 0.914399982 0.00297770244 0.0648976341 334.900421 0 -6.1566782 0 800
0.519203289 0.914399982 0.00263174854 0.0706677958 333.005585 0 -6.1566782 0 800
0.521757904 0.914399982 0.00228380711 0.0764626861 331.044464 0 -6.1566782 0 800
0.524312244 0.914399982 0.00193384576 0.082199201 329.01886 0 -6.1566782 0 800
0.526866315 0.914399982 0.00158192817 0.0878836438 326.904327 0 -6.1566782 0 800
0.52942009 0.914399982 0.00122787388 0.0925536826 324.687683 0 -6.1566782 0 800
0.531069981 0.914399982 0.000998093031 0.096215412 322.383484 0 -6.1566782 0 800
0.532101091 0.914399982 0.000853961954 0.0981456786 319.968262 0 -6.1566782 0 800
0.532745525 0.914399982 0.000763814193 0.0986770913 317.428864 0 -6.1566782 0 800
0.533148284 0.914399982 0.000707382481 0.0988193229 314.775299 0 -6.1566782 0 800
0.533400004 0.914399982 0.000672085901 0.0954329818 311.972778 0 -6.1566782 0 800
0.533400001 0.914399982 0.000582474699 0.0881093964 308.99646 0 -6.1566782 0 800
0.533399997 0.914399982 0.000492863497 0.0923226997 305.853821 0 -6.1566782 0 800
0.533399993 0.914399982 0.000403252296 0.0921963081 302.54364 0 -6.1566782 0 800
0.533399989 0.914399982 0.000313641094 0.0932006389 299.006134 0 -6.1566782 0 800
0.533399987 0.914399982 0.000224029892 0.0939021185 295.211853 0 -6.1566782 0 800
0.533399989 0.914399982 0.000134418691 0.0946045071 291.148712 0 -6.1566782 0 800
0.53339999 0.914399982 4.48074889e-05 0.0950235948 286.749664 0 -6.1566782 0 800
0.533399991 0.914399982 -4.48037127e-05 0.0951114669 282.307861 0 -6.1566782 0 800
0.533399993 0.914399982 -0.000134414914 0.0948637202 278.78006 0 -6.1566782 0 800
0.533399994 0.914399982 -0.000224026116 0.0941695869 276.576569 0 -6.1566782 0 800
0.533399998 0.914399982 -0.000313637317 0.0935161412 276.355347 0 -6.1566782 0 800
0.533400005 0.914399982 -0.000403248519 0.0919943675 279.042664 0 -6.1566782 0 800
0.533400012 0.914399982 -0.00049285972 0.0926277936 300.263245 0 -6.1566782 0 800
0.533400018 0.914399982 -0.00058247092 0.0851805359 284.744354 0 -6.1566782 0 800

ZONE T="SLICE_Y_0p9144_BINS07_KS_0p5mm_CUTDATA"
0.533400018 0.914399982 -0.00058247092 0.0851805359 159.29364 0 -6.1566782 0 800
0.533400004 0.914399982 -0.000672082119 0.0976350829 166.488892 0 -6.1566782 0 800
0.533148466 0.914399982 -0.000707354403 0.101727836 182.114731 0 -6.1566782 0 800
0.532745998 0.914399982 -0.000763745625 0.100308456 192.161499 0 -6.1566782 0 800
0.53210203 0.914399982 -0.000853827126 0.0995936692 202.093292 0 -6.1566782 0 800
0.531071666 0.914399982 -0.00099785339 0.0970543772 204.624695 0 -6.1566782 0 800
0.529422969 0.914399982 -0.00122746797 0.0928454548 200.697083 0 -6.1566782 0 800
0.526873095 0.914399982 -0.00158098831 0.0877554417 196.081985 0 -6.1566782 0 800
0.524322926 0.914399982 -0.00193237185 0.081875734 190.530579 0 -6.1566782 0 800
0.521772489 0.914399982 -0.0022818114 0.0762818605 179.239304 0 -6.1566782 0 800
0.519221778 0.914399982 -0.00262923523 0.070899941 162.352798 0 -6.1566782 0 800
0.516670797 0.914399982 -0.0029746773 0.0657896027 141.622345 0 -6.1566782 0 800
0.514119553 0.914399982 -0.00331817313 0.0608872622 114.719322 0 -6.1566782 0 800
0.511568058 0.914399982 -0.00365979377 0.056194935 131.556335 0 -6.1566782 0 800
0.509016294 0.914399982 -0.00399940552 0.0516900122 131.556335 0 -6.1566782 0 800
0.506464287 0.914399982 -0.00433718384 0.0473621301 211.241638 0 -6.1566782 0 800
0.50391203 0.914399982 -0.00467306469 0.043197304 198.602524 0 -6.1566782 0 800
0.501359535 0.914399982 -0.00500713669 0.0391902924 168.783386 0 -6.1566782 0 800
0.498806784 0.914399982 -0.00533924521 0.0353310816 159.668167 0 -6.1566782 0 800
0.496253803 0.914399982 -0.00566957616 0.0316068158 157.803879 0 -6.1566782 0 800
0.49370058 0.914399982 -0.00599804175 0.0280087087 159.363342 0 -6.1566782 0 800
0.491147126 0.914399982 -0.00632469778 0.024528088 163.176147 0 -6.1566782 0 800
0.488593446 0.914399982 -0.00664958131 0.0211564302 168.556183 0 -6.1566782 0 800
0.48603954 0.914399982 -0.00697269046 0.017889604 174.333908 0 -6.1566782 0 800
0.483485406 0.914399982 -0.00729398822 0.0147234434 180.034195 0 -6.1566782 0 800
0.480931051 0.914399982 -0.00761352572 0.0116503704 185.592682 0 -6.1566782 0 800
0.478376479 0.914399982 -0.00793132724 0.0086638229 190.990646 0 -6.1566782 0 800
0.475821692 0.914399982 -0.00824739351 0.00575977471 196.21463 0 -6.1566782 0 800
0.473266692 0.914399982 -0.00856172802 0.00293383794 201.277557 0 -6.1566782 0 800
0.470711482 0.914399982 -0.00887435928 0.000182269228 206.183243 0 -6.1566782 0 800
0.468156063 0.914399982 -0.00918526844 -0.00249689305 210.943756 0 -6.1566782 0 800
0.465600434 0.914399982 -0.00949445508 -0.00510709127 215.55835 0 -6.1566782 0 800
0.463044603 0.914399982 -0.00980196434 -0.00765360054 220.042557 0 -6.1566782 0 800
0.460488571 0.914399982 -0.0101077948 -0.0101419175 224.389984 0 -6.1566782 0 800
0.457932344 0.914399982 -0.0104119964 -0.0125734964 228.615875 0 -6.1566782 0 800
0.455375917 0.914399982 -0.0107145051 -0.0149451979 232.724121 0 -6.1566782 0 800
0.452819289 0.914399982 -0.0110153132 -0.0172610115 236.703232 0 -6.1566782 0 800
0.450262471 0.914399982 -0.0113145094 -0.0195301939 240.592133 0 -6.1566782 0 800
0.447705468 0.914399982 -0.0116121166 -0.0217508338 244.389313 0 -6.1566782 0 800
0.44514826 0.914399982 -0.01190795 -0.0239229053 248.069778 0 -6.1566782 0 800
0.442590872 0.914399982 -0.0122022341 -0.0260545406 251.649704 0 -6.1566782 0 800
0.440033299 0.914399982 -0.0124948975 -0.0281458199 255.139572 0 -6.1566782 0 800
0.437475532 0.914399982 -0.0127858649 -0.0301975459 258.546783 0 -6.1566782 0 800
0.434917592 0.914399982 -0.0130753062 -0.0322116129 261.867188 0 -6.1566782 0 800
0.432359457 0.914399982 -0.01336302 -0.0341891237 265.104126 0 -6.1566782 0 800
0.42980115 0.914399982 -0.0136492021 -0.0361332335 268.273315 0 -6.1566782 0 800
0.427242658 0.914399982 -0.013933718 -0.0380446725 271.374023 0 -6.1566782 0 800
0.424683989 0.914399982 -0.0142166417 -0.039924778 274.40509 0 -6.1566782 0 800
0.422125141 0.914399982 -0.0144979481 -0.0417749994 277.354034 0 -6.1566782 0 800
0.419566117 0.914399982 -0.0147776435 -0.0435963757 280.235962 0 -6.1566782 0 800
0.417006917 0.914399982 -0.0150557235 -0.0453902334 283.087006 0 -6.1566782 0 800
0.414447544 0.914399982 -0.0153322065 -0.0471574478 285.869171 0 -6.1566782 0 800
0.411887994 0.914399982 -0.0156070442 -0.0488989502 288.575439 0 -6.1566782 0 800
0.409328275 0.914399982 -0.0158803148 -0.0506157801 291.258789 0 -6.1566782 0 800
0.406768377 0.914399982 -0.0161518946 -0.0523120053 293.883057 0 -6.1566782 0 800
0.404208323 0.914399982 -0.0164219968 -0.0539847016 296.443726 0 -6.1566782 0 800
0.401648078 0.914399982 -0.0166902858 -0.0556321479 298.984924 0 -6.1566782 0 800
0.399087677 0.914399982 -0.0169570843 -0.0572591163 301.476929 0 -6.1566782 0 800
0.396527101 0.914399982 -0.0172221887 -0.0588659421 303.905396 0 -6.1566782 0 800
0.393966355 0.914399982 -0.0174856599 -0.0604568347 306.29361 0 -6.1566782 0 800
0.391405453 0.914399982 -0.0177475985 -0.0620275512 308.66391 0 -6.1566782 0 800
0.388844364 0.914399982 -0.0180077128 -0.0635758638 311.003632 0 -6.1566782 0 800
0.386283121 0.914399982 -0.0182662943 -0.0651096925 313.304138 0 -6.1566782 0 800
0.383721709 0.914399982 -0.0185232101 -0.0666262656 315.579651 0 -6.1566782 0 800
0.381160124 0.914399982 -0.0187783802 -0.068126522 317.821747 0 -6.1566782 0 800
0.378598383 0.914399982 -0.0190319891 -0.0696132034 320.034363 0 -6.1566782 0 800
0.376036469 0.914399982 -0.01928384 -0.0710813701 322.218719 0 -6.1566782 0 800
0.373474386 0.914399982 -0.0195339749 -0.0725364983 324.386963 0 -6.1566782 0 800
0.370912148 0.914399982 -0.0197825124 -0.0739805102 326.520325 0 -6.1566782 0 800
0.368349737 0.914399982 -0.0200292581 -0.0754052848 328.627197 0 -6.1566782 0 800
0.365787158 0.914399982 -0.020274252 -0.0768171847 330.723328 0 -6.1566782 0 800
0.363224424 0.914399982 -0.0205176118 -0.0782223493 332.778503 0 -6.1566782 0 800
0.360661519 0.914399982 -0.0207591794 -0.0796108842 334.835571 0 -6.1566782 0 800
0.358098443 0.914399982 -0.020998914 -0.0809851363 336.861969 0 -6.1566782 0 800
0.35553521 0.914399982 -0.0212369703 -0.0823578387 338.859375 0 -6.1566782 0 800
0.352971818 0.914399982 -0.021473304 -0.0837220475 340.857605 0 -6.1566782 0 800
0.35040825 0.914399982 -0.0217077242 -0.0850675926 342.811798 0 -6.1566782 0 800
0.347844519 0.914399982 -0.0219403511 -0.0863994136 344.778259 0 -6.1566782 0 800
0.345280622 0.914399982 -0.022171153 -0.0877217278 346.720398 0 -6.1566782 0 800
0.342716559 0.914399982 -0.0224000883 -0.0890342295 348.607513 0 -6.1566782 0 800
0.340152332 0.914399982 -0.0226271915 -0.0903362185 350.543671 0 -6.1566782 0 800
0.337587935 0.914399982 -0.0228523647 -0.0916284993 352.443054 0 -6.1566782 0 800
0.335023377 0.914399982 -0.0230756951 -0.0929109156 354.275665 0 -6.1566782 0 800
0.332458647 0.914399982 -0.0232970391 -0.094183147 356.168549 0 -6.1566782 0 800
0.329893756 0.914399982 -0.0235165074 -0.0954456553 358.028137 0 -6.1566782 0 800
0.327328693 0.914399982 -0.0237339581 -0.0966988057 359.818024 0 -6.1566782 0 800
0.324763467 0.914399982 -0.0239494825 -0.0979426652 361.666321 0 -6.1566782 0 800
0.32219807 0.914399982 -0.0241629526 -0.0991769582 363.500244 0 -6.1566782 0 800
0.319632509 0.914399982 -0.0243744464 -0.10040202 365.267578 0 -6.1566782 0 800
0.317066776 0.914399982 -0.0245838475 -0.101617828 367.046875 0 -6.1566782 0 800
0.314500879 0.914399982 -0.0247912231 -0.102824286 368.834229 0 -6.1566782 0 800
0.311934809 0.914399982 -0.0249964552 -0.104021572 370.608612 0 -6.1566782 0 800
0.309368575 0.914399982 -0.0251996226 -0.105209157 372.367157 0 -6.1566782 0 800
0.306802167 0.914399982 -0.0254005786 -0.106386885 374.117737 0 -6.1566782 0 800
0.304235595 0.914399982 -0.0255994314 -0.107554257 375.861206 0 -6.1566782 0 800
0.301668847 0.914399982 -0.0257960025 -0.108711556 377.599335 0 -6.1566782 0 800
0.299101936 0.914399982 -0.0259904291 -0.109858491 379.332703 0 -6.1566782 0 800
0.296534849 0.914399982 -0.0261825112 -0.110994421 381.059479 0 -6.1566782 0 800
0.293967597 0.914399982 -0.026372379 -0.112119935 382.783844 0 -6.1566782 0 800
0.29140017 0.914399982 -0.0265598687 -0.113234833 384.504883 0 -6.1566782 0 800
0.288832576 0.914399982 -0.0267450536 -0.114339255 386.223236 0 -6.1566782 0 800
0.286264808 0.914399982 -0.0269278228 -0.115432955 387.939453 0 -6.1566782 0 800
0.283696871 0.914399982 -0.027108193 -0.116516419 389.653473 0 -6.1566782 0 800
0.281128764 0.914399982 -0.0272861165 -0.117589325 391.366272 0 -6.1566782 0 800
0.278560484 0.914399982 -0.0274615405 -0.118651673 393.082153 0 -6.1566782 0 800
0.275992036 0.914399982 -0.0276344787 -0.119701989 394.800079 0 -6.1566782 0 800
0.273423413 0.914399982 -0.0278048054 -0.120739847 396.525513 0 -6.1566782 0 800
0.270854625 0.914399982 -0.0279726101 -0.121763453 398.258484 0 -6.1566782 0 800
0.268285659 0.914399982 -0.0281376881 -0.122772194 400.000671 0 -6.1566782 0 800
0.26571653 0.914399982 -0.028300188 -0.123765901 401.752777 0 -6.1566782 0 800
0.263147224 0.914399982 -0.028459889 -0.124742694 403.517792 0 -6.1566782 0 800
0.260577754 0.914399982 -0.0286169049 -0.125702202 405.294281 0 -6.1566782 0 800
0.258008111 0.914399982 -0.028771076 -0.126644716 407.08548 0 -6.1566782 0 800
0.255438301 0.914399982 -0.028922435 -0.127572402 408.891846 0 -6.1566782 0 800
0.252868322 0.914399982 -0.0290709003 -0.12848489 410.716125 0 -6.1566782 0 800
0.250298175 0.914399982 -0.0292164224 -0.12938194 412.559784 0 -6.1566782 0 800
0.247727863 0.914399982 -0.0293590095 -0.130262494 414.425812 0 -6.1566782 0 800
0.245157382 0.914399982 -0.0294985138 -0.131125644 416.310455 0 -6.1566782 0 800
0.24258674 0.914399982 -0.0296350232 -0.13196975 418.214966 0 -6.1566782 0 800
0.240015929 0.914399982 -0.0297683111 -0.132794246 420.149445 0 -6.1566782 0 800
0.237444962 0.914399982 -0.0298985357 -0.133596852 422.105042 0 -6.1566782 0 800
0.234873826 0.914399982 -0.0300254017 -0.134376153 424.090515 0 -6.1566782 0 800
0.232302536 0.914399982 -0.0301491055 -0.135133445 426.100616 0 -6.1566782 0 800
0.229731084 0.914399982 -0.0302693739 -0.135868281 428.137329 0 -6.1566782 0 800
0.227159479 0.914399982 -0.0303863483 -0.136578694 430.198059 0 -6.1566782 0 800
0.224587715 0.914399982 -0.0304997754 -0.13726303 432.28421 0 -6.1566782 0 800
0.222015803 0.914399982 -0.0306097783 -0.137920663 434.393524 0 -6.1566782 0 800
0.219443737 0.914399982 -0.0307161302 -0.138550386 436.525848 0 -6.1566782 0 800
0.216871527 0.914399982 -0.0308189225 -0.139152303 438.700897 0 -6.1566782 0 800
0.214299169 0.914399982 -0.0309179571 -0.139726102 440.89975 0 -6.1566782 0 800
0.211726672 0.914399982 -0.0310133087 -0.14026916 443.09845 0 -6.1566782 0 800
0.209154032 0.914399982 -0.0311047418 -0.140779808 445.310242 0 -6.1566782 0 800
0.206581261 0.914399982 -0.0311923774 -0.141256273 447.5383 0 -6.1566782 0 800
0.204008353 0.914399982 -0.0312759312 -0.141697884 449.767761 0 -6.1566782 0 800
0.201435322 0.914399982 -0.0313555734 -0.142103031 452.0047 0 -6.1566782 0 800
0.198862163 0.914399982 -0.0314309729 -0.142470509 454.250793 0 -6.1566782 0 800
0.196288888 0.914399982 -0.0315023188 -0.142798409 456.510498 0 -6.1566782 0 800
0.193715495 0.914399982 -0.0315692775 -0.143083453 458.786194 0 -6.1566782 0 800
0.191141995 0.914399982 -0.0316319752 -0.143326238 461.072632 0 -6.1566782 0 800
0.18856839 0.914399982 -0.0316902003 -0.143524826 463.368896 0 -6.1566782 0 800
0.185994687 0.914399982 -0.0317439251 -0.143678993 465.674164 0 -6.1566782 0 800
0.183420893 0.914399982 -0.0317931001 -0.143784299 467.988586 0 -6.1566782 0 800
0.180847013 0.914399982 -0.0318375119 -0.143839553 470.306061 0 -6.1566782 0 800
0.178273056 0.914399982 -0.0318772494 -0.14384082 472.634705 0 -6.1566782 0 800
0.175699027 0.914399982 -0.0319120219 -0.14378202 474.968842 0 -6.1566782 0 800
0.173124936 0.914399982 -0.0319418619 -0.143668249 477.314362 0 -6.1566782 0 800
0.170550793 0.914399982 -0.0319667045 -0.143490955 479.670502 0 -6.1566782 0 800
0.167976603 0.914399982 -0.0319862563 -0.143243432 482.043549 0 -6.1566782 0 800
0.16540238 0.914399982 -0.0320006355 -0.142932385 484.434326 0 -6.1566782 0 800
0.162828132 0.914399982 -0.0320096607 -0.14254725 486.832062 0 -6.1566782 0 800
0.160253871 0.914399982 -0.032013087 -0.142083094 489.273895 0 -6.1566782 0 800
0.157679608 0.914399982 -0.0320109843 -0.141550645 491.738525 0 -6.1566782 0 800
0.155105356 0.914399982 -0.032003214 -0.140939176 494.240723 0 -6.1566782 0 800
0.152531129 0.914399982 -0.0319894713 -0.14023757 496.779816 0 -6.1566782 0 800
0.14995694 0.914399982 -0.0319698313 -0.139457822 499.368164 0 -6.1566782 0 800
0.147382805 0.914399982 -0.0319441416 -0.138600335 502.003998 0 -6.1566782 0 800
0.144808739 0.914399982 -0.0319122149 -0.137644216 504.664856 0 -6.1566782 0 800
0.142234762 0.914399982 -0.0318738137 -0.136583626 507.433868 0 -6.1566782 0 800
0.13966089 0.914399982 -0.0318289475 -0.135432556 510.249237 0 -6.1566782 0 800
0.137087141 0.914399982 -0.0317774731 -0.134192109 513.118713 0 -6.1566782 0 800
0.134513537 0.914399982 -0.0317192024 -0.132845268 516.107666 0 -6.1566782 0 800
0.1319401 0.914399982 -0.0316539416 -0.131367624 519.13501 0 -6.1566782 0 800
0.129366857 0.914399982 -0.0315814568 -0.129746109 522.249878 0 -6.1566782 0 800
0.126793831 0.914399982 -0.0315016702 -0.127985537 525.481995 0 -6.1566782 0 800
0.124221046 0.914399982 -0.0314144146 -0.126090169 528.739441 0 -6.1566782 0 800
0.121648533 0.914399982 -0.0313195134 -0.124051385 532.071289 0 -6.1566782 0 800
0.119076322 0.914399982 -0.0312167385 -0.121853665 535.534912 0 -6.1566782 0 800
0.116504447 0.914399982 -0.0311058819 -0.119484954 539.036011 0 -6.1566782 0 800
0.113932942 0.914399982 -0.0309867291 -0.116941541 542.575684 0 -6.1566782 0 800
0.11133913 0.914399982 -0.0308579003 -0.114316478 546.235046 0 -6.1566782 0 800
0.108869255 0.914399982 -0.0307269729 -0.111582033 549.972351 0 -6.1566782 0 800
0.106517412 0.914399982 -0.0305946177 -0.108799443 553.743774 0 -6.1566782 0 800
0.104277979 0.914399982 -0.0304613467 -0.105980903 557.574036 0 -6.1566782 0 800
0.102145596 0.914399982 -0.0303277099 -0.103149988 561.477112 0 -6.1566782 0 800
0.100115146 0.914399982 -0.030194359 -0.100315452 565.442993 0 -6.1566782 0 800
0.0981817748 0.914399982 -0.0300615229 -0.0974711329 569.454224 0 -6.1566782 0 800
0.0963408429 0.914399982 -0.0299296901 -0.094632782 573.508179 0 -6.1566782 0 800
0.0945879312 0.914399982 -0.0297992494 -0.0918169245 577.604126 0 -6.1566782 0 800
0.0929188367 0.914399982 -0.0296704632 -0.0890152901 581.733582 0 -6.1566782 0 800
0.0913295575 0.914399982 -0.0295435479 -0.086220935 585.901062 0 -6.1566782 0 800
0.0898162795 0.914399982 -0.0294187181 -0.0834191814 590.107849 0 -6.1566782 0 800
0.0883753581 0.914399982 -0.0292963007 -0.0805219188 594.340271 0 -6.1566782 0 800
0.0869347508 0.914399982 -0.0291702047 -0.0776270926 598.684509 0 -6.1566782 0 800
0.0854944718 0.914399982 -0.0290404139 -0.0746788606 603.20343 0 -6.1566782 0 800
0.0840545311 0.914399982 -0.0289069213 -0.0716286451 607.922607 0 -6.1566782 0 800
0.0826149498 0.914399982 -0.0287696071 -0.068483226 612.59314 0 -6.1566782 0 800
0.0811757428 0.914399982 -0.0286284242 -0.0652168244 617.088013 0 -6.1566782 0 800
0.079736934 0.914399982 -0.0284832398 -0.0618236363 621.410645 0 -6.1566782 0 800
0.0782985409 0.914399982 -0.028333993 -0.0582964458 625.658142 0 -6.1566782 0 800
0.0768605839 0.914399982 -0.0281806008 -0.0546344593 629.821411 0 -6.1566782 0 800
0.0754230847 0.914399982 -0.0280229761 -0.0508333705 633.908447 0 -6.1566782 0 800
0.0739860657 0.914399982 -0.0278610326 -0.0468905121 637.930359 0 -6.1566782 0 800
0.07254955 0.914399982 -0.0276946831 -0.0428022891 641.881592 0 -6.1566782 0 800
0.0711135632 0.914399982 -0.0275238279 -0.0385626145 645.783997 0 -6.1566782 0 800
0.069678133 0.914399982 -0.0273483587 -0.0341630206 649.612122 0 -6.1566782 0 800
0.0682432886 0.914399982 -0.0271681618 -0.0295937546 653.878845 0 -6.1566782 0 800
0.0668090617 0.914399982 -0.0269831137 -0.0248441733 657.909424 0 -6.1566782 0 800
0.0653754852 0.914399982 -0.0267930934 -0.0199010633 661.334595 0 -6.1566782 0 800
0.0639425964 0.914399982 -0.026597955 -0.014752985 664.872498 0 -6.1566782 0 800
0.06251043 0.914399982 -0.0263975827 -0.00940123014 668.487366 0 -6.1566782 0 800
0.0610790202 0.914399982 -0.0261918761 -0.00385299139 672.120605 0 -6.1566782 0 800
0.0596484052 0.914399982 -0.0259807118 0.00190612057 675.836609 0 -6.1566782 0 800
0.0582186391 0.914399982 -0.025763875 0.00790207181 679.630859 0 -6.1566782 0 800
0.0567897668 0.914399982 -0.0255412243 0.0141532188 683.47937 0 -6.1566782 0 800
0.0553618424 0.914399982 -0.0253125729 0.0206772275 687.380066 0 -6.1566782 0 800
0.0539349246 0.914399982 -0.0250777222 0.0274835993 691.341736 0 -6.1566782 0 800
0.0525090615 0.914399982 -0.0248365501 0.0345833749 695.3703 0 -6.1566782 0 800
0.0510843283 0.914399982 -0.0245887908 0.0419799723 699.472473 0 -6.1566782 0 800
0.0496607734 0.914399982 -0.0243343484 0.0496750884 703.655029 0 -6.1566782 0 800
0.0482384817 0.914399982 -0.0240729377 0.0577034838 707.956909 0 -6.1566782 0 800
0.0468175398 0.914399982 -0.0238042859 0.0661307648 712.409607 0 -6.1566782 0 800
0.0453980457 0.914399982 -0.023528087 0.0750063881 716.990173 0 -6.1566782 0 800
0.0439800856 0.914399982 -0.0232441178 0.0843428746 721.67511 0 -6.1566782 0 800
0.0425637587 0.914399982 -0.0229521117 0.0941392183 726.474121 0 -6.1566782 0 800
0.0411491691 0.914399982 -0.0226518022 0.104418337 731.394836 0 -6.1566782 0 800
0.0397364416 0.914399982 -0.022342852 0.11517895 736.450439 0 -6.1566782 0 800
0.0383257175 0.914399982 -0.0220248787 0.12647444 741.642517 0 -6.1566782 0 800
0.0369171746 0.914399982 -0.0216973784 0.138407424 746.983032 0 -6.1566782 0 800
0.0355109695 0.914399982 -0.0213599822 0.151005566 752.479797 0 -6.1566782 0 800
0.0341072749 0.914399982 -0.0210122889 0.164274797 758.195435 0 -6.1566782 0 800
0.0327062875 0.914399982 -0.0206538428 0.178219154 764.134705 0 -6.1566782 0 800
0.0313082232 0.914399982 -0.02028416 0.192886963 770.217651 0 -6.1566782 0 800
0.0299133791 0.914399982 -0.0199025065 0.208427235 776.448608 0 -6.1566782 0 800
0.0285220582 0.914399982 -0.0195082032 0.225063771 782.790527 7.46230799e-05 -6.1549902 1 800
0.0271345876 0.914399982 -0.0191005583 0.242934063 789.174255 0.000202792813 -6.15219927 1 800
0.0257513186 0.914399982 -0.0186788765 0.262080073 795.637207 0.000305738358 -6.1500001 1 800
0.0243726298 0.914399982 -0.0182424523 0.282388866 802.227112 0.000394194125 -6.14816284 1 800
0.0229990677 0.914399982 -0.0177901514 0.303927034 808.858093 0.00047306114 -6.14654827 1 800
0.0216312253 0.914399982 -0.0173208367 0.327003837 815.443298 0.0005512957 -6.14495468 1 800
0.0202698272 0.914399982 -0.0168331443 0.351858526 821.958618 0.000628111709 -6.1434021 1 800
0.0189155406 0.914399982 -0.0163260384 0.378728718 828.360107 0.000703252328 -6.14190054 1 800
0.0175692503 0.914399982 -0.0157980695 0.407844275 834.6651 0.000777992711 -6.14045477 1 800
0.0162321003 0.914399982 -0.015247362 0.439194947 841.086121 0.000852012599 -6.13896847 1 800
0.0149055813 0.914399982 -0.0146715184 0.473209292 847.832825 0.00126363547 -6.13062096 1 800
0.0135911841 0.914399982 -0.0140685188 0.510370672 854.955078 0.00263255392 -6.10340214 1 800
0.0122907103 0.914399982 -0.0134360502 0.550636768 862.448975 0.00383085106 -6.08004427 1 800
0.0110067088 0.914399982 -0.0127707766 0.594438612 870.266113 0.00496387761 -6.05844879 1 800
0.00974255726 0.914399982 -0.0120685174 0.642502248 878.533447 0.00609387737 -6.03736544 1 800
0.00850202803 0.914399982 -0.0113253253 0.694690883 887.549377 0.00723581156 -6.01647139 1 800
0.00728978378 0.914399982 -0.0105368381 0.74956727 897.303955 0.00837485865 -5.99617529 1 800
0.00616084497 0.914399982 -0.00973202403 0.806093931 907.518188 0.00951405242 -5.97638941 1 800
0.00514277206 0.914399982 -0.00893097999 0.861694932 917.748047 0.0106900949 -5.95623446 1 800
0.00422996971 0.914399982 -0.00813515341 0.91274482 928.047546 0.0119538996 -5.93457413 1 800
0.00343643316 0.914399982 -0.00736356438 0.95716691 939.20166 0.0168186799 -5.84864187 1 800
0.00274285069 0.914399982 -0.00660441773 0.99172616 951.969604 0.0219477415 -5.7606082 1 800
0.00213648818 0.914399982 -0.00585018865 1.01382887 966.305603 0.0273487996 -5.67073727 1 800
0.00161211138 0.914399982 -0.00510044783 1.01918399 981.624634 0.0331188552 -5.57766819 1 800
0.00116988774 0.914399982 -0.00436125254 1.00353742 997.808411 0.0391740985 -5.48305035 1 800
0.000805392804 0.914399982 -0.00363199488 0.965571105 1016.26526 0.0454931296 -5.38930988 1 800
0.00051469137 0.914399982 -0.00291212333 0.901899815 1038.29675 0.0522343405 -5.29320478 1 800
0.000289792079 0.914399982 -0.00218676897 0.809772134 1063.39807 0.065776296 -5.09507418 1 800
0.000128627554 0.914399982 -0.00145413345 0.688818097 1091.95911 0.0822155252 -4.86523485 1 800
3.20963786e-05 0.914399982 -0.000722702615 0.541091204 1125.7041 0.0999499634 -4.63466263 1 800
-8.18412707e-09 0.914399982 -7.8016762e-10 0.370386362 1162.35632 0.11938265 -4.39754772 1 800
3.17941236e-05 0.914399982 0.000719176834 0.183721438 1199.8573 0.143197313 -4.1097393 1 800
0.000127329866 0.914399982 0.00144672079 -0.0122778863 1237.99536 0.175901338 -3.72047591 1 800
0.000287011983 0.914399982 0.00217624136 -0.213941172 1276.44324 0.210452497 -3.33003998 1 800
0.000509847083 0.914399982 0.00289847388 -0.41326043 1315.35681 0.246099979 -2.95078683 1 800
0.000798755786 0.914399982 0.00361739139 -0.599825561 1350.93884 0.282466173 -2.57876444 1 800
0.00116083968 0.914399982 0.00434485961 -0.766869605 1380.99121 0.319241822 -2.2022109 1 800
0.00159974379 0.914399982 0.00508132568 -0.913470626 1405.69043 0.370479643 -1.64782929 1 800
0.00211753308 0.914399982 0.00582495707 -1.03877223 1419.70361 0.425142229 -1.03580642 1 800
0.00271975272 0.914399982 0.00657746412 -1.14257145 1420.09509 0.477426708 -0.411161244 1 800
0.00340675316 0.914399982 0.00733289967 -1.22541726 1405.38147 0.526612163 0 0.995951831 800
0.00419414951 0.914399982 0.00810221109 -1.2869488 1365.41272 0.570903242 0 0.942534804 800
0.00509625241 0.914399982 0.00889228885 -1.33084357 1300.37708 0.612386584 0 0.674451351 800
0.00610047406 0.914399982 0.00968659439 -1.36177146 1223.28967 0.647685587 0 0.513110638 800
0.00721725929 0.914399982 0.0104873709 -1.37897635 1130.65601 0.675843894 0 0.421858907 800
0.00842161236 0.914399982 0.0112750257 -1.38527989 1012.22284 0.69554466 0 0.36479193 800
0.00965428513 0.914399982 0.0120175784 -1.38472068 878.01947 0.705831468 0 0.326795429 800
0.0109107177 0.914399982 0.0127191791 -1.37896323 743.485535 0.70773536 0 0.302808225 800
0.0121870365 0.914399982 0.0133839173 -1.36971807 616.366089 0.702228785 0 0.293526024 800
0.0134799311 0.914399982 0.0140158115 -1.35767734 504.937744 0.690104604 0 0.30682373 800
0.0147867318 0.914399982 0.0146184215 -1.34445155 405.328522 0.672374904 0 0.35523966 800
0.016105753 0.914399982 0.0151937912 -1.33085537 337.102966 0.650152326 0 0.453131378 800
0.0174353865 0.914399982 0.0157441928 -1.31662154 349.16568 0.624427199 0 0.43246612 800
0.0187742445 0.914399982 0.0162717597 -1.30189824 385.680664 0.595770001 0 0.334730506 800
0.0201210962 0.914399982 0.0167785712 -1.28723204 403.822266 0.564793766 0 0.285985261 800
0.0214751029 0.914399982 0.0172659452 -1.27292657 431.141541 0.532522738 0 0.268244416 800
0.022835535 0.914399982 0.0177350849 -1.25894916 465.320038 0.499603212 0 0.267037958 800
0.0242017369 0.914399982 0.0181871468 -1.2452054 503.401459 0.466222882 0 0.277042538 800
0.0255730686 0.914399982 0.0186234001 -1.2317332 540.036072 0.43330279 0 0.295384735 800
0.0269490089 0.914399982 0.0190448927 -1.21863818 570.325073 0.402396232 0 0.316215277 800
0.0283291553 0.914399982 0.0194524012 -1.20589101 594.802734 0.374041855 0 0.34287554 800
0.0297131607 0.914399982 0.0198466051 -1.19342601 613.904846 0.348120004 0 0.382734478 800
0.0311006962 0.914399982 0.020228198 -1.18120408 628.431091 0.325423568 0 0.442403197 800
0.0324914619 0.914399982 0.020597845 -1.16923332 641.206177 0.304816216 0 0.537775397 800
0.0338851739 0.914399982 0.0209562226 -1.15758479 651.710144 0.285845101 0 0.705858231 800
0.0352815876 0.914399982 0.0213039246 -1.14630651 658.048401 0.268182278 0 0.946941495 800
0.0366805184 0.914399982 0.0216413566 -1.13535559 661.252136 0.251883239 0 0.994460642 800
0.0380818015 0.914399982 0.0219688835 -1.12466753 663.767334 0.236943871 -0.0700566843 1 800
0.0394852649 0.914399982 0.0222869376 -1.11424136 666.502563 0.223125249 -0.448270738 1 800
0.0408907416 0.914399982 0.0225959739 -1.10410094 668.519165 0.210212007 -0.794742107 1 800
0.0422980875 0.914399982 0.0228963829 -1.09426463 668.788635 0.198207512 -1.10293126 1 800
0.0437071758 0.914399982 0.02318851 -1.08472013 667.53656 0.187187314 -1.37488317 1 800
0.0451179004 0.914399982 0.0234726299 -1.07542515 665.403381 0.178703412 -1.57757461 1 800
0.0465301623 0.914399982 0.0237490072 -1.06633961 662.759033 0.171373293 -1.74869549 1 800
0.0479438761 0.914399982 0.0240178595 -1.0574261 660.089722 0.164372951 -1.91196108 1 800
0.0493589461 0.914399982 0.0242794793 -1.04867458 657.7146 0.157688275 -2.06983829 1 800
0.0507752826 0.914399982 0.0245341536 -1.04010928 655.880127 0.151297867 -2.2243011 1 800
0.0521928037 0.914399982 0.0247821493 -1.03174126 654.467407 0.145221815 -2.37368226 1 800
0.053611457 0.914399982 0.0250235848 -1.02354729 653.036865 0.139421895 -2.51640892 1 800
0.0550311681 0.914399982 0.0252587197 -1.01551354 651.255554 0.133809939 -2.65327668 1 800
0.0564518876 0.914399982 0.025487683 -1.00763333 649.031921 0.128358021 -2.78418756 1 800
0.0578735603 0.914399982 0.0257106511 -0.999890625 646.410034 0.123052798 -2.91018534 1 800
0.0592961273 0.914399982 0.0259278406 -0.992282867 643.592224 0.117927536 -3.03158069 1 800
0.0607195509 0.914399982 0.026139343 -0.984804869 640.782043 0.113004267 -3.14870715 1 800
0.0621437714 0.914399982 0.026345411 -0.977464736 637.944214 0.108255878 -3.26210976 1 800
0.063568751 0.914399982 0.0265461631 -0.970270753 635.047302 0.103652231 -3.3724401 1 800
0.064994453 0.914399982 0.0267417178 -0.96320343 632.146484 0.0991766006 -3.48034644 1 800
0.066420846 0.914399982 0.0269321681 -0.956240773 629.263794 0.0948237032 -3.5860281 1 800
0.0678478935 0.914399982 0.0271176497 -0.949376464 626.438721 0.0906089321 -3.68914652 1 800
0.0692755612 0.914399982 0.0272982955 -0.942615807 623.754639 0.0865574703 -3.78930163 1 800
0.0707038184 0.914399982 0.0274742205 -0.935960233 621.269714 0.0826637521 -3.88666201 1 800
0.0721326342 0.914399982 0.0276455485 -0.929407835 618.896179 0.0788864866 -3.98203301 1 800
0.0735619812 0.914399982 0.0278123874 -0.922958612 616.555969 0.0762903094 -4.0458293 1 800
0.0749918329 0.914399982 0.0279748443 -0.916609883 614.251221 0.0737108067 -4.10981941 1 800
0.076422167 0.914399982 0.028132998 -0.910354674 611.970154 0.0711340159 -4.17415905 1 800
0.0778529609 0.914399982 0.0282869361 -0.904182076 609.717651 0.0685675964 -4.23866606 1 800
0.0792841958 0.914399982 0.0284367182 -0.898081303 607.49823 0.065997079 -4.30375242 1 800
0.0807158493 0.914399982 0.0285824455 -0.892037868 605.332886 0.0634284094 -4.36924171 1 800
0.0821479085 0.914399982 0.0287241284 -0.886063814 603.24585 0.0608581677 -4.43540716 1 800
0.0835803295 0.914399982 0.0288621061 -0.880181015 601.197815 0.0582637936 -4.50282097 1 800
0.085013118 0.914399982 0.028996215 -0.874403 599.150208 0.055649586 -4.57128382 1 800
0.0864462491 0.914399982 0.029126612 -0.868688405 597.105713 0.0530341528 -4.64029026 1 800
0.0878797114 0.914399982 0.0292533156 -0.863118947 595.066406 0.0504299067 -4.70949125 1 800
0.0893124563 0.914399982 0.0293763726 -0.857576489 593.038391 0.0478490815 -4.77854395 1 800
0.0908171694 0.914399982 0.0295016658 -0.851876736 591.026672 0.0453028791 -4.84710836 1 800
0.0923974449 0.914399982 0.029629238 -0.845899284 589.031799 0.0427907556 -4.91520596 1 800
0.0940570855 0.914399982 0.0297587638 -0.839708209 587.054199 0.0403152928 -4.98277998 1 800
0.0958000717 0.914399982 0.0298900254 -0.833282888 585.092773 0.0377437323 -5.05334711 1 800
0.0976305922 0.914399982 0.0300226413 -0.826602221 583.148193 0.0354952961 -5.11518002 1 800
0.0995530378 0.914399982 0.0301562624 -0.819669425 581.218994 0.0342585221 -5.14860725 1 800
0.101572004 0.914399982 0.0302907139 -0.812499821 579.305481 0.0329964049 -5.18297005 1 800
0.103692349 0.914399982 0.0304252619 -0.805079043 577.410339 0.0317057967 -5.21810341 1 800
0.105919135 0.914399982 0.0305597031 -0.797397673 575.543091 0.0303955767 -5.25399017 1 800
0.108257701 0.914399982 0.0306933597 -0.78945291 573.702881 0.0290668309 -5.29065847 1 800
0.110713646 0.914399982 0.0308255783 -0.781192482 571.884949 0.0277196132 -5.32812548 1 800
0.113292837 0.914399982 0.0309558151 -0.772835791 570.103638 0.0263474882 -5.36661196 1 800
0.115868178 0.914399982 0.0310772345 -0.76445055 567.803711 0.024942534 -5.40561676 1 800
0.118443899 0.914399982 0.0311902827 -0.756234527 565.392456 0.0235338584 -5.44489384 1 800
0.121019967 0.914399982 0.0312951718 -0.748134553 563.442749 0.0220886357 -5.48615265 1 800
0.123596345 0.914399982 0.0313921188 -0.740145087 561.50116 0.0205767397 -5.52972412 1 800
0.126173003 0.914399982 0.0314813059 -0.732254803 559.546692 0.0190284159 -5.57468462 1 800
0.128749911 0.914399982 0.0315629617 -0.724460125 557.498596 0.0174539872 -5.6206646 1 800
0.131327042 0.914399982 0.0316372545 -0.716757655 555.327576 0.0158611964 -5.66741991 1 800
0.13390437 0.914399982 0.0317043525 -0.709147274 553.056335 0.0142400591 -5.71529531 1 800
0.136481871 0.914399982 0.0317644283 -0.701624453 550.662476 0.0126433959 -5.7627821 1 800
0.139059525 0.914399982 0.031817584 -0.694181323 548.122925 0.0109640267 -5.81304216 1 800
0.141637309 0.914399982 0.0318639853 -0.68681407 545.545898 0.00899235252 -5.87282085 1 800
0.144215202 0.914399982 0.0319038691 -0.679547966 542.920654 0.00838901941 -5.89076567 1 800
0.146793186 0.914399982 0.031937372 -0.672383368 540.213257 0.00792858098 -5.90460491 1 800
0.149371244 0.914399982 0.0319645981 -0.665275812 537.594788 0.00745377736 -5.91897917 1 800
0.15194936 0.914399982 0.0319855684 -0.658217311 534.996948 0.00697392924 -5.93337488 1 800
0.154527518 0.914399982 0.0320005731 -0.651233613 532.400269 0.00649177143 -5.94780779 1 800
0.157105703 0.914399982 0.032009777 -0.644335926 529.820679 0.00600513071 -5.96250057 1 800
0.159683902 0.914399982 0.0320131373 -0.637504697 527.29364 0.00551489508 -5.97745371 1 800
0.162262103 0.914399982 0.0320108359 -0.630732298 524.83252 0.00502261845 -5.99261951 1 800
0.164840292 0.914399982 0.032003077 -0.624027669 522.441528 0.0045258333 -6.00808096 1 800
0.16741846 0.914399982 0.0319898652 -0.617385507 520.131531 0.00402372004 -6.02386951 1 800
0.169996595 0.914399982 0.0319712932 -0.610803962 517.92395 0.0035250592 -6.03969002 1 800
0.172574688 0.914399982 0.0319476332 -0.604290783 515.824585 0.00300766365 -6.05627298 1 800
0.175152728 0.914399982 0.0319187767 -0.597841024 513.792786 0.00243381481 -6.07492352 1 800
0.177730707 0.914399982 0.0318849457 -0.591454148 511.773041 0.00179338746 -6.09601927 1 800
0.180308619 0.914399982 0.0318462868 -0.585132122 509.784332 0.00103765365 -6.1211772 1 800
0.182886452 0.914399982 0.0318026742 -0.578864098 507.864502 0.000647487526 -6.13448095 1 800
0.185464202 0.914399982 0.0317544544 -0.572651505 505.956207 0.00061687472 -6.13563824 1 800
0.188041861 0.914399982 0.0317015621 -0.566496849 503.992981 0.000585638336 -6.13669491 1 800
0.190619423 0.914399982 0.0316441414 -0.560395479 502.025116 0.000553169055 -6.13774824 1 800
0.193196883 0.914399982 0.031582296 -0.554347396 500.103394 0.000519607798 -6.13884306 1 800
0.195774232 0.914399982 0.0315160055 -0.548351228 498.136383 0.000485214521 -6.13996935 1 800
0.198351471 0.914399982 0.0314455328 -0.542406619 496.131714 0.000449261046 -6.14115334 1 800
0.200928586 0.914399982 0.0313706944 -0.53651005 494.179657 0.000411801157 -6.14239693 1 800
0.203505582 0.914399982 0.0312918604 -0.530662417 492.199188 0.000372913171 -6.14369678 1 800
0.206082447 0.914399982 0.0312088442 -0.524863601 490.195404 0.000329833856 -6.14515018 1 800
0.208659183 0.914399982 0.0311219381 -0.519110322 488.253418 0.000277048151 -6.14695644 1 800
0.211235781 0.914399982 0.0310310196 -0.513401449 486.306366 0.000210563405 -6.14925909 1 800
0.213812243 0.914399982 0.0309363212 -0.50773567 484.380463 0.000136149232 -6.15186167 1 800
0.216388561 0.914399982 0.0308377791 -0.502112925 482.518097 5.78709405e-05 -6.15462112 1 800
0.218964735 0.914399982 0.0307355713 -0.496531993 480.672943 0 -6.1566782 0 800
0.221540761 0.914399982 0.0306296625 -0.490992516 478.88089 0 -6.1566782 0 800
0.224116638 0.914399982 0.0305202144 -0.485493541 477.129181 0 -6.1566782 0 800
0.226692361 0.914399982 0.0304071745 -0.480033696 475.421082 0 -6.1566782 0 800
0.229267931 0.914399982 0.0302907237 -0.474612743 473.762482 0 -6.1566782 0 800
0.231843342 0.914399982 0.0301707915 -0.469230473 472.142517 0 -6.1566782 0 800
0.234418597 0.914399982 0.0300475797 -0.4638879 470.571808 0 -6.1566782 0 800
0.236993689 0.914399982 0.0299209855 -0.458585441 469.028625 0 -6.1566782 0 800
0.239568624 0.914399982 0.0297912424 -0.453321874 467.522949 0 -6.1566782 0 800
0.242143391 0.914399982 0.0296581954 -0.448089778 466.044006 0 -6.1566782 0 800
0.244717998 0.914399982 0.0295221146 -0.442882031 464.591125 0 -6.1566782 0 800
0.247292435 0.914399982 0.0293828288 -0.437699467 463.160156 0 -6.1566782 0 800
0.24986671 0.914399982 0.0292405987 -0.432545811 461.746857 0 -6.1566782 0 800
0.252440814 0.914399982 0.0290952986 -0.427421719 460.347443 0 -6.1566782 0 800
0.255014754 0.914399982 0.0289471127 -0.422326297 458.949707 0 -6.1566782 0 800
0.257588522 0.914399982 0.0287959881 -0.417261064 457.56131 0 -6.1566782 0 800
0.260162123 0.914399982 0.0286420252 -0.412224859 456.175598 0 -6.1566782 0 800
0.262735553 0.914399982 0.0284852469 -0.407217056 454.789978 0 -6.1566782 0 800
0.265308812 0.914399982 0.0283256815 -0.402237713 453.405334 0 -6.1566782 0 800
0.267881903 0.914399982 0.0281634281 -0.397287786 452.018555 0 -6.1566782 0 800
0.27045482 0.914399982 0.0279984376 -0.392367244 450.624969 0 -6.1566782 0 800
0.273027571 0.914399982 0.0278308701 -0.387475967 449.226257 0 -6.1566782 0 800
0.275600144 0.914399982 0.0276606079 -0.382612705 447.833771 0 -6.1566782 0 800
0.278172552 0.914399982 0.02748786 -0.37777704 446.437042 0 -6.1566782 0 800
0.280744782 0.914399982 0.0273124906 -0.372968018 445.040802 0 -6.1566782 0 800
0.283316846 0.914399982 0.0271346928 -0.368185222 443.647644 0 -6.1566782 0 800
0.285888735 0.914399982 0.0269543875 -0.363429427 442.25943 0 -6.1566782 0 800
0.288460455 0.914399982 0.0267716903 -0.358698964 440.876404 0 -6.1566782 0 800
0.291032003 0.914399982 0.0265865738 -0.353992283 439.50177 0 -6.1566782 0 800
0.29360338 0.914399982 0.026399104 -0.349308223 438.139954 0 -6.1566782 0 800
0.296174586 0.914399982 0.0262093064 -0.344646305 436.786926 0 -6.1566782 0 800
0.29874562 0.914399982 0.0260171953 -0.340005696 435.443329 0 -6.1566782 0 800
0.301316486 0.914399982 0.0258228425 -0.335386008 434.109192 0 -6.1566782 0 800
0.303887178 0.914399982 0.0256262152 -0.330786288 432.792267 0 -6.1566782 0 800
0.306457704 0.914399982 0.0254274166 -0.326205939 431.486328 0 -6.1566782 0 800
0.309028056 0.914399982 0.025226386 -0.321644127 430.203888 0 -6.1566782 0 800
0.311598243 0.914399982 0.0250232499 -0.317100167 428.938049 0 -6.1566782 0 800
0.314168256 0.914399982 0.0248179235 -0.312573284 427.692383 0 -6.1566782 0 800
0.316738104 0.914399982 0.0246105535 -0.308062911 426.468628 0 -6.1566782 0 800
0.319307779 0.914399982 0.0244010446 -0.303567857 425.264069 0 -6.1566782 0 800
0.32187729 0.914399982 0.0241895324 -0.299086243 424.07959 0 -6.1566782 0 800
0.324446629 0.914399982 0.0239759379 -0.29461652 422.914185 0 -6.1566782 0 800
0.327015803 0.914399982 0.0237603734 -0.290157497 421.768524 0 -6.1566782 0 800
0.329584806 0.914399982 0.0235427819 -0.285709202 420.639465 0 -6.1566782 0 800
0.332153644 0.914399982 0.0233232546 -0.281271428 419.526001 0 -6.1566782 0 800
0.334722314 0.914399982 0.0231017543 -0.276843876 418.425781 0 -6.1566782 0 800
0.337290817 0.914399982 0.0228783444 -0.272426099 417.342896 0 -6.1566782 0 800
0.339859154 0.914399982 0.0226530243 -0.26801756 416.26947 0 -6.1566782 0 800
0.342427324 0.914399982 0.0224258003 -0.263617069 415.209015 0 -6.1566782 0 800
0.344995329 0.914399982 0.0221967295 -0.259224117 414.158844 0 -6.1566782 0 800
0.347563164 0.914399982 0.0219657647 -0.25483802 413.117828 0 -6.1566782 0 800
0.350130838 0.914399982 0.0217330137 -0.250458449 412.085083 0 -6.1566782 0 800
0.352698341 0.914399982 0.0214983804 -0.246083438 411.057709 0 -6.1566782 0 800
0.355265681 0.914399982 0.0212619755 -0.241709217 410.037537 0 -6.1566782 0 800
0.357832846 0.914399982 0.0210236648 -0.237335756 409.020355 0 -6.1566782 0 800
0.360399856 0.914399982 0.020783702 -0.232970491 408.006836 0 -6.1566782 0 800
0.362966707 0.914399982 0.0205420412 -0.228611261 406.995544 0 -6.1566782 0 800
0.365533374 0.914399982 0.0202984401 -0.224246338 405.985596 0 -6.1566782 0 800
0.368099885 0.914399982 0.0200531987 -0.219881877 404.974731 0 -6.1566782 0 800
0.37066624 0.914399982 0.0198063264 -0.215521082 403.961609 0 -6.1566782 0 800
0.373232409 0.914399982 0.0195575285 -0.211152598 402.950043 0 -6.1566782 0 800
0.375798423 0.914399982 0.0193071313 -0.206781447 401.93399 0 -6.1566782 0 800
0.378364279 0.914399982 0.019055128 -0.202411622 400.916595 0 -6.1566782 0 800
0.38092995 0.914399982 0.0188012431 -0.198032618 399.89621 0 -6.1566782 0 800
0.383495464 0.914399982 0.0185457892 -0.193647459 398.871155 0 -6.1566782 0 800
0.386060815 0.914399982 0.0182886908 -0.189259559 397.828674 0 -6.1566782 0 800
0.388625987 0.914399982 0.0180298195 -0.184862852 396.772278 0 -6.1566782 0 800
0.391191004 0.914399982 0.0177694106 -0.180458516 395.749512 0 -6.1566782 0 800
0.393755845 0.914399982 0.017507271 -0.176045507 394.709229 0 -6.1566782 0 800
0.396320517 0.914399982 0.0172434929 -0.171622172 393.633636 0 -6.1566782 0 800
0.39888503 0.914399982 0.0169781651 -0.167189255 392.598907 0 -6.1566782 0 800
0.401449356 0.914399982 0.016711047 -0.1627426 391.566284 0 -6.1566782 0 800
0.404013528 0.914399982 0.0164424431 -0.158282518 390.487488 0 -6.1566782 0 800
0.406577516 0.914399982 0.0161720962 -0.15380846 389.427124 0 -6.1566782 0 800
0.409141339 0.914399982 0.0159001827 -0.149318889 388.380859 0 -6.1566782 0 800
0.41170499 0.914399982 0.0156266566 -0.144814685 387.291718 0 -6.1566782 0 800
0.414268464 0.914399982 0.015351477 -0.140293121 386.217224 0 -6.1566782 0 800
0.416831768 0.914399982 0.0150747174 -0.135752976 385.152405 0 -6.1566782 0 800
0.419394891 0.914399982 0.0147962876 -0.131193787 384.054962 0 -6.1566782 0 800
0.421957846 0.914399982 0.0145163095 -0.12661463 382.981567 0 -6.1566782 0 800
0.424520615 0.914399982 0.0142346401 -0.122013882 381.890106 0 -6.1566782 0 800
0.427083212 0.914399982 0.0139514141 -0.117390618 380.777405 0 -6.1566782 0 800
0.429645627 0.914399982 0.0136665334 -0.112743832 379.701691 0 -6.1566782 0 800
0.432207861 0.914399982 0.0133800351 -0.108072311 378.596344 0 -6.1566782 0 800
0.434769915 0.914399982 0.0130919408 -0.103375748 377.486542 0 -6.1566782 0 800
0.437331782 0.914399982 0.0128021761 -0.0986525342 376.375305 0 -6.1566782 0 800
0.439893474 0.914399982 0.0125108748 -0.0939014629 375.247742 0 -6.1566782 0 800
0.442454967 0.914399982 0.0122178211 -0.0891196877 374.14328 0 -6.1566782 0 800
0.445016278 0.914399982 0.0119231912 -0.0843075216 373.016479 0 -6.1566782 0 800
0.447577404 0.914399982 0.011626955 -0.0794655979 371.879272 0 -6.1566782 0 800
0.45013833 0.914399982 0.0113289909 -0.0745899379 370.74408 0 -6.1566782 0 800
0.452699069 0.914399982 0.0110294258 -0.0696814433 369.599945 0 -6.1566782 0 800
0.455259619 0.914399982 0.0107282484 -0.0647404566 368.44989 0 -6.1566782 0 800
0.457819962 0.914399982 0.0104253199 -0.0597622879 367.288208 0 -6.1566782 0 800
0.460380109 0.914399982 0.0101207367 -0.0547468439 366.120605 0 -6.1566782 0 800
0.462940061 0.914399982 0.00981451781 -0.0496965162 364.937622 0 -6.1566782 0 800
0.46549981 0.914399982 0.00950660895 -0.0446098819 363.749512 0 -6.1566782 0 800
0.468059357 0.914399982 0.00919701723 -0.0394845717 362.545746 0 -6.1566782 0 800
0.47061869 0.914399982 0.0088856712 -0.0343193039 361.324432 0 -6.1566782 0 800
0.473177816 0.914399982 0.0085726292 -0.0291146226 360.097656 0 -6.1566782 0 800
0.475736732 0.914399982 0.00825786855 -0.0238714311 358.843384 0 -6.1566782 0 800
0.478295434 0.914399982 0.00794137496 -0.0185894743 357.586517 0 -6.1566782 0 800
0.480853921 0.914399982 0.00762314525 -0.0132690091 356.297516 0 -6.1566782 0 800
0.483412189 0.914399982 0.00730316753 -0.00791069772 354.973175 0 -6.1566782 0 800
0.485970238 0.914399982 0.00698143863 -0.00251404988 353.663544 0 -6.1566782 0 800
0.488528057 0.914399982 0.00665788786 0.0029217538 352.309174 0 -6.1566782 0 800
0.491085649 0.914399982 0.0063325434 0.0083950758 350.902069 0 -6.1566782 0 800
0.493643014 0.914399982 0.00600542351 0.0139035638 349.489014 0 -6.1566782 0 800
0.496200149 0.914399982 0.0056765146 0.0194470342 348.048248 0 -6.1566782 0 800
0.498757039 0.914399982 0.00534570177 0.0250255559 346.557617 0 -6.1566782 0 800
0.501313699 0.914399982 0.00501311406 0.0306377728 345.025909 0 -6.1566782 0 800
0.503870103 0.914399982 0.00467856306 0.036282029 343.455688 0 -6.1566782 0 800
0.50642627 0.914399982 0.0043422108 0.0419565514 341.848541 0 -6.1566782 0 800
0.508982184 0.914399982 0.0040039379 0.0476564206 340.195526 0 -6.1566782 0 800
0.511537855 0.914399982 0.00366384071 0.0533822067 338.485504 0 -6.1566782 0 800
0.514093255 0.914399982 0.00332170415 0.0591276251 336.722748 0 -6.1566782 0 800
0.516648403 0.914399982 0.00297770244 0.0648976341 334.900421 0 -6.1566782 0 800
0.519203289 0.914399982 0.00263174854 0.0706677958 333.005585 0 -6.1566782 0 800
0.521757904 0.914399982 0.00228380711 0.0764626861 331.044464 0 -6.1566782 0 800
0.524312244 0.914399982 0.00193384576 0.082199201 329.01886 0 -6.1566782 0 800
0.526866315 0.914399982 0.00158192817 0.0878836438 326.904327 0 -6.1566782 0 800
0.52942009 0.914399982 0.00122787388 0.0925536826 324.687683 0 -6.1566782 0 800
0.531069981 0.914399982 0.000998093031 0.096215412 322.383484 0 -6.1566782 0 800
0.532101091 0.914399982 0.000853961954 0.0981456786 319.968262 0 -6.1566782 0 800
0.532745525 0.914399982 0.000763814193 0.0986770913 317.428864 0 -6.1566782 0 800
0.533148284 0.914399982 0.000707382481 0.0988193229 314.775299 0 -6.1566782 0 800
0.533400004 0.914399982 0.000672085901 0.0954329818 311.972778 0 -6.1566782 0 800
0.533400001 0.914399982 0.000582474699 0.0881093964 308.99646 0 -6.1566782 0 800
0.533399997 0.914399982 0.000492863497 0.0923226997 305.853821 0 -6.1566782 0 800
0.533399993 0.914399982 0.000403252296 0.0921963081 302.54364 0 -6.1566782 0 800
0.533399989 0.914399982 0.000313641094 0.0932006389 299.006134 0 -6.1566782 0 800
0.533399987 0.914399982 0.000224029892 0.0939021185 295.211853 0 -6.1566782 0 800
0.533399989 0.914399982 0.000134418691 0.0946045071 291.148712 0 -6.1566782 0 800
0.53339999 0.914399982 4.48074889e-05 0.0950235948 286.749664 0 -6.1566782 0 800
0.533399991 0.914399982 -4.48037127e-05 0.0951114669 282.307861 0 -6.1566782 0 800
0.533399993 0.914399982 -0.000134414914 0.0948637202 278.78006 0 -6.1566782 0 800
0.533399994 0.914399982 -0.000224026116 0.0941695869 276.576569 0 -6.1566782 0 800
0.533399998 0.914399982 -0.000313637317 0.0935161412 276.355347 0 -6.1566782 0 800
0.533400005 0.914399982 -0.000403248519 0.0919943675 279.042664 0 -6.1566782 0 800
0.533400012 0.914399982 -0.00049285972 0.0926277936 300.263245 0 -6.1566782 0 800
0.533400018 0.914399982 -0.00058247092 0.0851805359 284.744354 0 -6.1566782 0 800

ZONE T="SLICE_Y_0p9144_BINS15_KS_0p5mm_CUTDATA"
0.533400018 0.914399982 -0.00058247092 0.0851805359 159.29364 0 -6.1566782 0 800
0.533400004 0.914399982 -0.000672082119 0.0976350829 166.488892 0 -6.1566782 0 800
0.533148466 0.914399982 -0.000707354403 0.101727836 182.114731 0 -6.1566782 0 800
0.532745998 0.914399982 -0.000763745625 0.100308456 192.161499 0 -6.1566782 0 800
0.53210203 0.914399982 -0.000853827126 0.0995936692 202.093292 0 -6.1566782 0 800
0.531071666 0.914399982 -0.00099785339 0.0970543772 204.624695 0 -6.1566782 0 800
0.529422969 0.914399982 -0.00122746797 0.0928454548 200.697083 0 -6.1566782 0 800
0.526873095 0.914399982 -0.00158098831 0.0877554417 196.081985 0 -6.1566782 0 800
0.524322926 0.914399982 -0.00193237185 0.081875734 190.530579 0 -6.1566782 0 800
0.521772489 0.914399982 -0.0022818114 0.0762818605 179.239304 0 -6.1566782 0 800
0.519221778 0.914399982 -0.00262923523 0.070899941 162.352798 0 -6.1566782 0 800
0.516670797 0.914399982 -0.0029746773 0.0657896027 141.622345 0 -6.1566782 0 800
0.514119553 0.914399982 -0.00331817313 0.0608872622 114.719322 0 -6.1566782 0 800
0.511568058 0.914399982 -0.00365979377 0.056194935 131.556335 0 -6.1566782 0 800
0.509016294 0.914399982 -0.00399940552 0.0516900122 131.556335 0 -6.1566782 0 800
0.506464287 0.914399982 -0.00433718384 0.0473621301 211.241638 0 -6.1566782 0 800
0.50391203 0.914399982 -0.00467306469 0.043197304 198.602524 0 -6.1566782 0 800
0.501359535 0.914399982 -0.00500713669 0.0391902924 168.783386 0 -6.1566782 0 800
0.498806784 0.914399982 -0.00533924521 0.0353310816 159.668167 0 -6.1566782 0 800
0.496253803 0.914399982 -0.00566957616 0.0316068158 157.803879 0 -6.1566782 0 800
0.49370058 0.914399982 -0.00599804175 0.0280087087 159.363342 0 -6.1566782 0 800
0.491147126 0.914399982 -0.00632469778 0.024528088 163.176147 0 -6.1566782 0 800
0.488593446 0.914399982 -0.00664958131 0.0211564302 168.556183 0 -6.1566782 0 800
0.48603954 0.914399982 -0.00697269046 0.017889604 174.333908 0 -6.1566782 0 800
0.483485406 0.914399982 -0.00729398822 0.0147234434 180.034195 0 -6.1566782 0 800
0.480931051 0.914399982 -0.00761352572 0.0116503704 185.592682 0 -6.1566782 0 800
0.478376479 0.914399982 -0.00793132724 0.0086638229 190.990646 0 -6.1566782 0 800
0.475821692 0.914399982 -0.00824739351 0.00575977471 196.21463 0 -6.1566782 0 800
0.473266692 0.914399982 -0.00856172802 0.00293383794 201.277557 0 -6.1566782 0 800
0.470711482 0.914399982 -0.00887435928 0.000182269228 206.183243 0 -6.1566782 0 800
0.468156063 0.914399982 -0.00918526844 -0.00249689305 210.943756 0 -6.1566782 0 800
0.465600434 0.914399982 -0.00949445508 -0.00510709127 215.55835 0 -6.1566782 0 800
0.463044603 0.914399982 -0.00980196434 -0.00765360054 220.042557 0 -6.1566782 0 800
0.460488571 0.914399982 -0.0101077948 -0.0101419175 224.389984 0 -6.1566782 0 800
0.457932344 0.914399982 -0.0104119964 -0.0125734964 228.615875 0 -6.1566782 0 800
0.455375917 0.914399982 -0.0107145051 -0.0149451979 232.724121 0 -6.1566782 0 800
0.452819289 0.914399982 -0.0110153132 -0.0172610115 236.703232 0 -6.1566782 0 800
0.450262471 0.914399982 -0.0113145094 -0.0195301939 240.592133 0 -6.1566782 0 800
0.447705468 0.914399982 -0.0116121166 -0.0217508338 244.389313 0 -6.1566782 0 800
0.44514826 0.914399982 -0.01190795 -0.0239229053 248.069778 0 -6.1566782 0 800
0.442590872 0.914399982 -0.0122022341 -0.0260545406 251.649704 0 -6.1566782 0 800
0.440033299 0.914399982 -0.0124948975 -0.0281458199 255.139572 0 -6.1566782 0 800
0.437475532 0.914399982 -0.0127858649 -0.0301975459 258.546783 0 -6.1566782 0 800
0.434917592 0.914399982 -0.0130753062 -0.0322116129 261.867188 0 -6.1566782 0 800
0.432359457 0.914399982 -0.01336302 -0.0341891237 265.104126 0 -6.1566782 0 800
0.42980115 0.914399982 -0.0136492021 -0.0361332335 268.273315 0 -6.1566782 0 800
0.427242658 0.914399982 -0.013933718 -0.0380446725 271.374023 0 -6.1566782 0 800
0.424683989 0.914399982 -0.0142166417 -0.039924778 274.40509 0 -6.1566782 0 800
0.422125141 0.914399982 -0.0144979481 -0.0417749994 277.354034 0 -6.1566782 0 800
0.419566117 0.914399982 -0.0147776435 -0.0435963757 280.235962 0 -6.1566782 0 800
0.417006917 0.914399982 -0.0150557235 -0.0453902334 283.087006 0 -6.1566782 0 800
0.414447544 0.914399982 -0.0153322065 -0.0471574478 285.869171 0 -6.1566782 0 800
0.411887994 0.914399982 -0.0156070442 -0.0488989502 288.575439 0 -6.1566782 0 800
0.409328275 0.914399982 -0.0158803148 -0.0506157801 291.258789 0 -6.1566782 0 800
0.406768377 0.914399982 -0.0161518946 -0.0523120053 293.883057 0 -6.1566782 0 800
0.404208323 0.914399982 -0.0164219968 -0.0539847016 296.443726 0 -6.1566782 0 800
0.401648078 0.914399982 -0.0166902858 -0.0556321479 298.984924 0 -6.1566782 0 800
0.399087677 0.914399982 -0.0169570843 -0.0572591163 301.476929 0 -6.1566782 0 800
0.396527101 0.914399982 -0.0172221887 -0.0588659421 303.905396 0 -6.1566782 0 800
0.393966355 0.914399982 -0.0174856599 -0.0604568347 306.29361 0 -6.1566782 0 800
0.391405453 0.914399982 -0.0177475985 -0.0620275512 308.66391 0 -6.1566782 0 800
0.388844364 0.914399982 -0.0180077128 -0.0635758638 311.003632 0 -6.1566782 0 800
0.386283121 0.914399982 -0.0182662943 -0.0651096925 313.304138 0 -6.1566782 0 800
0.383721709 0.914399982 -0.0185232101 -0.0666262656 315.579651 0 -6.1566782 0 800
0.381160124 0.914399982 -0.0187783802 -0.068126522 317.821747 0 -6.1566782 0 800
0.378598383 0.914399982 -0.0190319891 -0.0696132034 320.034363 0 -6.1566782 0 800
0.376036469 0.914399982 -0.01928384 -0.0710813701 322.218719 0 -6.1566782 0 800
0.373474386 0.914399982 -0.0195339749 -0.0725364983 324.386963 0 -6.1566782 0 800
0.370912148 0.914399982 -0.0197825124 -0.0739805102 326.520325 0 -6.1566782 0 800
0.368349737 0.914399982 -0.0200292581 -0.0754052848 328.627197 0 -6.1566782 0 800
0.365787158 0.914399982 -0.020274252 -0.0768171847 330.723328 0 -6.1566782 0 800
0.363224424 0.914399982 -0.0205176118 -0.0782223493 332.778503 0 -6.1566782 0 800
0.360661519 0.914399982 -0.0207591794 -0.0796108842 334.835571 0 -6.1566782 0 800
0.358098443 0.914399982 -0.020998914 -0.0809851363 336.861969 0 -6.1566782 0 800
0.35553521 0.914399982 -0.0212369703 -0.0823578387 338.859375 0 -6.1566782 0 800
0.352971818 0.914399982 -0.021473304 -0.0837220475 340.857605 0 -6.1566782 0 800
0.35040825 0.914399982 -0.0217077242 -0.0850675926 342.811798 0 -6.1566782 0 800
0.347844519 0.914399982 -0.0219403511 -0.0863994136 344.778259 0 -6.1566782 0 800
0.345280622 0.914399982 -0.022171153 -0.0877217278 346.720398 0 -6.1566782 0 800
0.342716559 0.914399982 -0.0224000883 -0.0890342295 348.607513 0 -6.1566782 0 800
0.340152332 0.914399982 -0.0226271915 -0.0903362185 350.543671 0 -6.1566782 0 800
0.337587935 0.914399982 -0.0228523647 -0.0916284993 352.443054 0 -6.1566782 0 800
0.335023377 0.914399982 -0.0230756951 -0.0929109156 354.275665 0 -6.1566782 0 800
0.332458647 0.914399982 -0.0232970391 -0.094183147 356.168549 0 -6.1566782 0 800
0.329893756 0.914399982 -0.0235165074 -0.0954456553 358.028137 0 -6.1566782 0 800
0.327328693 0.914399982 -0.0237339581 -0.0966988057 359.818024 0 -6.1566782 0 800
0.324763467 0.914399982 -0.0239494825 -0.0979426652 361.666321 0 -6.1566782 0 800
0.32219807 0.914399982 -0.0241629526 -0.0991769582 363.500244 0 -6.1566782 0 800
0.319632509 0.914399982 -0.0243744464 -0.10040202 365.267578 0 -6.1566782 0 800
0.317066776 0.914399982 -0.0245838475 -0.101617828 367.046875 0 -6.1566782 0 800
0.314500879 0.914399982 -0.0247912231 -0.102824286 368.834229 0 -6.1566782 0 800
0.311934809 0.914399982 -0.0249964552 -0.104021572 370.608612 0 -6.1566782 0 800
0.309368575 0.914399982 -0.0251996226 -0.105209157 372.367157 0 -6.1566782 0 800
0.306802167 0.914399982 -0.0254005786 -0.106386885 374.117737 0 -6.1566782 0 800
0.304235595 0.914399982 -0.0255994314 -0.107554257 375.861206 0 -6.1566782 0 800
0.301668847 0.914399982 -0.0257960025 -0.108711556 377.599335 0 -6.1566782 0 800
0.299101936 0.914399982 -0.0259904291 -0.109858491 379.332703 0 -6.1566782 0 800
0.296534849 0.914399982 -0.0261825112 -0.110994421 381.059479 0 -6.1566782 0 800
0.293967597 0.914399982 -0.026372379 -0.112119935 382.783844 0 -6.1566782 0 800
0.29140017 0.914399982 -0.0265598687 -0.113234833 384.504883 0 -6.1566782 0 800
0.288832576 0.914399982 -0.0267450536 -0.114339255 386.223236 0 -6.1566782 0 800
0.286264808 0.914399982 -0.0269278228 -0.115432955 387.939453 0 -6.1566782 0 800
0.283696871 0.914399982 -0.027108193 -0.116516419 389.653473 0 -6.1566782 0 800
0.281128764 0.914399982 -0.0272861165 -0.117589325 391.366272 0 -6.1566782 0 800
0.278560484 0.914399982 -0.0274615405 -0.118651673 393.082153 0 -6.1566782 0 800
0.275992036 0.914399982 -0.0276344787 -0.119701989 394.800079 0 -6.1566782 0 800
0.273423413 0.914399982 -0.0278048054 -0.120739847 396.525513 0 -6.1566782 0 800
0.270854625 0.914399982 -0.0279726101 -0.121763453 398.258484 0 -6.1566782 0 800
0.268285659 0.914399982 -0.0281376881 -0.122772194 400.000671 0 -6.1566782 0 800
0.26571653 0.914399982 -0.028300188 -0.123765901 401.752777 0 -6.1566782 0 800
0.263147224 0.914399982 -0.028459889 -0.124742694 403.517792 0 -6.1566782 0 800
0.260577754 0.914399982 -0.0286169049 -0.125702202 405.294281 0 -6.1566782 0 800
0.258008111 0.914399982 -0.028771076 -0.126644716 407.08548 0 -6.1566782 0 800
0.255438301 0.914399982 -0.028922435 -0.127572402 408.891846 0 -6.1566782 0 800
0.252868322 0.914399982 -0.0290709003 -0.12848489 410.716125 0 -6.1566782 0 800
0.250298175 0.914399982 -0.0292164224 -0.12938194 412.559784 0 -6.1566782 0 800
0.247727863 0.914399982 -0.0293590095 -0.130262494 414.425812 0 -6.1566782 0 800
0.245157382 0.914399982 -0.0294985138 -0.131125644 416.310455 0 -6.1566782 0 800
0.24258674 0.914399982 -0.0296350232 -0.13196975 418.214966 0 -6.1566782 0 800
0.240015929 0.914399982 -0.0297683111 -0.132794246 420.149445 0 -6.1566782 0 800
0.237444962 0.914399982 -0.0298985357 -0.133596852 422.105042 0 -6.1566782 0 800
0.234873826 0.914399982 -0.0300254017 -0.134376153 424.090515 0 -6.1566782 0 800
0.232302536 0.914399982 -0.0301491055 -0.135133445 426.100616 0 -6.1566782 0 800
0.229731084 0.914399982 -0.0302693739 -0.135868281 428.137329 0 -6.1566782 0 800
0.227159479 0.914399982 -0.0303863483 -0.136578694 430.198059 0 -6.1566782 0 800
0.224587715 0.914399982 -0.0304997754 -0.13726303 432.28421 0 -6.1566782 0 800
0.222015803 0.914399982 -0.0306097783 -0.137920663 434.393524 0 -6.1566782 0 800
0.219443737 0.914399982 -0.0307161302 -0.138550386 436.525848 0 -6.1566782 0 800
0.216871527 0.914399982 -0.0308189225 -0.139152303 438.700897 0 -6.1566782 0 800
0.214299169 0.914399982 -0.0309179571 -0.139726102 440.89975 0 -6.1566782 0 800
0.211726672 0.914399982 -0.0310133087 -0.14026916 443.09845 0 -6.1566782 0 800
0.209154032 0.914399982 -0.0311047418 -0.140779808 445.310242 0 -6.1566782 0 800
0.206581261 0.914399982 -0.0311923774 -0.141256273 447.5383 0 -6.1566782 0 800
0.204008353 0.914399982 -0.0312759312 -0.141697884 449.767761 0 -6.1566782 0 800
0.201435322 0.914399982 -0.0313555734 -0.142103031 452.0047 0 -6.1566782 0 800
0.198862163 0.914399982 -0.0314309729 -0.142470509 454.250793 0 -6.1566782 0 800
0.196288888 0.914399982 -0.0315023188 -0.142798409 456.510498 0 -6.1566782 0 800
0.193715495 0.914399982 -0.0315692775 -0.143083453 458.786194 0 -6.1566782 0 800
0.191141995 0.914399982 -0.0316319752 -0.143326238 461.072632 0 -6.1566782 0 800
0.18856839 0.914399982 -0.0316902003 -0.143524826 463.368896 0 -6.1566782 0 800
0.185994687 0.914399982 -0.0317439251 -0.143678993 465.674164 0 -6.1566782 0 800
0.183420893 0.914399982 -0.0317931001 -0.143784299 467.988586 0 -6.1566782 0 800
0.180847013 0.914399982 -0.0318375119 -0.143839553 470.306061 0 -6.1566782 0 800
0.178273056 0.914399982 -0.0318772494 -0.14384082 472.634705 0 -6.1566782 0 800
0.175699027 0.914399982 -0.0319120219 -0.14378202 474.968842 0 -6.1566782 0 800
0.173124936 0.914399982 -0.0319418619 -0.143668249 477.314362 0 -6.1566782 0 800
0.170550793 0.914399982 -0.0319667045 -0.143490955 479.670502 0 -6.1566782 0 800
0.167976603 0.914399982 -0.0319862563 -0.143243432 482.043549 0 -6.1566782 0 800
0.16540238 0.914399982 -0.0320006355 -0.142932385 484.434326 0 -6.1566782 0 800
0.162828132 0.914399982 -0.0320096607 -0.14254725 486.832062 0 -6.1566782 0 800
0.160253871 0.914399982 -0.032013087 -0.142083094 489.273895 0 -6.1566782 0 800
0.157679608 0.914399982 -0.0320109843 -0.141550645 491.738525 0 -6.1566782 0 800
0.155105356 0.914399982 -0.032003214 -0.140939176 494.240723 0 -6.1566782 0 800
0.152531129 0.914399982 -0.0319894713 -0.14023757 496.779816 0 -6.1566782 0 800
0.14995694 0.914399982 -0.0319698313 -0.139457822 499.368164 0 -6.1566782 0 800
0.147382805 0.914399982 -0.0319441416 -0.138600335 502.003998 0 -6.1566782 0 800
0.144808739 0.914399982 -0.0319122149 -0.137644216 504.664856 0 -6.1566782 0 800
0.142234762 0.914399982 -0.0318738137 -0.136583626 507.433868 0 -6.1566782 0 800
0.13966089 0.914399982 -0.0318289475 -0.135432556 510.249237 0 -6.1566782 0 800
0.137087141 0.914399982 -0.0317774731 -0.134192109 513.118713 0 -6.1566782 0 800
0.134513537 0.914399982 -0.0317192024 -0.132845268 516.107666 0 -6.1566782 0 800
0.1319401 0.914399982 -0.0316539416 -0.131367624 519.13501 0 -6.1566782 0 800
0.129366857 0.914399982 -0.0315814568 -0.129746109 522.249878 0 -6.1566782 0 800
0.126793831 0.914399982 -0.0315016702 -0.127985537 525.481995 0 -6.1566782 0 800
0.124221046 0.914399982 -0.0314144146 -0.126090169 528.739441 0 -6.1566782 0 800
0.121648533 0.914399982 -0.0313195134 -0.124051385 532.071289 0 -6.1566782 0 800
0.119076322 0.914399982 -0.0312167385 -0.121853665 535.534912 0 -6.1566782 0 800
0.116504447 0.914399982 -0.0311058819 -0.119484954 539.036011 0 -6.1566782 0 800
0.113932942 0.914399982 -0.0309867291 -0.116941541 542.575684 0 -6.1566782 0 800
0.11133913 0.914399982 -0.0308579003 -0.114316478 546.235046 0 -6.1566782 0 800
0.108869255 0.914399982 -0.0307269729 -0.111582033 549.972351 0 -6.1566782 0 800
0.106517412 0.914399982 -0.0305946177 -0.108799443 553.743774 0 -6.1566782 0 800
0.104277979 0.914399982 -0.0304613467 -0.105980903 557.574036 0 -6.1566782 0 800
0.102145596 0.914399982 -0.0303277099 -0.103149988 561.477112 0 -6.1566782 0 800
0.100115146 0.914399982 -0.030194359 -0.100315452 565.442993 0 -6.1566782 0 800
0.0981817748 0.914399982 -0.0300615229 -0.0974711329 569.454224 0 -6.1566782 0 800
0.0963408429 0.914399982 -0.0299296901 -0.094632782 573.508179 0 -6.1566782 0 800
0.0945879312 0.914399982 -0.0297992494 -0.0918169245 577.604126 0 -6.1566782 0 800
0.0929188367 0.914399982 -0.0296704632 -0.0890152901 581.733582 0 -6.1566782 0 800
0.0913295575 0.914399982 -0.0295435479 -0.086220935 585.901062 0 -6.1566782 0 800
0.0898162795 0.914399982 -0.0294187181 -0.0834191814 590.107849 0 -6.1566782 0 800
0.0883753581 0.914399982 -0.0292963007 -0.0805219188 594.340271 0 -6.1566782 0 800
0.0869347508 0.914399982 -0.0291702047 -0.0776270926 598.684509 0 -6.1566782 0 800
0.0854944718 0.914399982 -0.0290404139 -0.0746788606 603.20343 0 -6.1566782 0 800
0.0840545311 0.914399982 -0.0289069213 -0.0716286451 607.922607 0 -6.1566782 0 800
0.0826149498 0.914399982 -0.0287696071 -0.068483226 612.59314 0 -6.1566782 0 800
0.0811757428 0.914399982 -0.0286284242 -0.0652168244 617.088013 0 -6.1566782 0 800
0.079736934 0.914399982 -0.0284832398 -0.0618236363 621.410645 0 -6.1566782 0 800
0.0782985409 0.914399982 -0.028333993 -0.0582964458 625.658142 0 -6.1566782 0 800
0.0768605839 0.914399982 -0.0281806008 -0.0546344593 629.821411 0 -6.1566782 0 800
0.0754230847 0.914399982 -0.0280229761 -0.0508333705 633.908447 0 -6.1566782 0 800
0.0739860657 0.914399982 -0.0278610326 -0.0468905121 637.930359 0 -6.1566782 0 800
0.07254955 0.914399982 -0.0276946831 -0.0428022891 641.881592 0 -6.1566782 0 800
0.0711135632 0.914399982 -0.0275238279 -0.0385626145 645.783997 0 -6.1566782 0 800
0.069678133 0.914399982 -0.0273483587 -0.0341630206 649.612122 0 -6.1566782 0 800
0.0682432886 0.914399982 -0.0271681618 -0.0295937546 653.878845 0 -6.1566782 0 800
0.0668090617 0.914399982 -0.0269831137 -0.0248441733 657.909424 0 -6.1566782 0 800
0.0653754852 0.914399982 -0.0267930934 -0.0199010633 661.334595 0 -6.1566782 0 800
0.0639425964 0.914399982 -0.026597955 -0.014752985 664.872498 0 -6.1566782 0 800
0.06251043 0.914399982 -0.0263975827 -0.00940123014 668.487366 0 -6.1566782 0 800
0.0610790202 0.914399982 -0.0261918761 -0.00385299139 672.120605 0 -6.1566782 0 800
0.0596484052 0.914399982 -0.0259807118 0.00190612057 675.836609 0 -6.1566782 0 800
0.0582186391 0.914399982 -0.025763875 0.00790207181 679.630859 0 -6.1566782 0 800
0.0567897668 0.914399982 -0.0255412243 0.0141532188 683.47937 0 -6.1566782 0 800
0.0553618424 0.914399982 -0.0253125729 0.0206772275 687.380066 0 -6.1566782 0 800
0.0539349246 0.914399982 -0.0250777222 0.0274835993 691.341736 0 -6.1566782 0 800
0.0525090615 0.914399982 -0.0248365501 0.0345833749 695.3703 0 -6.1566782 0 800
0.0510843283 0.914399982 -0.0245887908 0.0419799723 699.472473 0 -6.1566782 0 800
0.0496607734 0.914399982 -0.0243343484 0.0496750884 703.655029 0 -6.1566782 0 800
0.0482384817 0.914399982 -0.0240729377 0.0577034838 707.956909 0 -6.1566782 0 800
0.0468175398 0.914399982 -0.0238042859 0.0661307648 712.409607 0 -6.1566782 0 800
0.0453980457 0.914399982 -0.023528087 0.0750063881 716.990173 0 -6.1566782 0 800
0.0439800856 0.914399982 -0.0232441178 0.0843428746 721.67511 0 -6.1566782 0 800
0.0425637587 0.914399982 -0.0229521117 0.0941392183 726.474121 0 -6.1566782 0 800
0.0411491691 0.914399982 -0.0226518022 0.104418337 731.394836 0 -6.1566782 0 800
0.0397364416 0.914399982 -0.022342852 0.11517895 736.450439 0 -6.1566782 0 800
0.0383257175 0.914399982 -0.0220248787 0.12647444 741.642517 0 -6.1566782 0 800
0.0369171746 0.914399982 -0.0216973784 0.138407424 746.983032 4.29939137e-05 -6.15568829 1 800
0.0355109695 0.914399982 -0.0213599822 0.151005566 752.479797 9.48720553e-05 -6.15451145 1 800
0.0341072749 0.914399982 -0.0210122889 0.164274797 758.195435 0.000148073144 -6.15332413 1 800
0.0327062875 0.914399982 -0.0206538428 0.178219154 764.134705 0.000203128511 -6.15211582 1 800
0.0313082232 0.914399982 -0.02028416 0.192886963 770.217651 0.000259183813 -6.15090466 1 800
0.0299133791 0.914399982 -0.0199025065 0.208427235 776.448608 0.000315969519 -6.14969587 1 800
0.0285220582 0.914399982 -0.0195082032 0.225063771 782.790527 0.0003737527 -6.14847994 1 800
0.0271345876 0.914399982 -0.0191005583 0.242934063 789.174255 0.000432503555 -6.14725542 1 800
0.0257513186 0.914399982 -0.0186788765 0.262080073 795.637207 0.000601346663 -6.1436882 1 800
0.0243726298 0.914399982 -0.0182424523 0.282388866 802.227112 0.00084410602 -6.13861465 1 800
0.0229990677 0.914399982 -0.0177901514 0.303927034 808.858093 0.00109159993 -6.13352633 1 800
0.0216312253 0.914399982 -0.0173208367 0.327003837 815.443298 0.00134753133 -6.12834644 1 800
0.0202698272 0.914399982 -0.0168331443 0.351858526 821.958618 0.00160967838 -6.12311316 1 800
0.0189155406 0.914399982 -0.0163260384 0.378728718 828.360107 0.00187839055 -6.1178031 1 800
0.0175692503 0.914399982 -0.0157980695 0.407844275 834.6651 0.00215284224 -6.11240911 1 800
0.0162321003 0.914399982 -0.015247362 0.439194947 841.086121 0.00256680627 -6.10428143 1 800
0.0149055813 0.914399982 -0.0146715184 0.473209292 847.832825 0.00334846647 -6.08891726 1 800
0.0135911841 0.914399982 -0.0140685188 0.510370672 854.955078 0.00416126987 -6.07320356 1 800
0.0122907103 0.914399982 -0.0134360502 0.550636768 862.448975 0.0050138128 -6.05698204 1 800
0.0110067088 0.914399982 -0.0127707766 0.594438612 870.266113 0.00590122351 -6.0403223 1 800
0.00974255726 0.914399982 -0.0120685174 0.642502248 878.533447 0.00693882257 -6.02109146 1 800
0.00850202803 0.914399982 -0.0113253253 0.694690883 887.549377 0.00849799253 -5.99234867 1 800
0.00728978378 0.914399982 -0.0105368381 0.74956727 897.303955 0.0101343999 -5.96280336 1 800
0.00616084497 0.914399982 -0.00973202403 0.806093931 907.518188 0.0120732533 -5.92830181 1 800
0.00514277206 0.914399982 -0.00893097999 0.861694932 917.748047 0.0142908907 -5.88932371 1 800
0.00422996971 0.914399982 -0.00813515341 0.91274482 928.047546 0.0170761645 -5.84076786 1 800
0.00343643316 0.914399982 -0.00736356438 0.95716691 939.20166 0.0201833006 -5.78770351 1 800
0.00274285069 0.914399982 -0.00660441773 0.99172616 951.969604 0.0240361039 -5.7232151 1 800
0.00213648818 0.914399982 -0.00585018865 1.01382887 966.305603 0.0283425897 -5.65304327 1 800
0.00161211138 0.914399982 -0.00510044783 1.01918399 981.624634 0.0338749029 -5.56421089 1 800
0.00116988774 0.914399982 -0.00436125254 1.00353742 997.808411 0.0401101485 -5.46647453 1 800
0.000805392804 0.914399982 -0.00363199488 0.965571105 1016.26526 0.0479649678 -5.34648943 1 800
0.00051469137 0.914399982 -0.00291212333 0.901899815 1038.29675 0.0569767803 -5.21457529 1 800
0.000289792079 0.914399982 -0.00218676897 0.809772134 1063.39807 0.068623282 -5.04893208 1 800
0.000128627554 0.914399982 -0.00145413345 0.688818097 1091.95911 0.0826859921 -4.85728168 1 800
3.20963786e-05 0.914399982 -0.000722702615 0.541091204 1125.7041 0.099829115 -4.63454103 1 800
-8.18412707e-09 0.914399982 -7.8016762e-10 0.370386362 1162.35632 0.121255815 -4.36764717 1 800
3.17941236e-05 0.914399982 0.000719176834 0.183721438 1199.8573 0.146281704 -4.06460381 1 800
0.000127329866 0.914399982 0.00144672079 -0.0122778863 1237.99536 0.176514402 -3.71160054 1 800
0.000287011983 0.914399982 0.00217624136 -0.213941172 1276.44324 0.208125129 -3.36260772 1 800
0.000509847083 0.914399982 0.00289847388 -0.41326043 1315.35681 0.243926585 -2.97777081 1 800
0.000798755786 0.914399982 0.00361739139 -0.599825561 1350.93884 0.285057575 -2.54260516 1 800
0.00116083968 0.914399982 0.00434485961 -0.766869605 1380.99121 0.326478839 -2.11240888 1 800
0.00159974379 0.914399982 0.00508132568 -0.913470626 1405.69043 0.369832695 -1.65592301 1 800
0.00211753308 0.914399982 0.00582495707 -1.03877223 1419.70361 0.422903597 -1.06329024 1 800
0.00271975272 0.914399982 0.00657746412 -1.14257145 1420.09509 0.476017892 -0.428086191 1 800
0.00340675316 0.914399982 0.00733289967 -1.22541726 1405.38147 0.525497913 0 0.996171236 800
0.00419414951 0.914399982 0.00810221109 -1.2869488 1365.41272 0.569926023 0 0.9433074 800
0.00509625241 0.914399982 0.00889228885 -1.33084357 1300.37708 0.611571372 0 0.679722011 800
0.00610047406 0.914399982 0.00968659439 -1.36177146 1223.28967 0.646982372 0 0.516161501 800
0.00721725929 0.914399982 0.0104873709 -1.37897635 1130.65601 0.675188363 0 0.423945308 800
0.00842161236 0.914399982 0.0112750257 -1.38527989 1012.22284 0.694858074 0 0.366382271 800
0.00965428513 0.914399982 0.0120175784 -1.38472068 878.01947 0.704987347 0 0.328105211 800
0.0109107177 0.914399982 0.0127191791 -1.37896323 743.485535 0.706631482 0 0.303949207 800
0.0121870365 0.914399982 0.0133839173 -1.36971807 616.366089 0.70086813 0 0.294567555 800
0.0134799311 0.914399982 0.0140158115 -1.35767734 504.937744 0.688508928 0 0.307830572 800
0.0147867318 0.914399982 0.0146184215 -1.34445155 405.328522 0.670537651 0 0.356265306 800
0.016105753 0.914399982 0.0151937912 -1.33085537 337.102966 0.648104548 0 0.454191029 800
0.0174353865 0.914399982 0.0157441928 -1.31662154 349.16568 0.622209311 0 0.43369624 800
0.0187742445 0.914399982 0.0162717597 -1.30189824 385.680664 0.593399823 0 0.336033404 800
0.0201210962 0.914399982 0.0167785712 -1.28723204 403.822266 0.562289476 0 0.287348747 800
0.0214751029 0.914399982 0.0172659452 -1.27292657 431.141541 0.529906034 0 0.269756973 800
0.022835535 0.914399982 0.0177350849 -1.25894916 465.320038 0.496893108 0 0.268810183 800
0.0242017369 0.914399982 0.0181871468 -1.2452054 503.401459 0.463433385 0 0.279221028 800
0.0255730686 0.914399982 0.0186234001 -1.2317332 540.036072 0.430439979 0 0.298172444 800
0.0269490089 0.914399982 0.0190448927 -1.21863818 570.325073 0.399463296 0 0.319866896 800
0.0283291553 0.914399982 0.0194524012 -1.20589101 594.802734 0.371037155 0 0.347808361 800
0.0297131607 0.914399982 0.0198466051 -1.19342601 613.904846 0.345098734 0 0.389711767 800
0.0311006962 0.914399982 0.020228198 -1.18120408 628.431091 0.322300881 0 0.452918589 800
0.0324914619 0.914399982 0.020597845 -1.16923332 641.206177 0.301586956 0 0.555210292 800
0.0338851739 0.914399982 0.0209562226 -1.15758479 651.710144 0.282507718 0 0.739583135 800
0.0352815876 0.914399982 0.0213039246 -1.14630651 658.048401 0.264739782 0 0.952535152 800
0.0366805184 0.914399982 0.0216413566 -1.13535559 661.252136 0.248342559 0 0.995899618 800
0.0380818015 0.914399982 0.0219688835 -1.12466753 663.767334 0.233329177 -0.16290313 1 800
0.0394852649 0.914399982 0.0222869376 -1.11424136 666.502563 0.219473377 -0.541562021 1 800
0.0408907416 0.914399982 0.0225959739 -1.10410094 668.519165 0.206592888 -0.886701167 1 800
0.0422980875 0.914399982 0.0228963829 -1.09426463 668.788635 0.196115032 -1.15620017 1 800
0.0437071758 0.914399982 0.02318851 -1.08472013 667.53656 0.186709195 -1.3873173 1 800
0.0451179004 0.914399982 0.0234726299 -1.07542515 665.403381 0.177887857 -1.59785306 1 800
0.0465301623 0.914399982 0.0237490072 -1.06633961 662.759033 0.169549152 -1.79379296 1 800
0.0479438761 0.914399982 0.0240178595 -1.0574261 660.089722 0.161587045 -1.9813112 1 800
0.0493589461 0.914399982 0.0242794793 -1.04867458 657.7146 0.153999701 -2.16239738 1 800
0.0507752826 0.914399982 0.0245341536 -1.04010928 655.880127 0.146790758 -2.33821154 1 800
0.0521928037 0.914399982 0.0247821493 -1.03174126 654.467407 0.139978841 -2.5070703 1 800
0.053611457 0.914399982 0.0250235848 -1.02354729 653.036865 0.133531183 -2.66719842 1 800
0.0550311681 0.914399982 0.0252587197 -1.01551354 651.255554 0.127382174 -2.81843567 1 800
0.0564518876 0.914399982 0.025487683 -1.00763333 649.031921 0.121848345 -2.95238566 1 800
0.0578735603 0.914399982 0.0257106511 -0.999890625 646.410034 0.116976365 -3.06819391 1 800
0.0592961273 0.914399982 0.0259278406 -0.992282867 643.592224 0.112293437 -3.17892981 1 800
0.0607195509 0.914399982 0.026139343 -0.984804869 640.782043 0.107807294 -3.28530979 1 800
0.0621437714 0.914399982 0.026345411 -0.977464736 637.944214 0.103485122 -3.38804841 1 800
0.063568751 0.914399982 0.0265461631 -0.970270753 635.047302 0.0993046686 -3.48761773 1 800
0.064994453 0.914399982 0.0267417178 -0.96320343 632.146484 0.0952516347 -3.58460093 1 800
0.066420846 0.914399982 0.0269321681 -0.956240773 629.263794 0.0913165063 -3.67934322 1 800
0.0678478935 0.914399982 0.0271176497 -0.949376464 626.438721 0.0875101909 -3.77168703 1 800
0.0692755612 0.914399982 0.0272982955 -0.942615807 623.754639 0.083845906 -3.86151528 1 800
0.0707038184 0.914399982 0.0274742205 -0.935960233 621.269714 0.0803238899 -3.94896579 1 800
0.0721326342 0.914399982 0.0276455485 -0.929407835 618.896179 0.0769036487 -4.03467131 1 800
0.0735619812 0.914399982 0.0278123874 -0.922958612 616.555969 0.0737331063 -4.11433935 1 800
0.0749918329 0.914399982 0.0279748443 -0.916609883 614.251221 0.0710463747 -4.181458 1 800
0.076422167 0.914399982 0.028132998 -0.910354674 611.970154 0.0684159622 -4.24757481 1 800
0.0778529609 0.914399982 0.0282869361 -0.904182076 609.717651 0.0658542886 -4.31229353 1 800
0.0792841958 0.914399982 0.0284367182 -0.898081303 607.49823 0.0633516908 -4.37587452 1 800
0.0807158493 0.914399982 0.0285824455 -0.892037868 605.332886 0.0609140955 -4.43820381 1 800
0.0821479085 0.914399982 0.0287241284 -0.886063814 603.24585 0.058539357 -4.49938774 1 800
0.0835803295 0.914399982 0.0288621061 -0.880181015 601.197815 0.0562079884 -4.55981493 1 800
0.085013118 0.914399982 0.028996215 -0.874403 599.150208 0.0539206639 -4.61938572 1 800
0.0864462491 0.914399982 0.029126612 -0.868688405 597.105713 0.0516870804 -4.67783165 1 800
0.0878797114 0.914399982 0.0292533156 -0.863118947 595.066406 0.0495059192 -4.73519087 1 800
0.0893124563 0.914399982 0.0293763726 -0.857576489 593.038391 0.0476522781 -4.78363562 1 800
0.0908171694 0.914399982 0.0295016658 -0.851876736 591.026672 0.0459312424 -4.82869864 1 800
0.0923974449 0.914399982 0.029629238 -0.845899284 589.031799 0.0442392267 -4.8732543 1 800
0.0940570855 0.914399982 0.0297587638 -0.839708209 587.054199 0.0425752997 -4.91732264 1 800
0.0958000717 0.914399982 0.0298900254 -0.833282888 585.092773 0.040937528 -4.96094894 1 800
0.0976305922 0.914399982 0.0300226413 -0.826602221 583.148193 0.0393259339 -5.00413036 1 800
0.0995530378 0.914399982 0.0301562624 -0.819669425 581.218994 0.0377418548 -5.04678822 1 800
0.101572004 0.914399982 0.0302907139 -0.812499821 579.305481 0.0361853391 -5.08893585 1 800
0.103692349 0.914399982 0.0304252619 -0.805079043 577.410339 0.0346523672 -5.13069296 1 800
0.105919135 0.914399982 0.0305597031 -0.797397673 575.543091 0.0331475437 -5.17194605 1 800
0.108257701 0.914399982 0.0306933597 -0.78945291 573.702881 0.0319282338 -5.20507765 1 800
0.110713646 0.914399982 0.0308255783 -0.781192482 571.884949 0.030761769 -5.23692894 1 800
0.113292837 0.914399982 0.0309558151 -0.772835791 570.103638 0.029608462 -5.26864815 1 800
0.115868178 0.914399982 0.0310772345 -0.76445055 567.803711 0.0284556691 -5.29976892 1 800
0.118443899 0.914399982 0.0311902827 -0.756234527 565.392456 0.0273232535 -5.33035946 1 800
0.121019967 0.914399982 0.0312951718 -0.748134553 563.442749 0.0261759814 -5.36230659 1 800
0.123596345 0.914399982 0.0313921188 -0.740145087 561.50116 0.0249810964 -5.39590788 1 800
0.126173003 0.914399982 0.0314813059 -0.732254803 559.546692 0.0237625744 -5.43043232 1 800
0.128749911 0.914399982 0.0315629617 -0.724460125 557.498596 0.0225239005 -5.46569586 1 800
0.131327042 0.914399982 0.0316372545 -0.716757655 555.327576 0.0212540459 -5.50203371 1 800
0.13390437 0.914399982 0.0317043525 -0.709147274 553.056335 0.0201150198 -5.53454685 1 800
0.136481871 0.914399982 0.0317644283 -0.701624453 550.662476 0.019011423 -5.56613445 1 800
0.139059525 0.914399982 0.031817584 -0.694181323 548.122925 0.0178876035 -5.59847832 1 800
0.141637309 0.914399982 0.0318639853 -0.68681407 545.545898 0.0167287663 -5.63217878 1 800
0.144215202 0.914399982 0.0319038691 -0.679547966 542.920654 0.0155535853 -5.66666079 1 800
0.146793186 0.914399982 0.031937372 -0.672383368 540.213257 0.0145166814 -5.69705153 1 800
0.149371244 0.914399982 0.0319645981 -0.665275812 537.594788 0.0135226948 -5.72646761 1 800
0.15194936 0.914399982 0.0319855684 -0.658217311 534.996948 0.0125465812 -5.75559998 1 800
0.154527518 0.914399982 0.0320005731 -0.651233613 532.400269 0.0115988879 -5.78409576 1 800
0.157105703 0.914399982 0.032009777 -0.644335926 529.820679 0.0106760729 -5.81205654 1 800
0.159683902 0.914399982 0.0320131373 -0.637504697 527.29364 0.00985013507 -5.83718491 1 800
0.162262103 0.914399982 0.0320108359 -0.630732298 524.83252 0.00911886711 -5.85952711 1 800
0.164840292 0.914399982 0.032003077 -0.624027669 522.441528 0.00840480626 -5.88154697 1 800
0.16741846 0.914399982 0.0319898652 -0.617385507 520.131531 0.00770383142 -5.90337324 1 800
0.169996595 0.914399982 0.0319712932 -0.610803962 517.92395 0.0070186248 -5.92491388 1 800
0.172574688 0.914399982 0.0319476332 -0.604290783 515.824585 0.00643838244 -5.94321346 1 800
0.175152728 0.914399982 0.0319187767 -0.597841024 513.792786 0.00590721518 -5.96006107 1 800
0.177730707 0.914399982 0.0318849457 -0.591454148 511.773041 0.00538946269 -5.97659397 1 800
0.180308619 0.914399982 0.0318462868 -0.585132122 509.784332 0.00487786438 -5.99305344 1 800
0.182886452 0.914399982 0.0318026742 -0.578864098 507.864502 0.00439697737 -6.00862885 1 800
0.185464202 0.914399982 0.0317544544 -0.572651505 505.956207 0.00398782967 -6.02190542 1 800
0.188041861 0.914399982 0.0317015621 -0.566496849 503.992981 0.00359003642 -6.03488111 1 800
0.190619423 0.914399982 0.0316441414 -0.560395479 502.025116 0.00319591304 -6.04782963 1 800
0.193196883 0.914399982 0.031582296 -0.554347396 500.103394 0.00280974666 -6.0606122 1 800
0.195774232 0.914399982 0.0315160055 -0.548351228 498.136383 0.00251839147 -6.07023811 1 800
0.198351471 0.914399982 0.0314455328 -0.542406619 496.131714 0.002283504 -6.07799625 1 800
0.200928586 0.914399982 0.0313706944 -0.53651005 494.179657 0.00205232506 -6.08569288 1 800
0.203505582 0.914399982 0.0312918604 -0.530662417 492.199188 0.00182972301 -6.09314537 1 800
0.206082447 0.914399982 0.0312088442 -0.524863601 490.195404 0.0016085261 -6.1006031 1 800
0.208659183 0.914399982 0.0311219381 -0.519110322 488.253418 0.00139178406 -6.10796976 1 800
0.211235781 0.914399982 0.0310310196 -0.513401449 486.306366 0.00118202437 -6.11514378 1 800
0.213812243 0.914399982 0.0309363212 -0.50773567 484.380463 0.0010281424 -6.12040854 1 800
0.216388561 0.914399982 0.0308377791 -0.502112925 482.518097 0.000948569912 -6.12309313 1 800
0.218964735 0.914399982 0.0307355713 -0.496531993 480.672943 0.000869987532 -6.12576389 1 800
0.221540761 0.914399982 0.0306296625 -0.490992516 478.88089 0.000791902887 -6.12843943 1 800
0.224116638 0.914399982 0.0305202144 -0.485493541 477.129181 0.000715443282 -6.13107729 1 800
0.226692361 0.914399982 0.0304071745 -0.480033696 475.421082 0.000639326579 -6.13372278 1 800
0.229267931 0.914399982 0.0302907237 -0.474612743 473.762482 0.0005648121 -6.1363287 1 800
0.231843342 0.914399982 0.0301707915 -0.469230473 472.142517 0.000490755774 -6.13893652 1 800
0.234418597 0.914399982 0.0300475797 -0.4638879 470.571808 0.000418281037 -6.14150572 1 800
0.236993689 0.914399982 0.0299209855 -0.458585441 469.028625 0.00034722322 -6.14404106 1 800
0.239568624 0.914399982 0.0297912424 -0.453321874 467.522949 0.000277250132 -6.14655352 1 800
0.242143391 0.914399982 0.0296581954 -0.448089778 466.044006 0.000214015803 -6.14883709 1 800
0.244717998 0.914399982 0.0295221146 -0.442882031 464.591125 0.000195889967 -6.14947891 1 800
0.247292435 0.914399982 0.0293828288 -0.437699467 463.160156 0.000177932059 -6.15011883 1 800
0.24986671 0.914399982 0.0292405987 -0.432545811 461.746857 0.000160056239 -6.15076065 1 800
0.252440814 0.914399982 0.0290952986 -0.427421719 460.347443 0.00014237198 -6.15139914 1 800
0.255014754 0.914399982 0.0289471127 -0.422326297 458.949707 0.000124850907 -6.15203524 1 800
0.257588522 0.914399982 0.0287959881 -0.417261064 457.56131 0.000107486791 -6.15266895 1 800
0.260162123 0.914399982 0.0286420252 -0.412224859 456.175598 9.03395121e-05 -6.15329885 1 800
0.262735553 0.914399982 0.0284852469 -0.407217056 454.789978 7.33567576e-05 -6.15392542 1 800
0.265308812 0.914399982 0.0283256815 -0.402237713 453.405334 5.66643139e-05 -6.15454531 1 800
0.267881903 0.914399982 0.0281634281 -0.397287786 452.018555 4.02923797e-05 -6.15515709 1 800
0.27045482 0.914399982 0.0279984376 -0.392367244 450.624969 2.43674895e-05 -6.15575552 1 800
0.273027571 0.914399982 0.0278308701 -0.387475967 449.226257 8.47791125e-06 -6.15635633 1 800
0.275600144 0.914399982 0.0276606079 -0.382612705 447.833771 0 -6.1566782 0 800
0.278172552 0.914399982 0.02748786 -0.37777704 446.437042 0 -6.1566782 0 800
0.280744782 0.914399982 0.0273124906 -0.372968018 445.040802 0 -6.1566782 0 800
0.283316846 0.914399982 0.0271346928 -0.368185222 443.647644 0 -6.1566782 0 800
0.285888735 0.914399982 0.0269543875 -0.363429427 442.25943 0 -6.1566782 0 800
0.288460455 0.914399982 0.0267716903 -0.358698964 440.876404 0 -6.1566782 0 800
0.291032003 0.914399982 0.0265865738 -0.353992283 439.50177 0 -6.1566782 0 800
0.29360338 0.914399982 0.026399104 -0.349308223 438.139954 0 -6.1566782 0 800
0.296174586 0.914399982 0.0262093064 -0.344646305 436.786926 0 -6.1566782 0 800
0.29874562 0.914399982 0.0260171953 -0.340005696 435.443329 0 -6.1566782 0 800
0.301316486 0.914399982 0.0258228425 -0.335386008 434.109192 0 -6.1566782 0 800
0.303887178 0.914399982 0.0256262152 -0.330786288 432.792267 0 -6.1566782 0 800
0.306457704 0.914399982 0.0254274166 -0.326205939 431.486328 0 -6.1566782 0 800
0.309028056 0.914399982 0.025226386 -0.321644127 430.203888 0 -6.1566782 0 800
0.311598243 0.914399982 0.0250232499 -0.317100167 428.938049 0 -6.1566782 0 800
0.314168256 0.914399982 0.0248179235 -0.312573284 427.692383 0 -6.1566782 0 800
0.316738104 0.914399982 0.0246105535 -0.308062911 426.468628 0 -6.1566782 0 800
0.319307779 0.914399982 0.0244010446 -0.303567857 425.264069 0 -6.1566782 0 800
0.32187729 0.914399982 0.0241895324 -0.299086243 424.07959 0 -6.1566782 0 800
0.324446629 0.914399982 0.0239759379 -0.29461652 422.914185 0 -6.1566782 0 800
0.327015803 0.914399982 0.0237603734 -0.290157497 421.768524 0 -6.1566782 0 800
0.329584806 0.914399982 0.0235427819 -0.285709202 420.639465 0 -6.1566782 0 800
0.332153644 0.914399982 0.0233232546 -0.281271428 419.526001 0 -6.1566782 0 800
0.334722314 0.914399982 0.0231017543 -0.276843876 418.425781 0 -6.1566782 0 800
0.337290817 0.914399982 0.0228783444 -0.272426099 417.342896 0 -6.1566782 0 800
0.339859154 0.914399982 0.0226530243 -0.26801756 416.26947 0 -6.1566782 0 800
0.342427324 0.914399982 0.0224258003 -0.263617069 415.209015 0 -6.1566782 0 800
0.344995329 0.914399982 0.0221967295 -0.259224117 414.158844 0 -6.1566782 0 800
0.347563164 0.914399982 0.0219657647 -0.25483802 413.117828 0 -6.1566782 0 800
0.350130838 0.914399982 0.0217330137 -0.250458449 412.085083 0 -6.1566782 0 800
0.352698341 0.914399982 0.0214983804 -0.246083438 411.057709 0 -6.1566782 0 800
0.355265681 0.914399982 0.0212619755 -0.241709217 410.037537 0 -6.1566782 0 800
0.357832846 0.914399982 0.0210236648 -0.237335756 409.020355 0 -6.1566782 0 800
0.360399856 0.914399982 0.020783702 -0.232970491 408.006836 0 -6.1566782 0 800
0.362966707 0.914399982 0.0205420412 -0.228611261 406.995544 0 -6.1566782 0 800
0.365533374 0.914399982 0.0202984401 -0.224246338 405.985596 0 -6.1566782 0 800
0.368099885 0.914399982 0.0200531987 -0.219881877 404.974731 0 -6.1566782 0 800
0.37066624 0.914399982 0.0198063264 -0.215521082 403.961609 0 -6.1566782 0 800
0.373232409 0.914399982 0.0195575285 -0.211152598 402.950043 0 -6.1566782 0 800
0.375798423 0.914399982 0.0193071313 -0.206781447 401.93399 0 -6.1566782 0 800
0.378364279 0.914399982 0.019055128 -0.202411622 400.916595 0 -6.1566782 0 800
0.38092995 0.914399982 0.0188012431 -0.198032618 399.89621 0 -6.1566782 0 800
0.383495464 0.914399982 0.0185457892 -0.193647459 398.871155 0 -6.1566782 0 800
0.386060815 0.914399982 0.0182886908 -0.189259559 397.828674 0 -6.1566782 0 800
0.388625987 0.914399982 0.0180298195 -0.184862852 396.772278 0 -6.1566782 0 800
0.391191004 0.914399982 0.0177694106 -0.180458516 395.749512 0 -6.1566782 0 800
0.393755845 0.914399982 0.017507271 -0.176045507 394.709229 0 -6.1566782 0 800
0.396320517 0.914399982 0.0172434929 -0.171622172 393.633636 0 -6.1566782 0 800
0.39888503 0.914399982 0.0169781651 -0.167189255 392.598907 0 -6.1566782 0 800
0.401449356 0.914399982 0.016711047 -0.1627426 391.566284 0 -6.1566782 0 800
0.404013528 0.914399982 0.0164424431 -0.158282518 390.487488 0 -6.1566782 0 800
0.406577516 0.914399982 0.0161720962 -0.15380846 389.427124 0 -6.1566782 0 800
0.409141339 0.914399982 0.0159001827 -0.149318889 388.380859 0 -6.1566782 0 800
0.41170499 0.914399982 0.0156266566 -0.144814685 387.291718 0 -6.1566782 0 800
0.414268464 0.914399982 0.015351477 -0.140293121 386.217224 0 -6.1566782 0 800
0.416831768 0.914399982 0.0150747174 -0.135752976 385.152405 0 -6.1566782 0 800
0.419394891 0.914399982 0.0147962876 -0.131193787 384.054962 0 -6.1566782 0 800
0.421957846 0.914399982 0.0145163095 -0.12661463 382.981567 0 -6.1566782 0 800
0.424520615 0.914399982 0.0142346401 -0.122013882 381.890106 0 -6.1566782 0 800
0.427083212 0.914399982 0.0139514141 -0.117390618 380.777405 0 -6.1566782 0 800
0.429645627 0.914399982 0.0136665334 -0.112743832 379.701691 0 -6.1566782 0 800
0.432207861 0.914399982 0.0133800351 -0.108072311 378.596344 0 -6.1566782 0 800
0.434769915 0.914399982 0.0130919408 -0.103375748 377.486542 0 -6.1566782 0 800
0.437331782 0.914399982 0.0128021761 -0.0986525342 376.375305 0 -6.1566782 0 800
0.439893474 0.914399982 0.0125108748 -0.0939014629 375.247742 0 -6.1566782 0 800
0.442454967 0.914399982 0.0122178211 -0.0891196877 374.14328 0 -6.1566782 0 800
0.445016278 0.914399982 0.0119231912 -0.0843075216 373.016479 0 -6.1566782 0 800
0.447577404 0.914399982 0.011626955 -0.0794655979 371.879272 0 -6.1566782 0 800
0.45013833 0.914399982 0.0113289909 -0.0745899379 370.74408 0 -6.1566782 0 800
0.452699069 0.914399982 0.0110294258 -0.0696814433 369.599945 0 -6.1566782 0 800
0.455259619 0.914399982 0.0107282484 -0.0647404566 368.44989 0 -6.1566782 0 800
0.457819962 0.914399982 0.0104253199 -0.0597622879 367.288208 0 -6.1566782 0 800
0.460380109 0.914399982 0.0101207367 -0.0547468439 366.120605 0 -6.1566782 0 800
0.462940061 0.914399982 0.00981451781 -0.0496965162 364.937622 0 -6.1566782 0 800
0.46549981 0.914399982 0.00950660895 -0.0446098819 363.749512 0 -6.1566782 0 800
0.468059357 0.914399982 0.00919701723 -0.0394845717 362.545746 0 -6.1566782 0 800
0.47061869 0.914399982 0.0088856712 -0.0343193039 361.324432 0 -6.1566782 0 800
0.473177816 0.914399982 0.0085726292 -0.0291146226 360.097656 0 -6.1566782 0 800
0.475736732 0.914399982 0.00825786855 -0.0238714311 358.843384 0 -6.1566782 0 800
0.478295434 0.914399982 0.00794137496 -0.0185894743 357.586517 0 -6.1566782 0 800
0.480853921 0.914399982 0.00762314525 -0.0132690091 356.297516 0 -6.1566782 0 800
0.483412189 0.914399982 0.00730316753 -0.00791069772 354.973175 0 -6.1566782 0 800
0.485970238 0.914399982 0.00698143863 -0.00251404988 353.663544 0 -6.1566782 0 800
0.488528057 0.914399982 0.00665788786 0.0029217538 352.309174 0 -6.1566782 0 800
0.491085649 0.914399982 0.0063325434 0.0083950758 350.902069 0 -6.1566782 0 800
0.493643014 0.914399982 0.00600542351 0.0139035638 349.489014 0 -6.1566782 0 800
0.496200149 0.914399982 0.0056765146 0.0194470342 348.048248 0 -6.1566782 0 800
0.498757039 0.914399982 0.00534570177 0.0250255559 346.557617 0 -6.1566782 0 800
0.501313699 0.914399982 0.00501311406 0.0306377728 345.025909 0 -6.1566782 0 800
0.503870103 0.914399982 0.00467856306 0.036282029 343.455688 0 -6.1566782 0 800
0.50642627 0.914399982 0.0043422108 0.0419565514 341.848541 0 -6.1566782 0 800
0.508982184 0.914399982 0.0040039379 0.0476564206 340.195526 0 -6.1566782 0 800
0.511537855 0.914399982 0.00366384071 0.0533822067 338.485504 0 -6.1566782 0 800
0.514093255 0.914399982 0.00332170415 0.0591276251 336.722748 0 -6.1566782 0 800
0.516648403 0.914399982 0.00297770244 0.0648976341 334.900421 0 -6.1566782 0 800
0.519203289 0.914399982 0.00263174854 0.0706677958 333.005585 0 -6.1566782 0 800
0.521757904 0.914399982 0.00228380711 0.0764626861 331.044464 0 -6.1566782 0 800
0.524312244 0.914399982 0.00193384576 0.082199201 329.01886 0 -6.1566782 0 800
0.526866315 0.914399982 0.00158192817 0.0878836438 326.904327 0 -6.1566782 0 800
0.52942009 0.914399982 0.00122787388 0.0925536826 324.687683 0 -6.1566782 0 800
0.531069981 0.914399982 0.000998093031 0.096215412 322.383484 0 -6.1566782 0 800
0.532101091 0.914399982 0.000853961954 0.0981456786 319.968262 0 -6.1566782 0 800
0.532745525 0.914399982 0.000763814193 0.0986770913 317.428864 0 -6.1566782 0 800
0.533148284 0.914399982 0.000707382481 0.0988193229 314.775299 0 -6.1566782 0 800
0.533400004 0.914399982 0.000672085901 0.0954329818 311.972778 0 -6.1566782 0 800
0.533400001 0.914399982 0.000582474699 0.0881093964 308.99646 0 -6.1566782 0 800
0.533399997 0.914399982 0.000492863497 0.0923226997 305.853821 0 -6.1566782 0 800
0.533399993 0.914399982 0.000403252296 0.0921963081 302.54364 0 -6.1566782 0 800
0.533399989 0.914399982 0.000313641094 0.0932006389 299.006134 0 -6.1566782 0 800
0.533399987 0.914399982 0.000224029892 0.0939021185 295.211853 0 -6.1566782 0 800
0.533399989 0.914399982 0.000134418691 0.0946045071 291.148712 0 -6.1566782 0 800
0.53339999 0.914399982 4.48074889e-05 0.0950235948 286.749664 0 -6.1566782 0 800
0.533399991 0.914399982 -4.48037127e-05 0.0951114669 282.307861 0 -6.1566782 0 800
0.533399993 0.914399982 -0.000134414914 0.0948637202 278.78006 0 -6.1566782 0 800
0.533399994 0.914399982 -0.000224026116 0.0941695869 276.576569 0 -6.1566782 0 800
0.533399998 0.914399982 -0.000313637317 0.0935161412 276.355347 0 -6.1566782 0 800
0.533400005 0.914399982 -0.000403248519 0.0919943675 279.042664 0 -6.1566782 0 800
0.533400012 0.914399982 -0.00049285972 0.0926277936 300.263245 0 -6.1566782 0 800
0.533400018 0.914399982 -0.00058247092 0.0851805359 284.744354 0 -6.1566782 0 800

ZONE T="SLICE_Y_0p9144_BINS01_KS_0p5mm_CUTDATA_VAR_DENSITY"
0.533400018 0.914399982 -0.00058247092 0.0851805359 159.29364 0 -6.1566782 0 200
0.533400004 0.914399982 -0.000672082119 0.0976350829 166.488892 0 -6.1566782 0 200
0.533148466 0.914399982 -0.000707354403 0.101727836 182.114731 0 -6.1566782 0 200
0.532745998 0.914399982 -0.000763745625 0.100308456 192.161499 0 -6.1566782 0 200
0.53210203 0.914399982 -0.000853827126 0.0995936692 202.093292 0 -6.1566782 0 200
0.531071666 0.914399982 -0.00099785339 0.0970543772 204.624695 0 -6.1566782 0 200
0.529422969 0.914399982 -0.00122746797 0.0928454548 200.697083 0 -6.1566782 0 200
0.526873095 0.914399982 -0.00158098831 0.0877554417 196.081985 0 -6.1566782 0 200
0.524322926 0.914399982 -0.00193237185 0.081875734 190.530579 0 -6.1566782 0 200
0.521772489 0.914399982 -0.0022818114 0.0762818605 179.239304 0 -6.1566782 0 200
0.519221778 0.914399982 -0.00262923523 0.070899941 162.352798 0 -6.1566782 0 200
0.516670797 0.914399982 -0.0029746773 0.0657896027 141.622345 0 -6.1566782 0 200
0.514119553 0.914399982 -0.00331817313 0.0608872622 114.719322 0 -6.1566782 0 200
0.511568058 0.914399982 -0.00365979377 0.056194935 131.556335 0 -6.1566782 0 200
0.509016294 0.914399982 -0.00399940552 0.0516900122 131.556335 0 -6.1566782 0 200
0.506464287 0.914399982 -0.00433718384 0.0473621301 211.241638 0 -6.1566782 0 200
0.50391203 0.914399982 -0.00467306469 0.043197304 198.602524 0 -6.1566782 0 200
0.501359535 0.914399982 -0.00500713669 0.0391902924 168.783386 0 -6.1566782 0 200
0.498806784 0.914399982 -0.00533924521 0.0353310816 159.668167 0 -6.1566782 0 200
0.496253803 0.914399982 -0.00566957616 0.0316068158 157.803879 0 -6.1566782 0 200
0.49370058 0.914399982 -0.00599804175 0.0280087087 159.363342 0 -6.1566782 0 200
0.491147126 0.914399982 -0.00632469778 0.024528088 163.176147 0 -6.1566782 0 200
0.488593446 0.914399982 -0.00664958131 0.0211564302 168.556183 0 -6.1566782 0 200
0.48603954 0.914399982 -0.00697269046 0.017889604 174.333908 0 -6.1566782 0 200
0.483485406 0.914399982 -0.00729398822 0.0147234434 180.034195 0 -6.1566782 0 200
0.480931051 0.914399982 -0.00761352572 0.0116503704 185.592682 0 -6.1566782 0 200
0.478376479 0.914399982 -0.00793132724 0.0086638229 190.990646 0 -6.1566782 0 200
0.475821692 0.914399982 -0.00824739351 0.00575977471 196.21463 0 -6.1566782 0 200
0.473266692 0.914399982 -0.00856172802 0.00293383794 201.277557 0 -6.1566782 0 200
0.470711482 0.914399982 -0.00887435928 0.000182269228 206.183243 0 -6.1566782 0 200
0.468156063 0.914399982 -0.00918526844 -0.00249689305 210.943756 0 -6.1566782 0 200
0.465600434 0.914399982 -0.00949445508 -0.00510709127 215.55835 0 -6.1566782 0 200
0.463044603 0.914399982 -0.00980196434 -0.00765360054 220.042557 0 -6.1566782 0 200
0.460488571 0.914399982 -0.0101077948 -0.0101419175 224.389984 0 -6.1566782 0 200
0.457932344 0.914399982 -0.0104119964 -0.0125734964 228.615875 0 -6.1566782 0 200
0.455375917 0.914399982 -0.0107145051 -0.0149451979 232.724121 0 -6.1566782 0 200
0.452819289 0.914399982 -0.0110153132 -0.0172610115 236.703232 0 -6.1566782 0 200
0.450262471 0.914399982 -0.0113145094 -0.0195301939 240.592133 0 -6.1566782 0 200
0.447705468 0.914399982 -0.0116121166 -0.0217508338 244.389313 0 -6.1566782 0 200
0.44514826 0.914399982 -0.01190795 -0.0239229053 248.069778 0 -6.1566782 0 200
0.442590872 0.914399982 -0.0122022341 -0.0260545406 251.649704 0 -6.1566782 0 200
0.440033299 0.914399982 -0.0124948975 -0.0281458199 255.139572 0 -6.1566782 0 200
0.437475532 0.914399982 -0.0127858649 -0.0301975459 258.546783 0 -6.1566782 0 200
0.434917592 0.914399982 -0.0130753062 -0.0322116129 261.867188 0 -6.1566782 0 200
0.432359457 0.914399982 -0.01336302 -0.0341891237 265.104126 0 -6.1566782 0 200
0.42980115 0.914399982 -0.0136492021 -0.0361332335 268.273315 0 -6.1566782 0 200
0.427242658 0.914399982 -0.013933718 -0.0380446725 271.374023 0 -6.1566782 0 200
0.424683989 0.914399982 -0.0142166417 -0.039924778 274.40509 0 -6.1566782 0 200
0.422125141 0.914399982 -0.0144979481 -0.0417749994 277.354034 0 -6.1566782 0 200
0.419566117 0.914399982 -0.0147776435 -0.0435963757 280.235962 0 -6.1566782 0 200
0.417006917 0.914399982 -0.0150557235 -0.0453902334 283.087006 0 -6.1566782 0 200
0.414447544 0.914399982 -0.0153322065 -0.0471574478 285.869171 0 -6.1566782 0 200
0.411887994 0.914399982 -0.0156070442 -0.0488989502 288.575439 0 -6.1566782 0 200
0.409328275 0.914399982 -0.0158803148 -0.0506157801 291.258789 0 -6.1566782 0 200
0.406768377 0.914399982 -0.0161518946 -0.0523120053 293.883057 0 -6.1566782 0 200
0.404208323 0.914399982 -0.0164219968 -0.0539847016 296.443726 0 -6.1566782 0 200
0.401648078 0.914399982 -0.0166902858 -0.0556321479 298.984924 0 -6.1566782 0 200
0.399087677 0.914399982 -0.0169570843 -0.0572591163 301.476929 0 -6.1566782 0 200
0.396527101 0.914399982 -0.0172221887 -0.0588659421 303.905396 0 -6.1566782 0 200
0.393966355 0.914399982 -0.0174856599 -0.0604568347 306.29361 0 -6.1566782 0 200
0.391405453 0.914399982 -0.0177475985 -0.0620275512 308.66391 0 -6.1566782 0 200
0.388844364 0.914399982 -0.0180077128 -0.0635758638 311.003632 0 -6.1566782 0 200
0.386283121 0.914399982 -0.0182662943 -0.0651096925 313.304138 0 -6.1566782 0 200
0.383721709 0.914399982 -0.0185232101 -0.0666262656 315.579651 0 -6.1566782 0 200
0.381160124 0.914399982 -0.0187783802 -0.068126522 317.821747 0 -6.1566782 0 200
0.378598383 0.914399982 -0.0190319891 -0.0696132034 320.034363 0 -6.1566782 0 200
0.376036469 0.914399982 -0.01928384 -0.0710813701 322.218719 0 -6.1566782 0 200
0.373474386 0.914399982 -0.0195339749 -0.0725364983 324.386963 0 -6.1566782 0 200
0.370912148 0.914399982 -0.0197825124 -0.0739805102 326.520325 0 -6.1566782 0 200
0.368349737 0.914399982 -0.0200292581 -0.0754052848 328.627197 0 -6.1566782 0 200
0.365787158 0.914399982 -0.020274252 -0.0768171847 330.723328 0 -6.1566782 0 200
0.363224424 0.914399982 -0.0205176118 -0.0782223493 332.778503 0 -6.1566782 0 200
0.360661519 0.914399982 -0.0207591794 -0.0796108842 334.835571 0 -6.1566782 0 200
0.358098443 0.914399982 -0.020998914 -0.0809851363 336.861969 0 -6.1566782 0 200
0.35553521 0.914399982 -0.0212369703 -0.0823578387 338.859375 0 -6.1566782 0 200
0.352971818 0.914399982 -0.021473304 -0.0837220475 340.857605 0 -6.1566782 0 200
0.35040825 0.914399982 -0.0217077242 -0.0850675926 342.811798 0 -6.1566782 0 200
0.347844519 0.914399982 -0.0219403511 -0.0863994136 344.778259 0 -6.1566782 0 200
0.345280622 0.914399982 -0.022171153 -0.0877217278 346.720398 0 -6.1566782 0 200
0.342716559 0.914399982 -0.0224000883 -0.0890342295 348.607513 0 -6.1566782 0 200
0.340152332 0.914399982 -0.0226271915 -0.0903362185 350.543671 0 -6.1566782 0 200
0.337587935 0.914399982 -0.0228523647 -0.0916284993 352.443054 0 -6.1566782 0 200
0.335023377 0.914399982 -0.0230756951 -0.0929109156 354.275665 0 -6.1566782 0 200
0.332458647 0.914399982 -0.0232970391 -0.094183147 356.168549 0 -6.1566782 0 200
0.329893756 0.914399982 -0.0235165074 -0.0954456553 358.028137 0 -6.1566782 0 200
0.327328693 0.914399982 -0.0237339581 -0.0966988057 359.818024 0 -6.1566782 0 200
0.324763467 0.914399982 -0.0239494825 -0.0979426652 361.666321 0 -6.1566782 0 200
0.32219807 0.914399982 -0.0241629526 -0.0991769582 363.500244 0 -6.1566782 0 200
0.319632509 0.914399982 -0.0243744464 -0.10040202 365.267578 0 -6.1566782 0 200
0.317066776 0.914399982 -0.0245838475 -0.101617828 367.046875 0 -6.1566782 0 200
0.314500879 0.914399982 -0.0247912231 -0.102824286 368.834229 0 -6.1566782 0 200
0.311934809 0.914399982 -0.0249964552 -0.104021572 370.608612 0 -6.1566782 0 200
0.309368575 0.914399982 -0.0251996226 -0.105209157 372.367157 0 -6.1566782 0 200
0.306802167 0.914399982 -0.0254005786 -0.106386885 374.117737 0 -6.1566782 0 200
0.304235595 0.914399982 -0.0255994314 -0.107554257 375.861206 0 -6.1566782 0 200
0.301668847 0.914399982 -0.0257960025 -0.108711556 377.599335 0 -6.1566782 0 200
0.299101936 0.914399982 -0.0259904291 -0.109858491 379.332703 0 -6.1566782 0 200
0.296534849 0.914399982 -0.0261825112 -0.110994421 381.059479 0 -6.1566782 0 200
0.293967597 0.914399982 -0.026372379 -0.112119935 382.783844 0 -6.1566782 0 200
0.29140017 0.914399982 -0.0265598687 -0.113234833 384.504883 0 -6.1566782 0 200
0.288832576 0.914399982 -0.0267450536 -0.114339255 386.223236 0 -6.1566782 0 200
0.286264808 0.914399982 -0.0269278228 -0.115432955 387.939453 0 -6.1566782 0 200
0.283696871 0.914399982 -0.027108193 -0.116516419 389.653473 0 -6.1566782 0 200
0.281128764 0.914399982 -0.0272861165 -0.117589325 391.366272 0 -6.1566782 0 200
0.278560484 0.914399982 -0.0274615405 -0.118651673 393.082153 0 -6.1566782 0 200
0.275992036 0.914399982 -0.0276344787 -0.119701989 394.800079 0 -6.1566782 0 200
0.273423413 0.914399982 -0.0278048054 -0.120739847 396.525513 0 -6.1566782 0 200
0.270854625 0.914399982 -0.0279726101 -0.121763453 398.258484 0 -6.1566782 0 200
0.268285659 0.914399982 -0.0281376881 -0.122772194 400.000671 0 -6.1566782 0 200
0.26571653 0.914399982 -0.028300188 -0.123765901 401.752777 0 -6.1566782 0 200
0.263147224 0.914399982 -0.028459889 -0.124742694 403.517792 0 -6.1566782 0 200
0.260577754 0.914399982 -0.0286169049 -0.125702202 405.294281 0 -6.1566782 0 200
0.258008111 0.914399982 -0.028771076 -0.126644716 407.08548 0 -6.1566782 0 200
0.255438301 0.914399982 -0.028922435 -0.127572402 408.891846 0 -6.1566782 0 200
0.252868322 0.914399982 -0.0290709003 -0.12848489 410.716125 0 -6.1566782 0 200
0.250298175 0.914399982 -0.0292164224 -0.12938194 412.559784 0 -6.1566782 0 200
0.247727863 0.914399982 -0.0293590095 -0.130262494 414.425812 0 -6.1566782 0 200
0.245157382 0.914399982 -0.0294985138 -0.131125644 416.310455 0 -6.1566782 0 200
0.24258674 0.914399982 -0.0296350232 -0.13196975 418.214966 0 -6.1566782 0 200
0.240015929 0.914399982 -0.0297683111 -0.132794246 420.149445 0 -6.1566782 0 200
0.237444962 0.914399982 -0.0298985357 -0.133596852 422.105042 0 -6.1566782 0 200
0.234873826 0.914399982 -0.0300254017 -0.134376153 424.090515 0 -6.1566782 0 200
0.232302536 0.914399982 -0.0301491055 -0.135133445 426.100616 0 -6.1566782 0 200
0.229731084 0.914399982 -0.0302693739 -0.135868281 428.137329 0 -6.1566782 0 200
0.227159479 0.914399982 -0.0303863483 -0.136578694 430.198059 0 -6.1566782 0 200
0.224587715 0.914399982 -0.0304997754 -0.13726303 432.28421 0 -6.1566782 0 200
0.222015803 0.914399982 -0.0306097783 -0.137920663 434.393524 0 -6.1566782 0 200
0.219443737 0.914399982 -0.0307161302 -0.138550386 436.525848 0 -6.1566782 0 200
0.216871527 0.914399982 -0.0308189225 -0.139152303 438.700897 0 -6.1566782 0 200
0.214299169 0.914399982 -0.0309179571 -0.139726102 440.89975 0 -6.1566782 0 200
0.211726672 0.914399982 -0.0310133087 -0.14026916 443.09845 0 -6.1566782 0 200
0.209154032 0.914399982 -0.0311047418 -0.140779808 445.310242 0 -6.1566782 0 200
0.206581261 0.914399982 -0.0311923774 -0.141256273 447.5383 0 -6.1566782 0 200
0.204008353 0.914399982 -0.0312759312 -0.141697884 449.767761 0 -6.1566782 0 200
0.201435322 0.914399982 -0.0313555734 -0.142103031 452.0047 0 -6.1566782 0 200
0.198862163 0.914399982 -0.0314309729 -0.142470509 454.250793 0 -6.1566782 0 200
0.196288888 0.914399982 -0.0315023188 -0.142798409 456.510498 0 -6.1566782 0 200
0.193715495 0.914399982 -0.0315692775 -0.143083453 458.786194 0 -6.1566782 0 200
0.191141995 0.914399982 -0.0316319752 -0.143326238 461.072632 0 -6.1566782 0 200
0.18856839 0.914399982 -0.0316902003 -0.143524826 463.368896 0 -6.1566782 0 200
0.185994687 0.914399982 -0.0317439251 -0.143678993 465.674164 0 -6.1566782 0 200
0.183420893 0.914399982 -0.0317931001 -0.143784299 467.988586 0 -6.1566782 0 200
0.180847013 0.914399982 -0.0318375119 -0.143839553 470.306061 0 -6.1566782 0 200
0.178273056 0.914399982 -0.0318772494 -0.14384082 472.634705 0 -6.1566782 0 200
0.175699027 0.914399982 -0.0319120219 -0.14378202 474.968842 0 -6.1566782 0 200
0.173124936 0.914399982 -0.0319418619 -0.143668249 477.314362 0 -6.1566782 0 200
0.170550793 0.914399982 -0.0319667045 -0.143490955 479.670502 0 -6.1566782 0 200
0.167976603 0.914399982 -0.0319862563 -0.143243432 482.043549 0 -6.1566782 0 200
0.16540238 0.914399982 -0.0320006355 -0.142932385 484.434326 0 -6.1566782 0 200
0.162828132 0.914399982 -0.0320096607 -0.14254725 486.832062 0 -6.1566782 0 200
0.160253871 0.914399982 -0.032013087 -0.142083094 489.273895 0 -6.1566782 0 200
0.157679608 0.914399982 -0.0320109843 -0.141550645 491.738525 0 -6.1566782 0 200
0.155105356 0.914399982 -0.032003214 -0.140939176 494.240723 0 -6.1566782 0 200
0.152531129 0.914399982 -0.0319894713 -0.14023757 496.779816 0 -6.1566782 0 200
0.14995694 0.914399982 -0.0319698313 -0.139457822 499.368164 0 -6.1566782 0 200
0.147382805 0.914399982 -0.0319441416 -0.138600335 502.003998 0 -6.1566782 0 200
0.144808739 0.914399982 -0.0319122149 -0.137644216 504.664856 0 -6.1566782 0 200
0.142234762 0.914399982 -0.0318738137 -0.136583626 507.433868 0 -6.1566782 0 200
0.13966089 0.914399982 -0.0318289475 -0.135432556 510.249237 0 -6.1566782 0 200
0.137087141 0.914399982 -0.0317774731 -0.134192109 513.118713 0 -6.1566782 0 200
0.134513537 0.914399982 -0.0317192024 -0.132845268 516.107666 0 -6.1566782 0 200
0.1319401 0.914399982 -0.0316539416 -0.131367624 519.13501 0 -6.1566782 0 200
0.129366857 0.914399982 -0.0315814568 -0.129746109 522.249878 0 -6.1566782 0 200
0.126793831 0.914399982 -0.0315016702 -0.127985537 525.481995 0 -6.1566782 0 200
0.124221046 0.914399982 -0.0314144146 -0.126090169 528.739441 0 -6.1566782 0 200
0.121648533 0.914399982 -0.0313195134 -0.124051385 532.071289 0 -6.1566782 0 200
0.119076322 0.914399982 -0.0312167385 -0.121853665 535.534912 0 -6.1566782 0 200
0.116504447 0.914399982 -0.0311058819 -0.119484954 539.036011 0 -6.1566782 0 200
0.113932942 0.914399982 -0.0309867291 -0.116941541 542.575684 0 -6.1566782 0 200
0.11133913 0.914399982 -0.0308579003 -0.114316478 546.235046 0 -6.1566782 0 200
0.108869255 0.914399982 -0.0307269729 -0.111582033 549.972351 0 -6.1566782 0 200
0.106517412 0.914399982 -0.0305946177 -0.108799443 553.743774 0 -6.1566782 0 200
0.104277979 0.914399982 -0.0304613467 -0.105980903 557.574036 0 -6.1566782 0 200
0.102145596 0.914399982 -0.0303277099 -0.103149988 561.477112 0 -6.1566782 0 200
0.100115146 0.914399982 -0.030194359 -0.100315452 565.442993 0 -6.1566782 0 200
0.0981817748 0.914399982 -0.0300615229 -0.0974711329 569.454224 0 -6.1566782 0 200
0.0963408429 0.914399982 -0.0299296901 -0.094632782 573.508179 0 -6.1566782 0 200
0.0945879312 0.914399982 -0.0297992494 -0.0918169245 577.604126 0 -6.1566782 0 200
0.0929188367 0.914399982 -0.0296704632 -0.0890152901 581.733582 0 -6.1566782 0 200
0.0913295575 0.914399982 -0.0295435479 -0.086220935 585.901062 0 -6.1566782 0 200
0.0898162795 0.914399982 -0.0294187181 -0.0834191814 590.107849 0 -6.1566782 0 200
0.0883753581 0.914399982 -0.0292963007 -0.0805219188 594.340271 0 -6.1566782 0 200
0.0869347508 0.914399982 -0.0291702047 -0.0776270926 598.684509 0 -6.1566782 0 200
0.0854944718 0.914399982 -0.0290404139 -0.0746788606 603.20343 0 -6.1566782 0 200
0.0840545311 0.914399982 -0.0289069213 -0.0716286451 607.922607 0 -6.1566782 0 200
0.0826149498 0.914399982 -0.0287696071 -0.068483226 612.59314 0 -6.1566782 0 200
0.0811757428 0.914399982 -0.0286284242 -0.0652168244 617.088013 0 -6.1566782 0 200
0.079736934 0.914399982 -0.0284832398 -0.0618236363 621.410645 0 -6.1566782 0 200
0.0782985409 0.914399982 -0.028333993 -0.0582964458 625.658142 0 -6.1566782 0 200
0.0768605839 0.914399982 -0.0281806008 -0.0546344593 629.821411 0 -6.1566782 0 200
0.0754230847 0.914399982 -0.0280229761 -0.0508333705 633.908447 0 -6.1566782 0 200
0.0739860657 0.914399982 -0.0278610326 -0.0468905121 637.930359 0 -6.1566782 0 200
0.07254955 0.914399982 -0.0276946831 -0.0428022891 641.881592 0 -6.1566782 0 200
0.0711135632 0.914399982 -0.0275238279 -0.0385626145 645.783997 0 -6.1566782 0 200
0.069678133 0.914399982 -0.0273483587 -0.0341630206 649.612122 0 -6.1566782 0 200
0.0682432886 0.914399982 -0.0271681618 -0.0295937546 653.878845 0 -6.1566782 0 200
0.0668090617 0.914399982 -0.0269831137 -0.0248441733 657.909424 0 -6.1566782 0 200
0.0653754852 0.914399982 -0.0267930934 -0.0199010633 661.334595 0 -6.1566782 0 200
0.0639425964 0.914399982 -0.026597955 -0.014752985 664.872498 0 -6.1566782 0 200
0.06251043 0.914399982 -0.0263975827 -0.00940123014 668.487366 0 -6.1566782 0 200
0.0610790202 0.914399982 -0.0261918761 -0.00385299139 672.120605 0 -6.1566782 0 200
0.0596484052 0.914399982 -0.0259807118 0.00190612057 675.836609 0 -6.1566782 0 200
0.0582186391 0.914399982 -0.025763875 0.00790207181 679.630859 0 -6.1566782 0 200
0.0567897668 0.914399982 -0.0255412243 0.0141532188 683.47937 0 -6.1566782 0 200
0.0553618424 0.914399982 -0.0253125729 0.0206772275 687.380066 0 -6.1566782 0 200
0.0539349246 0.914399982 -0.0250777222 0.0274835993 691.341736 0 -6.1566782 0 200
0.0525090615 0.914399982 -0.0248365501 0.0345833749 695.3703 0 -6.1566782 0 200
0.0510843283 0.914399982 -0.0245887908 0.0419799723 699.472473 0 -6.1566782 0 200
0.0496607734 0.914399982 -0.0243343484 0.0496750884 703.655029 0 -6.1566782 0 200
0.0482384817 0.914399982 -0.0240729377 0.0577034838 707.956909 0 -6.1566782 0 200
0.0468175398 0.914399982 -0.0238042859 0.0661307648 712.409607 0 -6.1566782 0 200
0.0453980457 0.914399982 -0.023528087 0.0750063881 716.990173 0 -6.1566782 0 200
0.0439800856 0.914399982 -0.0232441178 0.0843428746 721.67511 0 -6.1566782 0 200
0.0425637587 0.914399982 -0.0229521117 0.0941392183 726.474121 0 -6.1566782 0 200
0.0411491691 0.914399982 -0.0226518022 0.104418337 731.394836 0 -6.1566782 0 200
0.0397364416 0.914399982 -0.022342852 0.11517895 736.450439 0 -6.1566782 0 200
0.0383257175 0.914399982 -0.0220248787 0.12647444 741.642517 0 -6.1566782 0 200
0.0369171746 0.914399982 -0.0216973784 0.138407424 746.983032 4.29939137e-05 -6.15568829 1 200
0.0355109695 0.914399982 -0.0213599822 0.151005566 752.479797 9.48720553e-05 -6.15451145 1 200
0.0341072749 0.914399982 -0.0210122889 0.164274797 758.195435 0.000148073144 -6.15332413 1 200
0.0327062875 0.914399982 -0.0206538428 0.178219154 764.134705 0.000203128511 -6.15211582 1 200
0.0313082232 0.914399982 -0.02028416 0.192886963 770.217651 0.000259183813 -6.15090466 1 200
0.0299133791 0.914399982 -0.0199025065 0.208427235 776.448608 0.000315969519 -6.14969587 1 200
0.0285220582 0.914399982 -0.0195082032 0.225063771 782.790527 0.0003737527 -6.14847994 1 200
0.0271345876 0.914399982 -0.0191005583 0.242934063 789.174255 0.000432503555 -6.14725542 1 200
0.0257513186 0.914399982 -0.0186788765 0.262080073 795.637207 0.000601346663 -6.1436882 1 200
0.0243726298 0.914399982 -0.0182424523 0.282388866 802.227112 0.00084410602 -6.13861465 1 200
0.0229990677 0.914399982 -0.0177901514 0.303927034 808.858093 0.00109159993 -6.13352633 1 200.00946
0.0216312253 0.914399982 -0.0173208367 0.327003837 815.443298 0.00134753133 -6.12834644 1 200.035172
0.0202698272 0.914399982 -0.0168331443 0.351858526 821.958618 0.00160967838 -6.12311316 1 200.070114
0.0189155406 0.914399982 -0.0163260384 0.378728718 828.360107 0.00187839055 -6.1178031 1 200.123596
0.0175692503 0.914399982 -0.0157980695 0.407844275 834.6651 0.00215284224 -6.11240911 1 200.219086
0.0162321003 0.914399982 -0.015247362 0.439194947 841.086121 0.00256680627 -6.10428143 1 200.443924
0.0149055813 0.914399982 -0.0146715184 0.473209292 847.832825 0.00334846647 -6.08891726 1 200.79248
0.0135911841 0.914399982 -0.0140685188 0.510370672 854.955078 0.00416126987 -6.07320356 1 201.192657
0.0122907103 0.914399982 -0.0134360502 0.550636768 862.448975 0.0050138128 -6.05698204 1 201.597275
0.0110067088 0.914399982 -0.0127707766 0.594438612 870.266113 0.00590122351 -6.0403223 1 201.975067
0.00974255726 0.914399982 -0.0120685174 0.642502248 878.533447 0.00693882257 -6.02109146 1 202.619186
0.00850202803 0.914399982 -0.0113253253 0.694690883 887.549377 0.00849799253 -5.99234867 1 203.602066
0.00728978378 0.914399982 -0.0105368381 0.74956727 897.303955 0.0101343999 -5.96280336 1 204.593338
0.00616084497 0.914399982 -0.00973202403 0.806093931 907.518188 0.0120732533 -5.92830181 1 205.875885
0.00514277206 0.914399982 -0.00893097999 0.861694932 917.748047 0.0142908907 -5.88932371 1 207.273438
0.00422996971 0.914399982 -0.00813515341 0.91274482 928.047546 0.0170761645 -5.84076786 1 209.238556
0.00343643316 0.914399982 -0.00736356438 0.95716691 939.20166 0.0201833006 -5.78770351 1 211.316071
0.00274285069 0.914399982 -0.00660441773 0.99172616 951.969604 0.0240361039 -5.7232151 1 214.18251
0.00213648818 0.914399982 -0.00585018865 1.01382887 966.305603 0.0283425897 -5.65304327 1 217.311127
0.00161211138 0.914399982 -0.00510044783 1.01918399 981.624634 0.0338749029 -5.56421089 1 221.922256
0.00116988774 0.914399982 -0.00436125254 1.00353742 997.808411 0.0401101485 -5.46647453 1 226.264755
0.000805392804 0.914399982 -0.00363199488 0.965571105 1016.26526 0.0479649678 -5.34648943 1 233.571808
0.00051469137 0.914399982 -0.00291212333 0.901899815 1038.29675 0.0569767803 -5.21457529 1 239.383041
0.000289792079 0.914399982 -0.00218676897 0.809772134 1063.39807 0.068623282 -5.04893208 1 250.550446
0.000128627554 0.914399982 -0.00145413345 0.688818097 1091.95911 0.0826859921 -4.85728168 1 263.250031
3.20963786e-05 0.914399982 -0.000722702615 0.541091204 1125.7041 0.099829115 -4.63454103 1 278.838806
-8.18412707e-09 0.914399982 -7.8016762e-10 0.370386362 1162.35632 0.121255815 -4.36764717 1 305.094482
3.17941236e-05 0.914399982 0.000719176834 0.183721438 1199.8573 0.146281704 -4.06460381 1 325.230438
0.000127329866 0.914399982 0.00144672079 -0.0122778863 1237.99536 0.176514402 -3.71160054 1 375.091064
0.000287011983 0.914399982 0.00217624136 -0.213941172 1276.44324 0.208125129 -3.36260772 1 411.655609
0.000509847083 0.914399982 0.00289847388 -0.41326043 1315.35681 0.243926585 -2.97777081 1 441.051331
0.000798755786 0.914399982 0.00361739139 -0.599825561 1350.93884 0.285057575 -2.54260516 1 513.436401
0.00116083968 0.914399982 0.00434485961 -0.766869605 1380.99121 0.326478839 -2.11240888 1 562.717529
0.00159974379 0.914399982 0.00508132568 -0.913470626 1405.69043 0.369832695 -1.65592301 1 564.600586
0.00211753308 0.914399982 0.00582495707 -1.03877223 1419.70361 0.422903597 -1.06329024 1 629.861755
0.00271975272 0.914399982 0.00657746412 -1.14257145 1420.09509 0.476017892 -0.428086191 1 694.188599
0.00340675316 0.914399982 0.00733289967 -1.22541726 1405.38147 0.525497913 0 0.996171236 738.970886
0.00419414951 0.914399982 0.00810221109 -1.2869488 1365.41272 0.569926023 0 0.9433074 771.600769
0.00509625241 0.914399982 0.00889228885 -1.33084357 1300.37708 0.611571372 0 0.679722011 825.56842
0.00610047406 0.914399982 0.00968659439 -1.36177146 1223.28967 0.646982372 0 0.516161501 853.302368
0.00721725929 0.914399982 0.0104873709 -1.37897635 1130.65601 0.675188363 0 0.423945308 866.541077
0.00842161236 0.914399982 0.0112750257 -1.38527989 1012.22284 0.694858074 0 0.366382271 873.935547
0.00965428513 0.914399982 0.0120175784 -1.38472068 878.01947 0.704987347 0 0.328105211 878.570801
0.0109107177 0.914399982 0.0127191791 -1.37896323 743.485535 0.706631482 0 0.303949207 881.43042
0.0121870365 0.914399982 0.0133839173 -1.36971807 616.366089 0.70086813 0 0.294567555 882.534302
0.0134799311 0.914399982 0.0140158115 -1.35767734 504.937744 0.688508928 0 0.307830572 880.980835
0.0147867318 0.914399982 0.0146184215 -1.34445155 405.328522 0.670537651 0 0.356265306 875.299377
0.016105753 0.914399982 0.0151937912 -1.33085537 337.102966 0.648104548 0 0.454191029 863.764709
0.0174353865 0.914399982 0.0157441928 -1.31662154 349.16568 0.622209311 0 0.43369624 865.935303
0.0187742445 0.914399982 0.0162717597 -1.30189824 385.680664 0.593399823 0 0.336033404 876.922058
0.0201210962 0.914399982 0.0167785712 -1.28723204 403.822266 0.562289476 0 0.287348747 881.663513
0.0214751029 0.914399982 0.0172659452 -1.27292657 431.141541 0.529906034 0 0.269756973 881.738647
0.022835535 0.914399982 0.0177350849 -1.25894916 465.320038 0.496893108 0 0.268810183 878.077026
0.0242017369 0.914399982 0.0181871468 -1.2452054 503.401459 0.463433385 0 0.279221028 870.267578
0.0255730686 0.914399982 0.0186234001 -1.2317332 540.036072 0.430439979 0 0.298172444 857.548523
0.0269490089 0.914399982 0.0190448927 -1.21863818 570.325073 0.399463296 0 0.319866896 840.726196
0.0283291553 0.914399982 0.0194524012 -1.20589101 594.802734 0.371037155 0 0.347808361 818.91864
0.0297131607 0.914399982 0.0198466051 -1.19342601 613.904846 0.345098734 0 0.389711767 791.389587
0.0311006962 0.914399982 0.020228198 -1.18120408 628.431091 0.322300881 0 0.452918589 755.218506
0.0324914619 0.914399982 0.020597845 -1.16923332 641.206177 0.301586956 0 0.555210292 699.811035
0.0338851739 0.914399982 0.0209562226 -1.15758479 651.710144 0.282507718 0 0.739583135 602.775879
0.0352815876 0.914399982 0.0213039246 -1.14630651 658.048401 0.264739782 0 0.952535152 481.69754
0.0366805184 0.914399982 0.0216413566 -1.13535559 661.252136 0.248342559 0 0.995899618 432.326019
0.0380818015 0.914399982 0.0219688835 -1.12466753 663.767334 0.233329177 -0.16290313 1 403.91629
0.0394852649 0.914399982 0.0222869376 -1.11424136 666.502563 0.219473377 -0.541562021 1 380.127747
0.0408907416 0.914399982 0.0225959739 -1.10410094 668.519165 0.206592888 -0.886701167 1 360.752655
0.0422980875 0.914399982 0.0228963829 -1.09426463 668.788635 0.196115032 -1.15620017 1 351.156708
0.0437071758 0.914399982 0.02318851 -1.08472013 667.53656 0.186709195 -1.3873173 1 346.644012
0.0451179004 0.914399982 0.0234726299 -1.07542515 665.403381 0.177887857 -1.59785306 1 339.816101
0.0465301623 0.914399982 0.0237490072 -1.06633961 662.759033 0.169549152 -1.79379296 1 331.71756
0.0479438761 0.914399982 0.0240178595 -1.0574261 660.089722 0.161587045 -1.9813112 1 322.517853
0.0493589461 0.914399982 0.0242794793 -1.04867458 657.7146 0.153999701 -2.16239738 1 312.900116
0.0507752826 0.914399982 0.0245341536 -1.04010928 655.880127 0.146790758 -2.33821154 1 303.647125
0.0521928037 0.914399982 0.0247821493 -1.03174126 654.467407 0.139978841 -2.5070703 1 294.573944
0.053611457 0.914399982 0.0250235848 -1.02354729 653.036865 0.133531183 -2.66719842 1 286.530182
0.0550311681 0.914399982 0.0252587197 -1.01551354 651.255554 0.127382174 -2.81843567 1 278.376251
0.0564518876 0.914399982 0.025487683 -1.00763333 649.031921 0.121848345 -2.95238566 1 272.586273
0.0578735603 0.914399982 0.0257106511 -0.999890625 646.410034 0.116976365 -3.06819391 1 269.540405
0.0592961273 0.914399982 0.0259278406 -0.992282867 643.592224 0.112293437 -3.17892981 1 266.416107
0.0607195509 0.914399982 0.026139343 -0.984804869 640.782043 0.107807294 -3.28530979 1 263.178009
0.0621437714 0.914399982 0.026345411 -0.977464736 637.944214 0.103485122 -3.38804841 1 259.7612
0.063568751 0.914399982 0.0265461631 -0.970270753 635.047302 0.0993046686 -3.48761773 1 256.176361
0.064994453 0.914399982 0.0267417178 -0.96320343 632.146484 0.0952516347 -3.58460093 1 252.444534
0.066420846 0.914399982 0.0269321681 -0.956240773 629.263794 0.0913165063 -3.67934322 1 248.709473
0.0678478935 0.914399982 0.0271176497 -0.949376464 626.438721 0.0875101909 -3.77168703 1 245.088791
0.0692755612 0.914399982 0.0272982955 -0.942615807 623.754639 0.083845906 -3.86151528 1 241.601044
0.0707038184 0.914399982 0.0274742205 -0.935960233 621.269714 0.0803238899 -3.94896579 1 238.378448
0.0721326342 0.914399982 0.0276455485 -0.929407835 618.896179 0.0769036487 -4.03467131 1 235.174515
0.0735619812 0.914399982 0.0278123874 -0.922958612 616.555969 0.0737331063 -4.11433935 1 232.60759
0.0749918329 0.914399982 0.0279748443 -0.916609883 614.251221 0.0710463747 -4.181458 1 231.015121
0.076422167 0.914399982 0.028132998 -0.910354674 611.970154 0.0684159622 -4.24757481 1 229.682419
0.0778529609 0.914399982 0.0282869361 -0.904182076 609.717651 0.0658542886 -4.31229353 1 228.403809
0.0792841958 0.914399982 0.0284367182 -0.898081303 607.49823 0.0633516908 -4.37587452 1 227.104065
0.0807158493 0.914399982 0.0285824455 -0.892037868 605.332886 0.0609140955 -4.43820381 1 225.770599
0.0821479085 0.914399982 0.0287241284 -0.886063814 603.24585 0.058539357 -4.49938774 1 224.397873
0.0835803295 0.914399982 0.0288621061 -0.880181015 601.197815 0.0562079884 -4.55981493 1 222.933929
0.085013118 0.914399982 0.028996215 -0.874403 599.150208 0.0539206639 -4.61938572 1 221.457672
0.0864462491 0.914399982 0.029126612 -0.868688405 597.105713 0.0516870804 -4.67783165 1 219.989059
0.0878797114 0.914399982 0.0292533156 -0.863118947 595.066406 0.0495059192 -4.73519087 1 218.567139
0.0893124563 0.914399982 0.0293763726 -0.857576489 593.038391 0.0476522781 -4.78363562 1 217.502213
0.0908171694 0.914399982 0.0295016658 -0.851876736 591.026672 0.0459312424 -4.82869864 1 216.778305
0.0923974449 0.914399982 0.029629238 -0.845899284 589.031799 0.0442392267 -4.8732543 1 216.120041
0.0940570855 0.914399982 0.0297587638 -0.839708209 587.054199 0.0425752997 -4.91732264 1 215.488647
0.0958000717 0.914399982 0.0298900254 -0.833282888 585.092773 0.040937528 -4.96094894 1 214.840958
0.0976305922 0.914399982 0.0300226413 -0.826602221 583.148193 0.0393259339 -5.00413036 1 214.167557
0.0995530378 0.914399982 0.0301562624 -0.819669425 581.218994 0.0377418548 -5.04678822 1 213.423294
0.101572004 0.914399982 0.0302907139 -0.812499821 579.305481 0.0361853391 -5.08893585 1 212.63736
0.103692349 0.914399982 0.0304252619 -0.805079043 577.410339 0.0346523672 -5.13069296 1 211.806915
0.105919135 0.914399982 0.0305597031 -0.797397673 575.543091 0.0331475437 -5.17194605 1 211.002991
0.108257701 0.914399982 0.0306933597 -0.78945291 573.702881 0.0319282338 -5.20507765 1 210.40416
0.110713646 0.914399982 0.0308255783 -0.781192482 571.884949 0.030761769 -5.23692894 1 209.973373
0.113292837 0.914399982 0.0309558151 -0.772835791 570.103638 0.029608462 -5.26864815 1 209.585037
0.115868178 0.914399982 0.0310772345 -0.76445055 567.803711 0.0284556691 -5.29976892 1 209.210083
0.118443899 0.914399982 0.0311902827 -0.756234527 565.392456 0.0273232535 -5.33035946 1 208.833267
0.121019967 0.914399982 0.0312951718 -0.748134553 563.442749 0.0261759814 -5.36230659 1 208.427231
0.123596345 0.914399982 0.0313921188 -0.740145087 561.50116 0.0249810964 -5.39590788 1 207.941208
0.126173003 0.914399982 0.0314813059 -0.732254803 559.546692 0.0237625744 -5.43043232 1 207.402618
0.128749911 0.914399982 0.0315629617 -0.724460125 557.498596 0.0225239005 -5.46569586 1 206.818665
0.131327042 0.914399982 0.0316372545 -0.716757655 555.327576 0.0212540459 -5.50203371 1 206.201736
0.13390437 0.914399982 0.0317043525 -0.709147274 553.056335 0.0201150198 -5.53454685 1 205.659241
0.136481871 0.914399982 0.0317644283 -0.701624453 550.662476 0.019011423 -5.56613445 1 205.211761
0.139059525 0.914399982 0.031817584 -0.694181323 548.122925 0.0178876035 -5.59847832 1 204.784088
0.141637309 0.914399982 0.0318639853 -0.68681407 545.545898 0.0167287663 -5.63217878 1 204.357361
0.144215202 0.914399982 0.0319038691 -0.679547966 542.920654 0.0155535853 -5.66666079 1 203.932785
0.146793186 0.914399982 0.031937372 -0.672383368 540.213257 0.0145166814 -5.69705153 1 203.562073
0.149371244 0.914399982 0.0319645981 -0.665275812 537.594788 0.0135226948 -5.72646761 1 203.238586
0.15194936 0.914399982 0.0319855684 -0.658217311 534.996948 0.0125465812 -5.75559998 1 202.917343
0.154527518 0.914399982 0.0320005731 -0.651233613 532.400269 0.0115988879 -5.78409576 1 202.602188
0.157105703 0.914399982 0.032009777 -0.644335926 529.820679 0.0106760729 -5.81205654 1 202.288284
0.159683902 0.914399982 0.0320131373 -0.637504697 527.29364 0.00985013507 -5.83718491 1 202.007095
0.162262103 0.914399982 0.0320108359 -0.630732298 524.83252 0.00911886711 -5.85952711 1 201.77536
0.164840292 0.914399982 0.032003077 -0.624027669 522.441528 0.00840480626 -5.88154697 1 201.560242
0.16741846 0.914399982 0.0319898652 -0.617385507 520.131531 0.00770383142 -5.90337324 1 201.35556
0.169996595 0.914399982 0.0319712932 -0.610803962 517.92395 0.0070186248 -5.92491388 1 201.161606
0.172574688 0.914399982 0.0319476332 -0.604290783 515.824585 0.00643838244 -5.94321346 1 200.989365
0.175152728 0.914399982 0.0319187767 -0.597841024 513.792786 0.00590721518 -5.96006107 1 200.839188
0.177730707 0.914399982 0.0318849457 -0.591454148 511.773041 0.00538946269 -5.97659397 1 200.702637
0.180308619 0.914399982 0.0318462868 -0.585132122 509.784332 0.00487786438 -5.99305344 1 200.576019
0.182886452 0.914399982 0.0318026742 -0.578864098 507.864502 0.00439697737 -6.00862885 1 200.4646
0.185464202 0.914399982 0.0317544544 -0.572651505 505.956207 0.00398782967 -6.02190542 1 200.372238
0.188041861 0.914399982 0.0317015621 -0.566496849 503.992981 0.00359003642 -6.03488111 1 200.29126
0.190619423 0.914399982 0.0316441414 -0.560395479 502.025116 0.00319591304 -6.04782963 1 200.217819
0.193196883 0.914399982 0.031582296 -0.554347396 500.103394 0.00280974666 -6.0606122 1 200.154037
0.195774232 0.914399982 0.0315160055 -0.548351228 498.136383 0.00251839147 -6.07023811 1 200.104141
0.198351471 0.914399982 0.0314455328 -0.542406619 496.131714 0.002283504 -6.07799625 1 200.066238
0.200928586 0.914399982 0.0313706944 -0.53651005 494.179657 0.00205232506 -6.08569288 1 200.038071
0.203505582 0.914399982 0.0312918604 -0.530662417 492.199188 0.00182972301 -6.09314537 1 200.018951
0.206082447 0.914399982 0.0312088442 -0.524863601 490.195404 0.0016085261 -6.1006031 1 200.006485
0.208659183 0.914399982 0.0311219381 -0.519110322 488.253418 0.00139178406 -6.10796976 1 200.00058
0.211235781 0.914399982 0.0310310196 -0.513401449 486.306366 0.00118202437 -6.11514378 1 200
0.213812243 0.914399982 0.0309363212 -0.50773567 484.380463 0.0010281424 -6.12040854 1 200
0.216388561 0.914399982 0.0308377791 -0.502112925 482.518097 0.000948569912 -6.12309313 1 200
0.218964735 0.914399982 0.0307355713 -0.496531993 480.672943 0.000869987532 -6.12576389 1 200
0.221540761 0.914399982 0.0306296625 -0.490992516 478.88089 0.000791902887 -6.12843943 1 200
0.224116638 0.914399982 0.0305202144 -0.485493541 477.129181 0.000715443282 -6.13107729 1 200
0.226692361 0.914399982 0.0304071745 -0.480033696 475.421082 0.000639326579 -6.13372278 1 200
0.229267931 0.914399982 0.0302907237 -0.474612743 473.762482 0.0005648121 -6.1363287 1 200
0.231843342 0.914399982 0.0301707915 -0.469230473 472.142517 0.000490755774 -6.13893652 1 200
0.234418597 0.914399982 0.0300475797 -0.4638879 470.571808 0.000418281037 -6.14150572 1 200
0.236993689 0.914399982 0.0299209855 -0.458585441 469.028625 0.00034722322 -6.14404106 1 200
0.239568624 0.914399982 0.0297912424 -0.453321874 467.522949 0.000277250132 -6.14655352 1 200
0.242143391 0.914399982 0.0296581954 -0.448089778 466.044006 0.000214015803 -6.14883709 1 200
0.244717998 0.914399982 0.0295221146 -0.442882031 464.591125 0.000195889967 -6.14947891 1 200
0.247292435 0.914399982 0.0293828288 -0.437699467 463.160156 0.000177932059 -6.15011883 1 200
0.24986671 0.914399982 0.0292405987 -0.432545811 461.746857 0.000160056239 -6.15076065 1 200
0.252440814 0.914399982 0.0290952986 -0.427421719 460.347443 0.00014237198 -6.15139914 1 200
0.255014754 0.914399982 0.0289471127 -0.422326297 458.949707 0.000124850907 -6.15203524 1 200
0.257588522 0.914399982 0.0287959881 -0.417261064 457.56131 0.000107486791 -6.15266895 1 200
0.260162123 0.914399982 0.0286420252 -0.412224859 456.175598 9.03395121e-05 -6.15329885 1 200
0.262735553 0.914399982 0.0284852469 -0.407217056 454.789978 7.33567576e-05 -6.15392542 1 200
0.265308812 0.914399982 0.0283256815 -0.402237713 453.405334 5.66643139e-05 -6.15454531 1 200
0.267881903 0.914399982 0.0281634281 -0.397287786 452.018555 4.02923797e-05 -6.15515709 1 200
0.27045482 0.914399982 0.0279984376 -0.392367244 450.624969 2.43674895e-05 -6.15575552 1 200
0.273027571 0.914399982 0.0278308701 -0.387475967 449.226257 8.47791125e-06 -6.15635633 1 200
0.275600144 0.914399982 0.0276606079 -0.382612705 447.833771 0 -6.1566782 0 200
0.278172552 0.914399982 0.02748786 -0.37777704 446.437042 0 -6.1566782 0 200
0.280744782 0.914399982 0.0273124906 -0.372968018 445.040802 0 -6.1566782 0 200
0.283316846 0.914399982 0.0271346928 -0.368185222 443.647644 0 -6.1566782 0 200
0.285888735 0.914399982 0.0269543875 -0.363429427 442.25943 0 -6.1566782 0 200
0.288460455 0.914399982 0.0267716903 -0.358698964 440.876404 0 -6.1566782 0 200
0.291032003 0.914399982 0.0265865738 -0.353992283 439.50177 0 -6.1566782 0 200
0.29360338 0.914399982 0.026399104 -0.349308223 438.139954 0 -6.1566782 0 200
0.296174586 0.914399982 0.0262093064 -0.344646305 436.786926 0 -6.1566782 0 200
0.29874562 0.914399982 0.0260171953 -0.340005696 435.443329 0 -6.1566782 0 200
0.301316486 0.914399982 0.0258228425 -0.335386008 434.109192 0 -6.1566782 0 200
0.303887178 0.914399982 0.0256262152 -0.330786288 432.792267 0 -6.1566782 0 200
0.306457704 0.914399982 0.0254274166 -0.326205939 431.486328 0 -6.1566782 0 200
0.309028056 0.914399982 0.025226386 -0.321644127 430.203888 0 -6.1566782 0 200
0.311598243 0.914399982 0.0250232499 -0.317100167 428.938049 0 -6.1566782 0 200
0.314168256 0.914399982 0.0248179235 -0.312573284 427.692383 0 -6.1566782 0 200
0.316738104 0.914399982 0.0246105535 -0.308062911 426.468628 0 -6.1566782 0 200
0.319307779 0.914399982 0.0244010446 -0.303567857 425.264069 0 -6.1566782 0 200
0.32187729 0.914399982 0.0241895324 -0.299086243 424.07959 0 -6.1566782 0 200
0.324446629 0.914399982 0.0239759379 -0.29461652 422.914185 0 -6.1566782 0 200
0.327015803 0.914399982 0.0237603734 -0.290157497 421.768524 0 -6.1566782 0 200
0.329584806 0.914399982 0.0235427819 -0.285709202 420.639465 0 -6.1566782 0 200
0.332153644 0.914399982 0.0233232546 -0.281271428 419.526001 0 -6.1566782 0 200
0.334722314 0.914399982 0.0231017543 -0.276843876 418.425781 0 -6.1566782 0 200
0.337290817 0.914399982 0.0228783444 -0.272426099 417.342896 0 -6.1566782 0 200
0.339859154 0.914399982 0.0226530243 -0.26801756 416.26947 0 -6.1566782 0 200
0.342427324 0.914399982 0.0224258003 -0.263617069 415.209015 0 -6.1566782 0 200
0.344995329 0.914399982 0.0221967295 -0.259224117 414.158844 0 -6.1566782 0 200
0.347563164 0.914399982 0.0219657647 -0.25483802 413.117828 0 -6.1566782 0 200
0.350130838 0.914399982 0.0217330137 -0.250458449 412.085083 0 -6.1566782 0 200
0.352698341 0.914399982 0.0214983804 -0.246083438 411.057709 0 -6.1566782 0 200
0.355265681 0.914399982 0.0212619755 -0.241709217 410.037537 0 -6.1566782 0 200
0.357832846 0.914399982 0.0210236648 -0.237335756 409.020355 0 -6.1566782 0 200
0.360399856 0.914399982 0.020783702 -0.232970491 408.006836 0 -6.1566782 0 200
0.362966707 0.914399982 0.0205420412 -0.228611261 406.995544 0 -6.1566782 0 200
0.365533374 0.914399982 0.0202984401 -0.224246338 405.985596 0 -6.1566782 0 200
0.368099885 0.914399982 0.0200531987 -0.219881877 404.974731 0 -6.1566782 0 200
0.37066624 0.914399982 0.0198063264 -0.215521082 403.961609 0 -6.1566782 0 200
0.373232409 0.914399982 0.0195575285 -0.211152598 402.950043 0 -6.1566782 0 200
0.375798423 0.914399982 0.0193071313 -0.206781447 401.93399 0 -6.1566782 0 200
0.378364279 0.914399982 0.019055128 -0.202411622 400.916595 0 -6.1566782 0 200
0.38092995 0.914399982 0.0188012431 -0.198032618 399.89621 0 -6.1566782 0 200
0.383495464 0.914399982 0.0185457892 -0.193647459 398.871155 0 -6.1566782 0 200
0.386060815 0.914399982 0.0182886908 -0.189259559 397.828674 0 -6.1566782 0 200
0.388625987 0.914399982 0.0180298195 -0.184862852 396.772278 0 -6.1566782 0 200
0.391191004 0.914399982 0.0177694106 -0.180458516 395.749512 0 -6.1566782 0 200
0.393755845 0.914399982 0.017507271 -0.176045507 394.709229 0 -6.1566782 0 200
0.396320517 0.914399982 0.0172434929 -0.171622172 393.633636 0 -6.1566782 0 200
0.39888503 0.914399982 0.0169781651 -0.167189255 392.598907 0 -6.1566782 0 200
0.401449356 0.914399982 0.016711047 -0.1627426 391.566284 0 -6.1566782 0 200
0.404013528 0.914399982 0.0164424431 -0.158282518 390.487488 0 -6.1566782 0 200
0.406577516 0.914399982 0.0161720962 -0.15380846 389.427124 0 -6.1566782 0 200
0.409141339 0.914399982 0.0159001827 -0.149318889 388.380859 0 -6.1566782 0 200
0.41170499 0.914399982 0.0156266566 -0.144814685 387.291718 0 -6.1566782 0 200
0.414268464 0.914399982 0.015351477 -0.140293121 386.217224 0 -6.1566782 0 200
0.416831768 0.914399982 0.0150747174 -0.135752976 385.152405 0 -6.1566782 0 200
0.419394891 0.914399982 0.0147962876 -0.131193787 384.054962 0 -6.1566782 0 200
0.421957846 0.914399982 0.0145163095 -0.12661463 382.981567 0 -6.1566782 0 200
0.424520615 0.914399982 0.0142346401 -0.122013882 381.890106 0 -6.1566782 0 200
0.427083212 0.914399982 0.0139514141 -0.117390618 380.777405 0 -6.1566782 0 200
0.429645627 0.914399982 0.0136665334 -0.112743832 379.701691 0 -6.1566782 0 200
0.432207861 0.914399982 0.0133800351 -0.108072311 378.596344 0 -6.1566782 0 200
0.434769915 0.914399982 0.0130919408 -0.103375748 377.486542 0 -6.1566782 0 200
0.437331782 0.914399982 0.0128021761 -0.0986525342 376.375305 0 -6.1566782 0 200
0.439893474 0.914399982 0.0125108748 -0.0939014629 375.247742 0 -6.1566782 0 200
0.442454967 0.914399982 0.0122178211 -0.0891196877 374.14328 0 -6.1566782 0 200
0.445016278 0.914399982 0.0119231912 -0.0843075216 373.016479 0 -6.1566782 0 200
0.447577404 0.914399982 0.011626955 -0.0794655979 371.879272 0 -6.1566782 0 200
0.45013833 0.914399982 0.0113289909 -0.0745899379 370.74408 0 -6.1566782 0 200
0.452699069 0.914399982 0.0110294258 -0.0696814433 369.599945 0 -6.1566782 0 200
0.455259619 0.914399982 0.0107282484 -0.0647404566 368.44989 0 -6.1566782 0 200
0.457819962 0.914399982 0.0104253199 -0.0597622879 367.288208 0 -6.1566782 0 200
0.460380109 0.914399982 0.0101207367 -0.0547468439 366.120605 0 -6.1566782 0 200
0.462940061 0.914399982 0.00981451781 -0.0496965162 364.937622 0 -6.1566782 0 200
0.46549981 0.914399982 0.00950660895 -0.0446098819 363.749512 0 -6.1566782 0 200
0.468059357 0.914399982 0.00919701723 -0.0394845717 362.545746 0 -6.1566782 0 200
0.47061869 0.914399982 0.0088856712 -0.0343193039 361.324432 0 -6.1566782 0 200
0.473177816 0.914399982 0.0085726292 -0.0291146226 360.097656 0 -6.1566782 0 200
0.475736732 0.914399982 0.00825786855 -0.0238714311 358.843384 0 -6.1566782 0 200
0.478295434 0.914399982 0.00794137496 -0.0185894743 357.586517 0 -6.1566782 0 200
0.480853921 0.914399982 0.00762314525 -0.0132690091 356.297516 0 -6.1566782 0 200
0.483412189 0.914399982 0.00730316753 -0.00791069772 354.973175 0 -6.1566782 0 200
0.485970238 0.914399982 0.00698143863 -0.00251404988 353.663544 0 -6.1566782 0 200
0.488528057 0.914399982 0.00665788786 0.0029217538 352.309174 0 -6.1566782 0 200
0.491085649 0.914399982 0.0063325434 0.0083950758 350.902069 0 -6.1566782 0 200
0.493643014 0.914399982 0.00600542351 0.0139035638 349.489014 0 -6.1566782 0 200
0.496200149 0.914399982 0.0056765146 0.0194470342 348.048248 0 -6.1566782 0 200
0.498757039 0.914399982 0.00534570177 0.0250255559 346.557617 0 -6.1566782 0 200
0.501313699 0.914399982 0.00501311406 0.0306377728 345.025909 0 -6.1566782 0 200
0.503870103 0.914399982 0.00467856306 0.036282029 343.455688 0 -6.1566782 0 200
0.50642627 0.914399982 0.0043422108 0.0419565514 341.848541 0 -6.1566782 0 200
0.508982184 0.914399982 0.0040039379 0.0476564206 340.195526 0 -6.1566782 0 200
0.511537855 0.914399982 0.00366384071 0.0533822067 338.485504 0 -6.1566782 0 200
0.514093255 0.914399982 0.00332170415 0.0591276251 336.722748 0 -6.1566782 0 200
0.516648403 0.914399982 0.00297770244 0.0648976341 334.900421 0 -6.1566782 0 200
0.519203289 0.914399982 0.00263174854 0.0706677958 333.005585 0 -6.1566782 0 200
0.521757904 0.914399982 0.00228380711 0.0764626861 331.044464 0 -6.1566782 0 200
0.524312244 0.914399982 0.00193384576 0.082199201 329.01886 0 -6.1566782 0 200
0.526866315 0.914399982 0.00158192817 0.0878836438 326.904327 0 -6.1566782 0 200
0.52942009 0.914399982 0.00122787388 0.0925536826 324.687683 0 -6.1566782 0 200
0.531069981 0.914399982 0.000998093031 0.096215412 322.383484 0 -6.1566782 0 200
0.532101091 0.914399982 0.000853961954 0.0981456786 319.968262 0 -6.1566782 0 200
0.532745525 0.914399982 0.000763814193 0.0986770913 317.428864 0 -6.1566782 0 200
0.533148284 0.914399982 0.000707382481 0.0988193229 314.775299 0 -6.1566782 0 200
0.533400004 0.914399982 0.000672085901 0.0954329818 311.972778 0 -6.1566782 0 200
0.533400001 0.914399982 0.000582474699 0.0881093964 308.99646 0 -6.1566782 0 200
0.533399997 0.914399982 0.000492863497 0.0923226997 305.853821 0 -6.1566782 0 200
0.533399993 0.914399982 0.000403252296 0.0921963081 302.54364 0 -6.1566782 0 200
0.533399989 0.914399982 0.000313641094 0.0932006389 299.006134 0 -6.1566782 0 200
0.533399987 0.914399982 0.000224029892 0.0939021185 295.211853 0 -6.1566782 0 200
0.533399989 0.914399982 0.000134418691 0.0946045071 291.148712 0 -6.1566782 0 200
0.53339999 0.914399982 4.48074889e-05 0.0950235948 286.749664 0 -6.1566782 0 200
0.533399991 0.914399982 -4.48037127e-05 0.0951114669 282.307861 0 -6.1566782 0 200
0.533399993 0.914399982 -0.000134414914 0.0948637202 278.78006 0 -6.1566782 0 200
0.533399994 0.914399982 -0.000224026116 0.0941695869 276.576569 0 -6.1566782 0 200
0.533399998 0.914399982 -0.000313637317 0.0935161412 276.355347 0 -6.1566782 0 200
0.533400005 0.914399982 -0.000403248519 0.0919943675 279.042664 0 -6.1566782 0 200
0.533400012 0.914399982 -0.00049285972 0.0926277936 300.263245 0 -6.1566782 0 200
0.533400018 0.914399982 -0.00058247092 0.0851805359 284.744354 0 -6.1566782 0 200

ZONE T="SLICE_Y_0p9144_BINS03_KS_0p5mm_CUTDATA_VAR_DENSITY"
0.533400018 0.914399982 -0.00058247092 0.0851805359 159.29364 0 -6.1566782 0 200
0.533400004 0.914399982 -0.000672082119 0.0976350829 166.488892 0 -6.1566782 0 200
0.533148466 0.914399982 -0.000707354403 0.101727836 182.114731 0 -6.1566782 0 200
0.532745998 0.914399982 -0.000763745625 0.100308456 192.161499 0 -6.1566782 0 200
0.53210203 0.914399982 -0.000853827126 0.0995936692 202.093292 0 -6.1566782 0 200
0.531071666 0.914399982 -0.00099785339 0.0970543772 204.624695 0 -6.1566782 0 200
0.529422969 0.914399982 -0.00122746797 0.0928454548 200.697083 0 -6.1566782 0 200
0.526873095 0.914399982 -0.00158098831 0.0877554417 196.081985 0 -6.1566782 0 200
0.524322926 0.914399982 -0.00193237185 0.081875734 190.530579 0 -6.1566782 0 200
0.521772489 0.914399982 -0.0022818114 0.0762818605 179.239304 0 -6.1566782 0 200
0.519221778 0.914399982 -0.00262923523 0.070899941 162.352798 0 -6.1566782 0 200
0.516670797 0.914399982 -0.0029746773 0.0657896027 141.622345 0 -6.1566782 0 200
0.514119553 0.914399982 -0.00331817313 0.0608872622 114.719322 0 -6.1566782 0 200
0.511568058 0.914399982 -0.00365979377 0.056194935 131.556335 0 -6.1566782 0 200
0.509016294 0.914399982 -0.00399940552 0.0516900122 131.556335 0 -6.1566782 0 200
0.506464287 0.914399982 -0.00433718384 0.0473621301 211.241638 0 -6.1566782 0 200
0.50391203 0.914399982 -0.00467306469 0.043197304 198.602524 0 -6.1566782 0 200
0.501359535 0.914399982 -0.00500713669 0.0391902924 168.783386 0 -6.1566782 0 200
0.498806784 0.914399982 -0.00533924521 0.0353310816 159.668167 0 -6.1566782 0 200
0.496253803 0.914399982 -0.00566957616 0.0316068158 157.803879 0 -6.1566782 0 200
0.49370058 0.914399982 -0.00599804175 0.0280087087 159.363342 0 -6.1566782 0 200
0.491147126 0.914399982 -0.00632469778 0.024528088 163.176147 0 -6.1566782 0 200
0.488593446 0.914399982 -0.00664958131 0.0211564302 168.556183 0 -6.1566782 0 200
0.48603954 0.914399982 -0.00697269046 0.017889604 174.333908 0 -6.1566782 0 200
0.483485406 0.914399982 -0.00729398822 0.0147234434 180.034195 0 -6.1566782 0 200
0.480931051 0.914399982 -0.00761352572 0.0116503704 185.592682 0 -6.1566782 0 200
0.478376479 0.914399982 -0.00793132724 0.0086638229 190.990646 0 -6.1566782 0 200
0.475821692 0.914399982 -0.00824739351 0.00575977471 196.21463 0 -6.1566782 0 200
0.473266692 0.914399982 -0.00856172802 0.00293383794 201.277557 0 -6.1566782 0 200
0.470711482 0.914399982 -0.00887435928 0.000182269228 206.183243 0 -6.1566782 0 200
0.468156063 0.914399982 -0.00918526844 -0.00249689305 210.943756 0 -6.1566782 0 200
0.465600434 0.914399982 -0.00949445508 -0.00510709127 215.55835 0 -6.1566782 0 200
0.463044603 0.914399982 -0.00980196434 -0.00765360054 220.042557 0 -6.1566782 0 200
0.460488571 0.914399982 -0.0101077948 -0.0101419175 224.389984 0 -6.1566782 0 200
0.457932344 0.914399982 -0.0104119964 -0.0125734964 228.615875 0 -6.1566782 0 200
0.455375917 0.914399982 -0.0107145051 -0.0149451979 232.724121 0 -6.1566782 0 200
0.452819289 0.914399982 -0.0110153132 -0.0172610115 236.703232 0 -6.1566782 0 200
0.450262471 0.914399982 -0.0113145094 -0.0195301939 240.592133 0 -6.1566782 0 200
0.447705468 0.914399982 -0.0116121166 -0.0217508338 244.389313 0 -6.1566782 0 200
0.44514826 0.914399982 -0.01190795 -0.0239229053 248.069778 0 -6.1566782 0 200
0.442590872 0.914399982 -0.0122022341 -0.0260545406 251.649704 0 -6.1566782 0 200
0.440033299 0.914399982 -0.0124948975 -0.0281458199 255.139572 0 -6.1566782 0 200
0.437475532 0.914399982 -0.0127858649 -0.0301975459 258.546783 0 -6.1566782 0 200
0.434917592 0.914399982 -0.0130753062 -0.0322116129 261.867188 0 -6.1566782 0 200
0.432359457 0.914399982 -0.01336302 -0.0341891237 265.104126 0 -6.1566782 0 200
0.42980115 0.914399982 -0.0136492021 -0.0361332335 268.273315 0 -6.1566782 0 200
0.427242658 0.914399982 -0.013933718 -0.0380446725 271.374023 0 -6.1566782 0 200
0.424683989 0.914399982 -0.0142166417 -0.039924778 274.40509 0 -6.1566782 0 200
0.422125141 0.914399982 -0.0144979481 -0.0417749994 277.354034 0 -6.1566782 0 200
0.419566117 0.914399982 -0.0147776435 -0.0435963757 280.235962 0 -6.1566782 0 200
0.417006917 0.914399982 -0.0150557235 -0.0453902334 283.087006 0 -6.1566782 0 200
0.414447544 0.914399982 -0.0153322065 -0.0471574478 285.869171 0 -6.1566782 0 200
0.411887994 0.914399982 -0.0156070442 -0.0488989502 288.575439 0 -6.1566782 0 200
0.409328275 0.914399982 -0.0158803148 -0.0506157801 291.258789 0 -6.1566782 0 200
0.406768377 0.914399982 -0.0161518946 -0.0523120053 293.883057 0 -6.1566782 0 200
0.404208323 0.914399982 -0.0164219968 -0.0539847016 296.443726 0 -6.1566782 0 200
0.401648078 0.914399982 -0.0166902858 -0.0556321479 298.984924 0 -6.1566782 0 200
0.399087677 0.914399982 -0.0169570843 -0.0572591163 301.476929 0 -6.1566782 0 200
0.396527101 0.914399982 -0.0172221887 -0.0588659421 303.905396 0 -6.1566782 0 200
0.393966355 0.914399982 -0.0174856599 -0.0604568347 306.29361 0 -6.1566782 0 200
0.391405453 0.914399982 -0.0177475985 -0.0620275512 308.66391 0 -6.1566782 0 200
0.388844364 0.914399982 -0.0180077128 -0.0635758638 311.003632 0 -6.1566782 0 200
0.386283121 0.914399982 -0.0182662943 -0.0651096925 313.304138 0 -6.1566782 0 200
0.383721709 0.914399982 -0.0185232101 -0.0666262656 315.579651 0 -6.1566782 0 200
0.381160124 0.914399982 -0.0187783802 -0.068126522 317.821747 0 -6.1566782 0 200
0.378598383 0.914399982 -0.0190319891 -0.0696132034 320.034363 0 -6.1566782 0 200
0.376036469 0.914399982 -0.01928384 -0.0710813701 322.218719 0 -6.1566782 0 200
0.373474386 0.914399982 -0.0195339749 -0.0725364983 324.386963 0 -6.1566782 0 200
0.370912148 0.914399982 -0.0197825124 -0.0739805102 326.520325 0 -6.1566782 0 200
0.368349737 0.914399982 -0.0200292581 -0.0754052848 328.627197 0 -6.1566782 0 200
0.365787158 0.914399982 -0.020274252 -0.0768171847 330.723328 0 -6.1566782 0 200
0.363224424 0.914399982 -0.0205176118 -0.0782223493 332.778503 0 -6.1566782 0 200
0.360661519 0.914399982 -0.0207591794 -0.0796108842 334.835571 0 -6.1566782 0 200
0.358098443 0.914399982 -0.020998914 -0.0809851363 336.861969 0 -6.1566782 0 200
0.35553521 0.914399982 -0.0212369703 -0.0823578387 338.859375 0 -6.1566782 0 200
0.352971818 0.914399982 -0.021473304 -0.0837220475 340.857605 0 -6.1566782 0 200
0.35040825 0.914399982 -0.0217077242 -0.0850675926 342.811798 0 -6.1566782 0 200
0.347844519 0.914399982 -0.0219403511 -0.0863994136 344.778259 0 -6.1566782 0 200
0.345280622 0.914399982 -0.022171153 -0.0877217278 346.720398 0 -6.1566782 0 200
0.342716559 0.914399982 -0.0224000883 -0.0890342295 348.607513 0 -6.1566782 0 200
0.340152332 0.914399982 -0.0226271915 -0.0903362185 350.543671 0 -6.1566782 0 200
0.337587935 0.914399982 -0.0228523647 -0.0916284993 352.443054 0 -6.1566782 0 200
0.335023377 0.914399982 -0.0230756951 -0.0929109156 354.275665 0 -6.1566782 0 200
0.332458647 0.914399982 -0.0232970391 -0.094183147 356.168549 0 -6.1566782 0 200
0.329893756 0.914399982 -0.0235165074 -0.0954456553 358.028137 0 -6.1566782 0 200
0.327328693 0.914399982 -0.0237339581 -0.0966988057 359.818024 0 -6.1566782 0 200
0.324763467 0.914399982 -0.0239494825 -0.0979426652 361.666321 0 -6.1566782 0 200
0.32219807 0.914399982 -0.0241629526 -0.0991769582 363.500244 0 -6.1566782 0 200
0.319632509 0.914399982 -0.0243744464 -0.10040202 365.267578 0 -6.1566782 0 200
0.317066776 0.914399982 -0.0245838475 -0.101617828 367.046875 0 -6.1566782 0 200
0.314500879 0.914399982 -0.0247912231 -0.102824286 368.834229 0 -6.1566782 0 200
0.311934809 0.914399982 -0.0249964552 -0.104021572 370.608612 0 -6.1566782 0 200
0.309368575 0.914399982 -0.0251996226 -0.105209157 372.367157 0 -6.1566782 0 200
0.306802167 0.914399982 -0.0254005786 -0.106386885 374.117737 0 -6.1566782 0 200
0.304235595 0.914399982 -0.0255994314 -0.107554257 375.861206 0 -6.1566782 0 200
0.301668847 0.914399982 -0.0257960025 -0.108711556 377.599335 0 -6.1566782 0 200
0.299101936 0.914399982 -0.0259904291 -0.109858491 379.332703 0 -6.1566782 0 200
0.296534849 0.914399982 -0.0261825112 -0.110994421 381.059479 0 -6.1566782 0 200
0.293967597 0.914399982 -0.026372379 -0.112119935 382.783844 0 -6.1566782 0 200
0.29140017 0.914399982 -0.0265598687 -0.113234833 384.504883 0 -6.1566782 0 200
0.288832576 0.914399982 -0.0267450536 -0.114339255 386.223236 0 -6.1566782 0 200
0.286264808 0.914399982 -0.0269278228 -0.115432955 387.939453 0 -6.1566782 0 200
0.283696871 0.914399982 -0.027108193 -0.116516419 389.653473 0 -6.1566782 0 200
0.281128764 0.914399982 -0.0272861165 -0.117589325 391.366272 0 -6.1566782 0 200
0.278560484 0.914399982 -0.0274615405 -0.118651673 393.082153 0 -6.1566782 0 200
0.275992036 0.914399982 -0.0276344787 -0.119701989 394.800079 0 -6.1566782 0 200
0.273423413 0.914399982 -0.0278048054 -0.120739847 396.525513 0 -6.1566782 0 200
0.270854625 0.914399982 -0.0279726101 -0.121763453 398.258484 0 -6.1566782 0 200
0.268285659 0.914399982 -0.0281376881 -0.122772194 400.000671 0 -6.1566782 0 200
0.26571653 0.914399982 -0.028300188 -0.123765901 401.752777 0 -6.1566782 0 200
0.263147224 0.914399982 -0.028459889 -0.124742694 403.517792 0 -6.1566782 0 200
0.260577754 0.914399982 -0.0286169049 -0.125702202 405.294281 0 -6.1566782 0 200
0.258008111 0.914399982 -0.028771076 -0.126644716 407.08548 0 -6.1566782 0 200
0.255438301 0.914399982 -0.028922435 -0.127572402 408.891846 0 -6.1566782 0 200
0.252868322 0.914399982 -0.0290709003 -0.12848489 410.716125 0 -6.1566782 0 200
0.250298175 0.914399982 -0.0292164224 -0.12938194 412.559784 0 -6.1566782 0 200
0.247727863 0.914399982 -0.0293590095 -0.130262494 414.425812 0 -6.1566782 0 200
0.245157382 0.914399982 -0.0294985138 -0.131125644 416.310455 0 -6.1566782 0 200
0.24258674 0.914399982 -0.0296350232 -0.13196975 418.214966 0 -6.1566782 0 200
0.240015929 0.914399982 -0.0297683111 -0.132794246 420.149445 0 -6.1566782 0 200
0.237444962 0.914399982 -0.0298985357 -0.133596852 422.105042 0 -6.1566782 0 200
0.234873826 0.914399982 -0.0300254017 -0.134376153 424.090515 0 -6.1566782 0 200
0.232302536 0.914399982 -0.0301491055 -0.135133445 426.100616 0 -6.1566782 0 200
0.229731084 0.914399982 -0.0302693739 -0.135868281 428.137329 0 -6.1566782 0 200
0.227159479 0.914399982 -0.0303863483 -0.136578694 430.198059 0 -6.1566782 0 200
0.224587715 0.914399982 -0.0304997754 -0.13726303 432.28421 0 -6.1566782 0 200
0.222015803 0.914399982 -0.0306097783 -0.137920663 434.393524 0 -6.1566782 0 200
0.219443737 0.914399982 -0.0307161302 -0.138550386 436.525848 0 -6.1566782 0 200
0.216871527 0.914399982 -0.0308189225 -0.139152303 438.700897 0 -6.1566782 0 200
0.214299169 0.914399982 -0.0309179571 -0.139726102 440.89975 0 -6.1566782 0 200
0.211726672 0.914399982 -0.0310133087 -0.14026916 443.09845 0 -6.1566782 0 200
0.209154032 0.914399982 -0.0311047418 -0.140779808 445.310242 0 -6.1566782 0 200
0.206581261 0.914399982 -0.0311923774 -0.141256273 447.5383 0 -6.1566782 0 200
0.204008353 0.914399982 -0.0312759312 -0.141697884 449.767761 0 -6.1566782 0 200
0.201435322 0.914399982 -0.0313555734 -0.142103031 452.0047 0 -6.1566782 0 200
0.198862163 0.914399982 -0.0314309729 -0.142470509 454.250793 0 -6.1566782 0 200
0.196288888 0.914399982 -0.0315023188 -0.142798409 456.510498 0 -6.1566782 0 200
0.193715495 0.914399982 -0.0315692775 -0.143083453 458.786194 0 -6.1566782 0 200
0.191141995 0.914399982 -0.0316319752 -0.143326238 461.072632 0 -6.1566782 0 200
0.18856839 0.914399982 -0.0316902003 -0.143524826 463.368896 0 -6.1566782 0 200
0.185994687 0.914399982 -0.0317439251 -0.143678993 465.674164 0 -6.1566782 0 200
0.183420893 0.914399982 -0.0317931001 -0.143784299 467.988586 0 -6.1566782 0 200
0.180847013 0.914399982 -0.0318375119 -0.143839553 470.306061 0 -6.1566782 0 200
0.178273056 0.914399982 -0.0318772494 -0.14384082 472.634705 0 -6.1566782 0 200
0.175699027 0.914399982 -0.0319120219 -0.14378202 474.968842 0 -6.1566782 0 200
0.173124936 0.914399982 -0.0319418619 -0.143668249 477.314362 0 -6.1566782 0 200
0.170550793 0.914399982 -0.0319667045 -0.143490955 479.670502 0 -6.1566782 0 200
0.167976603 0.914399982 -0.0319862563 -0.143243432 482.043549 0 -6.1566782 0 200
0.16540238 0.914399982 -0.0320006355 -0.142932385 484.434326 0 -6.1566782 0 200
0.162828132 0.914399982 -0.0320096607 -0.14254725 486.832062 0 -6.1566782 0 200
0.160253871 0.914399982 -0.032013087 -0.142083094 489.273895 0 -6.1566782 0 200
0.157679608 0.914399982 -0.0320109843 -0.141550645 491.738525 0 -6.1566782 0 200
0.155105356 0.914399982 -0.032003214 -0.140939176 494.240723 0 -6.1566782 0 200
0.152531129 0.914399982 -0.0319894713 -0.14023757 496.779816 0 -6.1566782 0 200
0.14995694 0.914399982 -0.0319698313 -0.139457822 499.368164 0 -6.1566782 0 200
0.147382805 0.914399982 -0.0319441416 -0.138600335 502.003998 0 -6.1566782 0 200
0.144808739 0.914399982 -0.0319122149 -0.137644216 504.664856 0 -6.1566782 0 200
0.142234762 0.914399982 -0.0318738137 -0.136583626 507.433868 0 -6.1566782 0 200
0.13966089 0.914399982 -0.0318289475 -0.135432556 510.249237 0 -6.1566782 0 200
0.137087141 0.914399982 -0.0317774731 -0.134192109 513.118713 0 -6.1566782 0 200
0.134513537 0.914399982 -0.0317192024 -0.132845268 516.107666 0 -6.1566782 0 200
0.1319401 0.914399982 -0.0316539416 -0.131367624 519.13501 0 -6.1566782 0 200
0.129366857 0.914399982 -0.0315814568 -0.129746109 522.249878 0 -6.1566782 0 200
0.126793831 0.914399982 -0.0315016702 -0.127985537 525.481995 0 -6.1566782 0 200
0.124221046 0.914399982 -0.0314144146 -0.126090169 528.739441 0 -6.1566782 0 200
0.121648533 0.914399982 -0.0313195134 -0.124051385 532.071289 0 -6.1566782 0 200
0.119076322 0.914399982 -0.0312167385 -0.121853665 535.534912 0 -6.1566782 0 200
0.116504447 0.914399982 -0.0311058819 -0.119484954 539.036011 0 -6.1566782 0 200
0.113932942 0.914399982 -0.0309867291 -0.116941541 542.575684 0 -6.1566782 0 200
0.11133913 0.914399982 -0.0308579003 -0.114316478 546.235046 0 -6.1566782 0 200
0.108869255 0.914399982 -0.0307269729 -0.111582033 549.972351 0 -6.1566782 0 200
0.106517412 0.914399982 -0.0305946177 -0.108799443 553.743774 0 -6.1566782 0 200
0.104277979 0.914399982 -0.0304613467 -0.105980903 557.574036 0 -6.1566782 0 200
0.102145596 0.914399982 -0.0303277099 -0.103149988 561.477112 0 -6.1566782 0 200
0.100115146 0.914399982 -0.030194359 -0.100315452 565.442993 0 -6.1566782 0 200
0.0981817748 0.914399982 -0.0300615229 -0.0974711329 569.454224 0 -6.1566782 0 200
0.0963408429 0.914399982 -0.0299296901 -0.094632782 573.508179 0 -6.1566782 0 200
0.0945879312 0.914399982 -0.0297992494 -0.0918169245 577.604126 0 -6.1566782 0 200
0.0929188367 0.914399982 -0.0296704632 -0.0890152901 581.733582 0 -6.1566782 0 200
0.0913295575 0.914399982 -0.0295435479 -0.086220935 585.901062 0 -6.1566782 0 200
0.0898162795 0.914399982 -0.0294187181 -0.0834191814 590.107849 0 -6.1566782 0 200
0.0883753581 0.914399982 -0.0292963007 -0.0805219188 594.340271 0 -6.1566782 0 200
0.0869347508 0.914399982 -0.0291702047 -0.0776270926 598.684509 0 -6.1566782 0 200
0.0854944718 0.914399982 -0.0290404139 -0.0746788606 603.20343 0 -6.1566782 0 200
0.0840545311 0.914399982 -0.0289069213 -0.0716286451 607.922607 0 -6.1566782 0 200
0.0826149498 0.914399982 -0.0287696071 -0.068483226 612.59314 0 -6.1566782 0 200
0.0811757428 0.914399982 -0.0286284242 -0.0652168244 617.088013 0 -6.1566782 0 200
0.079736934 0.914399982 -0.0284832398 -0.0618236363 621.410645 0 -6.1566782 0 200
0.0782985409 0.914399982 -0.028333993 -0.0582964458 625.658142 0 -6.1566782 0 200
0.0768605839 0.914399982 -0.0281806008 -0.0546344593 629.821411 0 -6.1566782 0 200
0.0754230847 0.914399982 -0.0280229761 -0.0508333705 633.908447 0 -6.1566782 0 200
0.0739860657 0.914399982 -0.0278610326 -0.0468905121 637.930359 0 -6.1566782 0 200
0.07254955 0.914399982 -0.0276946831 -0.0428022891 641.881592 0 -6.1566782 0 200
0.0711135632 0.914399982 -0.0275238279 -0.0385626145 645.783997 0 -6.1566782 0 200
0.069678133 0.914399982 -0.0273483587 -0.0341630206 649.612122 0 -6.1566782 0 200
0.0682432886 0.914399982 -0.0271681618 -0.0295937546 653.878845 0 -6.1566782 0 200
0.0668090617 0.914399982 -0.0269831137 -0.0248441733 657.909424 0 -6.1566782 0 200
0.0653754852 0.914399982 -0.0267930934 -0.0199010633 661.334595 0 -6.1566782 0 200
0.0639425964 0.914399982 -0.026597955 -0.014752985 664.872498 0 -6.1566782 0 200
0.06251043 0.914399982 -0.0263975827 -0.00940123014 668.487366 0 -6.1566782 0 200
0.0610790202 0.914399982 -0.0261918761 -0.00385299139 672.120605 0 -6.1566782 0 200
0.0596484052 0.914399982 -0.0259807118 0.00190612057 675.836609 0 -6.1566782 0 200
0.0582186391 0.914399982 -0.025763875 0.00790207181 679.630859 0 -6.1566782 0 200
0.0567897668 0.914399982 -0.0255412243 0.0141532188 683.47937 0 -6.1566782 0 200
0.0553618424 0.914399982 -0.0253125729 0.0206772275 687.380066 0 -6.1566782 0 200
0.0539349246 0.914399982 -0.0250777222 0.0274835993 691.341736 0 -6.1566782 0 200
0.0525090615 0.914399982 -0.0248365501 0.0345833749 695.3703 0 -6.1566782 0 200
0.0510843283 0.914399982 -0.0245887908 0.0419799723 699.472473 0 -6.1566782 0 200
0.0496607734 0.914399982 -0.0243343484 0.0496750884 703.655029 0 -6.1566782 0 200
0.0482384817 0.914399982 -0.0240729377 0.0577034838 707.956909 0 -6.1566782 0 200
0.0468175398 0.914399982 -0.0238042859 0.0661307648 712.409607 0 -6.1566782 0 200
0.0453980457 0.914399982 -0.023528087 0.0750063881 716.990173 0 -6.1566782 0 200
0.0439800856 0.914399982 -0.0232441178 0.0843428746 721.67511 0 -6.1566782 0 200
0.0425637587 0.914399982 -0.0229521117 0.0941392183 726.474121 0 -6.1566782 0 200
0.0411491691 0.914399982 -0.0226518022 0.104418337 731.394836 0 -6.1566782 0 200
0.0397364416 0.914399982 -0.022342852 0.11517895 736.450439 0 -6.1566782 0 200
0.0383257175 0.914399982 -0.0220248787 0.12647444 741.642517 0 -6.1566782 0 200
0.0369171746 0.914399982 -0.0216973784 0.138407424 746.983032 0 -6.1566782 0 200
0.0355109695 0.914399982 -0.0213599822 0.151005566 752.479797 0 -6.1566782 0 200
0.0341072749 0.914399982 -0.0210122889 0.164274797 758.195435 0 -6.1566782 0 200
0.0327062875 0.914399982 -0.0206538428 0.178219154 764.134705 0 -6.1566782 0 200
0.0313082232 0.914399982 -0.02028416 0.192886963 770.217651 0 -6.1566782 0 200
0.0299133791 0.914399982 -0.0199025065 0.208427235 776.448608 0 -6.1566782 0 200
0.0285220582 0.914399982 -0.0195082032 0.225063771 782.790527 0 -6.1566782 0 200
0.0271345876 0.914399982 -0.0191005583 0.242934063 789.174255 0 -6.1566782 0 200
0.0257513186 0.914399982 -0.0186788765 0.262080073 795.637207 0 -6.1566782 0 200
0.0243726298 0.914399982 -0.0182424523 0.282388866 802.227112 0 -6.1566782 0 200
0.0229990677 0.914399982 -0.0177901514 0.303927034 808.858093 0 -6.1566782 0 200
0.0216312253 0.914399982 -0.0173208367 0.327003837 815.443298 0 -6.1566782 0 200
0.0202698272 0.914399982 -0.0168331443 0.351858526 821.958618 0 -6.1566782 0 200
0.0189155406 0.914399982 -0.0163260384 0.378728718 828.360107 0 -6.1566782 0 200
0.0175692503 0.914399982 -0.0157980695 0.407844275 834.6651 0 -6.1566782 0 200
0.0162321003 0.914399982 -0.015247362 0.439194947 841.086121 0 -6.1566782 0 200
0.0149055813 0.914399982 -0.0146715184 0.473209292 847.832825 0 -6.1566782 0 200
0.0135911841 0.914399982 -0.0140685188 0.510370672 854.955078 0 -6.1566782 0 200
0.0122907103 0.914399982 -0.0134360502 0.550636768 862.448975 0 -6.1566782 0 200
0.0110067088 0.914399982 -0.0127707766 0.594438612 870.266113 0 -6.1566782 0 200
0.00974255726 0.914399982 -0.0120685174 0.642502248 878.533447 0 -6.1566782 0 200
0.00850202803 0.914399982 -0.0113253253 0.694690883 887.549377 0 -6.1566782 0 200
0.00728978378 0.914399982 -0.0105368381 0.74956727 897.303955 0 -6.1566782 0 200
0.00616084497 0.914399982 -0.00973202403 0.806093931 907.518188 0 -6.1566782 0 200
0.00514277206 0.914399982 -0.00893097999 0.861694932 917.748047 0 -6.1566782 0 200
0.00422996971 0.914399982 -0.00813515341 0.91274482 928.047546 0 -6.1566782 0 200
0.00343643316 0.914399982 -0.00736356438 0.95716691 939.20166 0 -6.1566782 0 200
0.00274285069 0.914399982 -0.00660441773 0.99172616 951.969604 0 -6.1566782 0 200
0.00213648818 0.914399982 -0.00585018865 1.01382887 966.305603 0.0095283296 -5.98296833 1 203.241196
0.00161211138 0.914399982 -0.00510044783 1.01918399 981.624634 0.0220319182 -5.76959991 1 218.90271
0.00116988774 0.914399982 -0.00436125254 1.00353742 997.808411 0.0329633281 -5.58763218 1 233.139328
0.000805392804 0.914399982 -0.00363199488 0.965571105 1016.26526 0.0423211828 -5.44179296 1 248.81192
0.00051469137 0.914399982 -0.00291212333 0.901899815 1038.29675 0.0505232736 -5.32219028 1 265.17276
0.000289792079 0.914399982 -0.00218676897 0.809772134 1063.39807 0.059141323 -5.20325422 1 284.589783
0.000128627554 0.914399982 -0.00145413345 0.688818097 1091.95911 0.0679974928 -5.08913565 1 303.906189
3.20963786e-05 0.914399982 -0.000722702615 0.541091204 1125.7041 0.077195622 -4.98133087 1 334.176544
-8.18412707e-09 0.914399982 -7.8016762e-10 0.370386362 1162.35632 0.0871530697 -4.87120247 1 248.779892
3.17941236e-05 0.914399982 0.000719176834 0.183721438 1199.8573 0.115780495 -4.49870825 1 237.674728
0.000127329866 0.914399982 0.00144672079 -0.0122778863 1237.99536 0.160974562 -3.93002558 1 285.592407
0.000287011983 0.914399982 0.00217624136 -0.213941172 1276.44324 0.206980214 -3.37840271 1 333.411163
0.000509847083 0.914399982 0.00289847388 -0.41326043 1315.35681 0.254203618 -2.84746242 1 404.73999
0.000798755786 0.914399982 0.00361739139 -0.599825561 1350.93884 0.300655454 -2.34589863 1 480.885315
0.00116083968 0.914399982 0.00434485961 -0.766869605 1380.99121 0.347186297 -1.85329735 1 558.77832
0.00159974379 0.914399982 0.00508132568 -0.913470626 1405.69043 0.392868251 -1.37580264 1 626.371948
0.00211753308 0.914399982 0.00582495707 -1.03877223 1419.70361 0.438084751 -0.883330047 1 662.783813
0.00271975272 0.914399982 0.00657746412 -1.14257145 1420.09509 0.485758543 -0.311753094 1 680.738892
0.00340675316 0.914399982 0.00733289967 -1.22541726 1405.38147 0.538447797 0 0.982803285 735.716492
0.00419414951 0.914399982 0.00810221109 -1.2869488 1365.41272 0.586508632 0 0.888518393 783.827576
0.00509625241 0.914399982 0.00889228885 -1.33084357 1300.37708 0.62788409 0 0.617714107 836.036621
0.00610047406 0.914399982 0.00968659439 -1.36177146 1223.28967 0.662468791 0 0.481015086 858.228699
0.00721725929 0.914399982 0.0104873709 -1.37897635 1130.65601 0.690188468 0 0.400913328 869.438354
0.00842161236 0.914399982 0.0112750257 -1.38527989 1012.22284 0.709597528 0 0.349815071 875.917419
0.00965428513 0.914399982 0.0120175784 -1.38472068 878.01947 0.71969372 0 0.315346152 880.071655
0.0109107177 0.914399982 0.0127191791 -1.37896323 743.485535 0.721423686 0 0.293544024 882.649048
0.0121870365 0.914399982 0.0133839173 -1.36971807 616.366089 0.715751588 0 0.285584956 883.585449
0.0134799311 0.914399982 0.0140158115 -1.35767734 504.937744 0.703619182 0 0.299524844 881.952576
0.0147867318 0.914399982 0.0146184215 -1.34445155 405.328522 0.686115026 0 0.348096579 876.255737
0.016105753 0.914399982 0.0151937912 -1.33085537 337.102966 0.664144695 0 0.445994377 864.730774
0.0174353865 0.914399982 0.0157441928 -1.31662154 349.16568 0.638614953 0 0.424635231 867.030884
0.0187742445 0.914399982 0.0162717597 -1.30189824 385.680664 0.61019665 0 0.326702744 878.121094
0.0201210962 0.914399982 0.0167785712 -1.28723204 403.822266 0.579482973 0 0.277818263 883.055786
0.0214751029 0.914399982 0.0172659452 -1.27292657 431.141541 0.547442079 0 0.259418249 883.595764
0.022835535 0.914399982 0.0177350849 -1.25894916 465.320038 0.514726579 0 0.256950587 880.834839
0.0242017369 0.914399982 0.0181871468 -1.2452054 503.401459 0.481533438 0 0.264937192 874.571899
0.0255730686 0.914399982 0.0186234001 -1.2317332 540.036072 0.448783875 0 0.280263066 864.284973
0.0269490089 0.914399982 0.0190448927 -1.21863818 570.325073 0.417984784 0 0.296912372 850.722168
0.0283291553 0.914399982 0.0194524012 -1.20589101 594.802734 0.389664173 0 0.317556858 833.567566
0.0297131607 0.914399982 0.0198466051 -1.19342601 613.904846 0.363665879 0 0.348111093 811.076233
0.0311006962 0.914399982 0.020228198 -1.18120408 628.431091 0.340110779 0 0.392641336 781.299927
0.0324914619 0.914399982 0.020597845 -1.16923332 641.206177 0.318976909 0 0.460569978 739.995361
0.0338851739 0.914399982 0.0209562226 -1.15758479 651.710144 0.299801201 0 0.57027775 676.620239
0.0352815876 0.914399982 0.0213039246 -1.14630651 658.048401 0.282340914 0 0.768087149 571.153503
0.0366805184 0.914399982 0.0216413566 -1.13535559 661.252136 0.268268406 0 0.956636548 470.755188
0.0380818015 0.914399982 0.0219688835 -1.12466753 663.767334 0.255478293 0 0.993496656 439.505524
0.0394852649 0.914399982 0.0222869376 -1.11424136 666.502563 0.243518174 0 0.998834968 419.716614
0.0408907416 0.914399982 0.0225959739 -1.10410094 668.519165 0.2321264 -0.24078843 1 400.520294
0.0422980875 0.914399982 0.0228963829 -1.09426463 668.788635 0.221304327 -0.518705249 1 381.50528
0.0437071758 0.914399982 0.02318851 -1.08472013 667.53656 0.211081132 -0.76902467 1 363.2341
0.0451179004 0.914399982 0.0234726299 -1.07542515 665.403381 0.201376259 -1.00022686 1 345.895538
0.0465301623 0.914399982 0.0237490072 -1.06633961 662.759033 0.192029461 -1.22006166 1 330.109589
0.0479438761 0.914399982 0.0240178595 -1.0574261 660.089722 0.182895362 -1.43580866 1 314.94223
0.0493589461 0.914399982 0.0242794793 -1.04867458 657.7146 0.173938096 -1.65086997 1 301.875946
0.0507752826 0.914399982 0.0245341536 -1.04010928 655.880127 0.165124923 -1.86705124 1 289.378113
0.0521928037 0.914399982 0.0247821493 -1.03174126 654.467407 0.156561747 -2.08046889 1 278.002533
0.053611457 0.914399982 0.0250235848 -1.02354729 653.036865 0.148157969 -2.29062033 1 269.111328
0.0550311681 0.914399982 0.0252587197 -1.01551354 651.255554 0.139716268 -2.50039053 1 259.749268
0.0564518876 0.914399982 0.025487683 -1.00763333 649.031921 0.131406114 -2.705302 1 251.570847
0.0578735603 0.914399982 0.0257106511 -0.999890625 646.410034 0.123338528 -2.90352273 1 245.222839
0.0592961273 0.914399982 0.0259278406 -0.992282867 643.592224 0.115434617 -3.09751606 1 238.307571
0.0607195509 0.914399982 0.026139343 -0.984804869 640.782043 0.107753657 -3.28756213 1 232.922424
0.0621437714 0.914399982 0.026345411 -0.977464736 637.944214 0.100417659 -3.4695406 1 227.712967
0.063568751 0.914399982 0.0265461631 -0.970270753 635.047302 0.093344219 -3.64619303 1 223.817459
0.064994453 0.914399982 0.0267417178 -0.96320343 632.146484 0.0863030255 -3.82311344 1 220.275208
0.066420846 0.914399982 0.0269321681 -0.956240773 629.263794 0.0794226825 -3.99755192 1 217.621872
0.0678478935 0.914399982 0.0271176497 -0.949376464 626.438721 0.072581768 -4.17212772 1 215.000427
0.0692755612 0.914399982 0.0272982955 -0.942615807 623.754639 0.065371424 -4.35811567 1 212.891388
0.0707038184 0.914399982 0.0274742205 -0.935960233 621.269714 0.0631671324 -4.41341209 1 218.565811
0.0721326342 0.914399982 0.0276455485 -0.929407835 618.896179 0.0617914908 -4.44787169 1 232.244736
0.0735619812 0.914399982 0.0278123874 -0.922958612 616.555969 0.0603563264 -4.48364544 1 248.584412
0.0749918329 0.914399982 0.0279748443 -0.916609883 614.251221 0.0588461347 -4.52066422 1 258.068817
0.076422167 0.914399982 0.028132998 -0.910354674 611.970154 0.057232067 -4.55990124 1 257.825623
0.0778529609 0.914399982 0.0282869361 -0.904182076 609.717651 0.0554991812 -4.6025219 1 255.047745
0.0792841958 0.914399982 0.0284367182 -0.898081303 607.49823 0.0536176153 -4.64952469 1 251.44191
0.0807158493 0.914399982 0.0285824455 -0.892037868 605.332886 0.0515685342 -4.70155382 1 247.506958
0.0821479085 0.914399982 0.0287241284 -0.886063814 603.24585 0.0493328236 -4.75923252 1 243.34053
0.0835803295 0.914399982 0.0288621061 -0.880181015 601.197815 0.0468846522 -4.8232317 1 239.023819
0.085013118 0.914399982 0.028996215 -0.874403 599.150208 0.044216156 -4.89373112 1 234.642319
0.0864462491 0.914399982 0.029126612 -0.868688405 597.105713 0.0413211845 -4.97095203 1 230.273651
0.0878797114 0.914399982 0.0292533156 -0.863118947 595.066406 0.0381829664 -5.05541992 1 225.933212
0.0893124563 0.914399982 0.0293763726 -0.857576489 593.038391 0.034783192 -5.14771938 1 221.714096
0.0908171694 0.914399982 0.0295016658 -0.851876736 591.026672 0.0310136583 -5.25107431 1 217.63063
0.0923974449 0.914399982 0.029629238 -0.845899284 589.031799 0.0266170669 -5.37296581 1 213.196976
0.0940570855 0.914399982 0.0297587638 -0.839708209 587.054199 0.0214393046 -5.51862001 1 208.606064
0.0958000717 0.914399982 0.0298900254 -0.833282888 585.092773 0.0156407766 -5.68437576 1 204.500824
0.0976305922 0.914399982 0.0300226413 -0.826602221 583.148193 0.00988628436 -5.8524828 1 201.630692
0.0995530378 0.914399982 0.0301562624 -0.819669425 581.218994 0.00456037605 -6.01196432 1 200.27829
0.101572004 0.914399982 0.0302907139 -0.812499821 579.305481 0.000171903535 -6.15103292 1 200
0.103692349 0.914399982 0.0304252619 -0.805079043 577.410339 0 -6.1566782 0 200
0.105919135 0.914399982 0.0305597031 -0.797397673 575.543091 0 -6.1566782 0 200
0.108257701 0.914399982 0.0306933597 -0.78945291 573.702881 0 -6.1566782 0 200
0.110713646 0.914399982 0.0308255783 -0.781192482 571.884949 0 -6.1566782 0 200
0.113292837 0.914399982 0.0309558151 -0.772835791 570.103638 0 -6.1566782 0 200
0.115868178 0.914399982 0.0310772345 -0.76445055 567.803711 0 -6.1566782 0 200
0.118443899 0.914399982 0.0311902827 -0.756234527 565.392456 0 -6.1566782 0 200
0.121019967 0.914399982 0.0312951718 -0.748134553 563.442749 0 -6.1566782 0 200
0.123596345 0.914399982 0.0313921188 -0.740145087 561.50116 0 -6.1566782 0 200
0.126173003 0.914399982 0.0314813059 -0.732254803 559.546692 0 -6.1566782 0 200
0.128749911 0.914399982 0.0315629617 -0.724460125 557.498596 0 -6.1566782 0 200
0.131327042 0.914399982 0.0316372545 -0.716757655 555.327576 0 -6.1566782 0 200
0.13390437 0.914399982 0.0317043525 -0.709147274 553.056335 0 -6.1566782 0 200
0.136481871 0.914399982 0.0317644283 -0.701624453 550.662476 0 -6.1566782 0 200
0.139059525 0.914399982 0.031817584 -0.694181323 548.122925 0 -6.1566782 0 200
0.141637309 0.914399982 0.0318639853 -0.68681407 545.545898 0 -6.1566782 0 200
0.144215202 0.914399982 0.0319038691 -0.679547966 542.920654 0 -6.1566782 0 200
0.146793186 0.914399982 0.031937372 -0.672383368 540.213257 0 -6.1566782 0 200
0.149371244 0.914399982 0.0319645981 -0.665275812 537.594788 0 -6.1566782 0 200
0.15194936 0.914399982 0.0319855684 -0.658217311 534.996948 0 -6.1566782 0 200
0.154527518 0.914399982 0.0320005731 -0.651233613 532.400269 0 -6.1566782 0 200
0.157105703 0.914399982 0.032009777 -0.644335926 529.820679 0 -6.1566782 0 200
0.159683902 0.914399982 0.0320131373 -0.637504697 527.29364 0 -6.1566782 0 200
0.162262103 0.914399982 0.0320108359 -0.630732298 524.83252 0 -6.1566782 0 200
0.164840292 0.914399982 0.032003077 -0.624027669 522.441528 0 -6.1566782 0 200
0.16741846 0.914399982 0.0319898652 -0.617385507 520.131531 0 -6.1566782 0 200
0.169996595 0.914399982 0.0319712932 -0.610803962 517.92395 0 -6.1566782 0 200
0.172574688 0.914399982 0.0319476332 -0.604290783 515.824585 0 -6.1566782 0 200
0.175152728 0.914399982 0.0319187767 -0.597841024 513.792786 0 -6.1566782 0 200
0.177730707 0.914399982 0.0318849457 -0.591454148 511.773041 0 -6.1566782 0 200
0.180308619 0.914399982 0.0318462868 -0.585132122 509.784332 0 -6.1566782 0 200
0.182886452 0.914399982 0.0318026742 -0.578864098 507.864502 0 -6.1566782 0 200
0.185464202 0.914399982 0.0317544544 -0.572651505 505.956207 0 -6.1566782 0 200
0.188041861 0.914399982 0.0317015621 -0.566496849 503.992981 0 -6.1566782 0 200
0.190619423 0.914399982 0.0316441414 -0.560395479 502.025116 0 -6.1566782 0 200
0.193196883 0.914399982 0.031582296 -0.554347396 500.103394 0 -6.1566782 0 200
0.195774232 0.914399982 0.0315160055 -0.548351228 498.136383 0 -6.1566782 0 200
0.198351471 0.914399982 0.0314455328 -0.542406619 496.131714 0 -6.1566782 0 200
0.200928586 0.914399982 0.0313706944 -0.53651005 494.179657 0 -6.1566782 0 200
0.203505582 0.914399982 0.0312918604 -0.530662417 492.199188 0 -6.1566782 0 200
0.206082447 0.914399982 0.0312088442 -0.524863601 490.195404 0 -6.1566782 0 200
0.208659183 0.914399982 0.0311219381 -0.519110322 488.253418 0 -6.1566782 0 200
0.211235781 0.914399982 0.0310310196 -0.513401449 486.306366 0 -6.1566782 0 200
0.213812243 0.914399982 0.0309363212 -0.50773567 484.380463 0 -6.1566782 0 200
0.216388561 0.914399982 0.0308377791 -0.502112925 482.518097 0 -6.1566782 0 200
0.218964735 0.914399982 0.0307355713 -0.496531993 480.672943 0 -6.1566782 0 200
0.221540761 0.914399982 0.0306296625 -0.490992516 478.88089 0 -6.1566782 0 200
0.224116638 0.914399982 0.0305202144 -0.485493541 477.129181 0 -6.1566782 0 200
0.226692361 0.914399982 0.0304071745 -0.480033696 475.421082 0 -6.1566782 0 200
0.229267931 0.914399982 0.0302907237 -0.474612743 473.762482 0 -6.1566782 0 200
0.231843342 0.914399982 0.0301707915 -0.469230473 472.142517 0 -6.1566782 0 200
0.234418597 0.914399982 0.0300475797 -0.4638879 470.571808 0 -6.1566782 0 200
0.236993689 0.914399982 0.0299209855 -0.458585441 469.028625 0 -6.1566782 0 200
0.239568624 0.914399982 0.0297912424 -0.453321874 467.522949 0 -6.1566782 0 200
0.242143391 0.914399982 0.0296581954 -0.448089778 466.044006 0 -6.1566782 0 200
0.244717998 0.914399982 0.0295221146 -0.442882031 464.591125 0 -6.1566782 0 200
0.247292435 0.914399982 0.0293828288 -0.437699467 463.160156 0 -6.1566782 0 200
0.24986671 0.914399982 0.0292405987 -0.432545811 461.746857 0 -6.1566782 0 200
0.252440814 0.914399982 0.0290952986 -0.427421719 460.347443 0 -6.1566782 0 200
0.255014754 0.914399982 0.0289471127 -0.422326297 458.949707 0 -6.1566782 0 200
0.257588522 0.914399982 0.0287959881 -0.417261064 457.56131 0 -6.1566782 0 200
0.260162123 0.914399982 0.0286420252 -0.412224859 456.175598 0 -6.1566782 0 200
0.262735553 0.914399982 0.0284852469 -0.407217056 454.789978 0 -6.1566782 0 200
0.265308812 0.914399982 0.0283256815 -0.402237713 453.405334 0 -6.1566782 0 200
0.267881903 0.914399982 0.0281634281 -0.397287786 452.018555 0 -6.1566782 0 200
0.27045482 0.914399982 0.0279984376 -0.392367244 450.624969 0 -6.1566782 0 200
0.273027571 0.914399982 0.0278308701 -0.387475967 449.226257 0 -6.1566782 0 200
0.275600144 0.914399982 0.0276606079 -0.382612705 447.833771 0 -6.1566782 0 200
0.278172552 0.914399982 0.02748786 -0.37777704 446.437042 0 -6.1566782 0 200
0.280744782 0.914399982 0.0273124906 -0.372968018 445.040802 0 -6.1566782 0 200
0.283316846 0.914399982 0.0271346928 -0.368185222 443.647644 0 -6.1566782 0 200
0.285888735 0.914399982 0.0269543875 -0.363429427 442.25943 0 -6.1566782 0 200
0.288460455 0.914399982 0.0267716903 -0.358698964 440.876404 0 -6.1566782 0 200
0.291032003 0.914399982 0.0265865738 -0.353992283 439.50177 0 -6.1566782 0 200
0.29360338 0.914399982 0.026399104 -0.349308223 438.139954 0 -6.1566782 0 200
0.296174586 0.914399982 0.0262093064 -0.344646305 436.786926 0 -6.1566782 0 200
0.29874562 0.914399982 0.0260171953 -0.340005696 435.443329 0 -6.1566782 0 200
0.301316486 0.914399982 0.0258228425 -0.335386008 434.109192 0 -6.1566782 0 200
0.303887178 0.914399982 0.0256262152 -0.330786288 432.792267 0 -6.1566782 0 200
0.306457704 0.914399982 0.0254274166 -0.326205939 431.486328 0 -6.1566782 0 200
0.309028056 0.914399982 0.025226386 -0.321644127 430.203888 0 -6.1566782 0 200
0.311598243 0.914399982 0.0250232499 -0.317100167 428.938049 0 -6.1566782 0 200
0.314168256 0.914399982 0.0248179235 -0.312573284 427.692383 0 -6.1566782 0 200
0.316738104 0.914399982 0.0246105535 -0.308062911 426.468628 0 -6.1566782 0 200
0.319307779 0.914399982 0.0244010446 -0.303567857 425.264069 0 -6.1566782 0 200
0.32187729 0.914399982 0.0241895324 -0.299086243 424.07959 0 -6.1566782 0 200
0.324446629 0.914399982 0.0239759379 -0.29461652 422.914185 0 -6.1566782 0 200
0.327015803 0.914399982 0.0237603734 -0.290157497 421.768524 0 -6.1566782 0 200
0.329584806 0.914399982 0.0235427819 -0.285709202 420.639465 0 -6.1566782 0 200
0.332153644 0.914399982 0.0233232546 -0.281271428 419.526001 0 -6.1566782 0 200
0.334722314 0.914399982 0.0231017543 -0.276843876 418.425781 0 -6.1566782 0 200
0.337290817 0.914399982 0.0228783444 -0.272426099 417.342896 0 -6.1566782 0 200
0.339859154 0.914399982 0.0226530243 -0.26801756 416.26947 0 -6.1566782 0 200
0.342427324 0.914399982 0.0224258003 -0.263617069 415.209015 0 -6.1566782 0 200
0.344995329 0.914399982 0.0221967295 -0.259224117 414.158844 0 -6.1566782 0 200
0.347563164 0.914399982 0.0219657647 -0.25483802 413.117828 0 -6.1566782 0 200
0.350130838 0.914399982 0.0217330137 -0.250458449 412.085083 0 -6.1566782 0 200
0.352698341 0.914399982 0.0214983804 -0.246083438 411.057709 0 -6.1566782 0 200
0.355265681 0.914399982 0.0212619755 -0.241709217 410.037537 0 -6.1566782 0 200
0.357832846 0.914399982 0.0210236648 -0.237335756 409.020355 0 -6.1566782 0 200
0.360399856 0.914399982 0.020783702 -0.232970491 408.006836 0 -6.1566782 0 200
0.362966707 0.914399982 0.0205420412 -0.228611261 406.995544 0 -6.1566782 0 200
0.365533374 0.914399982 0.0202984401 -0.224246338 405.985596 0 -6.1566782 0 200
0.368099885 0.914399982 0.0200531987 -0.219881877 404.974731 0 -6.1566782 0 200
0.37066624 0.914399982 0.0198063264 -0.215521082 403.961609 0 -6.1566782 0 200
0.373232409 0.914399982 0.0195575285 -0.211152598 402.950043 0 -6.1566782 0 200
0.375798423 0.914399982 0.0193071313 -0.206781447 401.93399 0 -6.1566782 0 200
0.378364279 0.914399982 0.019055128 -0.202411622 400.916595 0 -6.1566782 0 200
0.38092995 0.914399982 0.0188012431 -0.198032618 399.89621 0 -6.1566782 0 200
0.383495464 0.914399982 0.0185457892 -0.193647459 398.871155 0 -6.1566782 0 200
0.386060815 0.914399982 0.0182886908 -0.189259559 397.828674 0 -6.1566782 0 200
0.388625987 0.914399982 0.0180298195 -0.184862852 396.772278 0 -6.1566782 0 200
0.391191004 0.914399982 0.0177694106 -0.180458516 395.749512 0 -6.1566782 0 200
0.393755845 0.914399982 0.017507271 -0.176045507 394.709229 0 -6.1566782 0 200
0.396320517 0.914399982 0.0172434929 -0.171622172 393.633636 0 -6.1566782 0 200
0.39888503 0.914399982 0.0169781651 -0.167189255 392.598907 0 -6.1566782 0 200
0.401449356 0.914399982 0.016711047 -0.1627426 391.566284 0 -6.1566782 0 200
0.404013528 0.914399982 0.0164424431 -0.158282518 390.487488 0 -6.1566782 0 200
0.406577516 0.914399982 0.0161720962 -0.15380846 389.427124 0 -6.1566782 0 200
0.409141339 0.914399982 0.0159001827 -0.149318889 388.380859 0 -6.1566782 0 200
0.41170499 0.914399982 0.0156266566 -0.144814685 387.291718 0 -6.1566782 0 200
0.414268464 0.914399982 0.015351477 -0.140293121 386.217224 0 -6.1566782 0 200
0.416831768 0.914399982 0.0150747174 -0.135752976 385.152405 0 -6.1566782 0 200
0.419394891 0.914399982 0.0147962876 -0.131193787 384.054962 0 -6.1566782 0 200
0.421957846 0.914399982 0.0145163095 -0.12661463 382.981567 0 -6.1566782 0 200
0.424520615 0.914399982 0.0142346401 -0.122013882 381.890106 0 -6.1566782 0 200
0.427083212 0.914399982 0.0139514141 -0.117390618 380.777405 0 -6.1566782 0 200
0.429645627 0.914399982 0.0136665334 -0.112743832 379.701691 0 -6.1566782 0 200
0.432207861 0.914399982 0.0133800351 -0.108072311 378.596344 0 -6.1566782 0 200
0.434769915 0.914399982 0.0130919408 -0.103375748 377.486542 0 -6.1566782 0 200
0.437331782 0.914399982 0.0128021761 -0.0986525342 376.375305 0 -6.1566782 0 200
0.439893474 0.914399982 0.0125108748 -0.0939014629 375.247742 0 -6.1566782 0 200
0.442454967 0.914399982 0.0122178211 -0.0891196877 374.14328 0 -6.1566782 0 200
0.445016278 0.914399982 0.0119231912 -0.0843075216 373.016479 0 -6.1566782 0 200
0.447577404 0.914399982 0.011626955 -0.0794655979 371.879272 0 -6.1566782 0 200
0.45013833 0.914399982 0.0113289909 -0.0745899379 370.74408 0 -6.1566782 0 200
0.452699069 0.914399982 0.0110294258 -0.0696814433 369.599945 0 -6.1566782 0 200
0.455259619 0.914399982 0.0107282484 -0.0647404566 368.44989 0 -6.1566782 0 200
0.457819962 0.914399982 0.0104253199 -0.0597622879 367.288208 0 -6.1566782 0 200
0.460380109 0.914399982 0.0101207367 -0.0547468439 366.120605 0 -6.1566782 0 200
0.462940061 0.914399982 0.00981451781 -0.0496965162 364.937622 0 -6.1566782 0 200
0.46549981 0.914399982 0.00950660895 -0.0446098819 363.749512 0 -6.1566782 0 200
0.468059357 0.914399982 0.00919701723 -0.0394845717 362.545746 0 -6.1566782 0 200
0.47061869 0.914399982 0.0088856712 -0.0343193039 361.324432 0 -6.1566782 0 200
0.473177816 0.914399982 0.0085726292 -0.0291146226 360.097656 0 -6.1566782 0 200
0.475736732 0.914399982 0.00825786855 -0.0238714311 358.843384 0 -6.1566782 0 200
0.478295434 0.914399982 0.00794137496 -0.0185894743 357.586517 0 -6.1566782 0 200
0.480853921 0.914399982 0.00762314525 -0.0132690091 356.297516 0 -6.1566782 0 200
0.483412189 0.914399982 0.00730316753 -0.00791069772 354.973175 0 -6.1566782 0 200
0.485970238 0.914399982 0.00698143863 -0.00251404988 353.663544 0 -6.1566782 0 200
0.488528057 0.914399982 0.00665788786 0.0029217538 352.309174 0 -6.1566782 0 200
0.491085649 0.914399982 0.0063325434 0.0083950758 350.902069 0 -6.1566782 0 200
0.493643014 0.914399982 0.00600542351 0.0139035638 349.489014 0 -6.1566782 0 200
0.496200149 0.914399982 0.0056765146 0.0194470342 348.048248 0 -6.1566782 0 200
0.498757039 0.914399982 0.00534570177 0.0250255559 346.557617 0 -6.1566782 0 200
0.501313699 0.914399982 0.00501311406 0.0306377728 345.025909 0 -6.1566782 0 200
0.503870103 0.914399982 0.00467856306 0.036282029 343.455688 0 -6.1566782 0 200
0.50642627 0.914399982 0.0043422108 0.0419565514 341.848541 0 -6.1566782 0 200
0.508982184 0.914399982 0.0040039379 0.0476564206 340.195526 0 -6.1566782 0 200
0.511537855 0.914399982 0.00366384071 0.0533822067 338.485504 0 -6.1566782 0 200
0.514093255 0.914399982 0.00332170415 0.0591276251 336.722748 0 -6.1566782 0 200
0.516648403 0.914399982 0.00297770244 0.0648976341 334.900421 0 -6.1566782 0 200
0.519203289 0.914399982 0.00263174854 0.0706677958 333.005585 0 -6.1566782 0 200
0.521757904 0.914399982 0.00228380711 0.0764626861 331.044464 0 -6.1566782 0 200
0.524312244 0.914399982 0.00193384576 0.082199201 329.01886 0 -6.1566782 0 200
0.526866315 0.914399982 0.00158192817 0.0878836438 326.904327 0 -6.1566782 0 200
0.52942009 0.914399982 0.00122787388 0.0925536826 324.687683 0 -6.1566782 0 200
0.531069981 0.914399982 0.000998093031 0.096215412 322.383484 0 -6.1566782 0 200
0.532101091 0.914399982 0.000853961954 0.0981456786 319.968262 0 -6.1566782 0 200
0.532745525 0.914399982 0.000763814193 0.0986770913 317.428864 0 -6.1566782 0 200
0.533148284 0.914399982 0.000707382481 0.0988193229 314.775299 0 -6.1566782 0 200
0.533400004 0.914399982 0.000672085901 0.0954329818 311.972778 0 -6.1566782 0 200
0.533400001 0.914399982 0.000582474699 0.0881093964 308.99646 0 -6.1566782 0 200
0.533399997 0.914399982 0.000492863497 0.0923226997 305.853821 0 -6.1566782 0 200
0.533399993 0.914399982 0.000403252296 0.0921963081 302.54364 0 -6.1566782 0 200
0.533399989 0.914399982 0.000313641094 0.0932006389 299.006134 0 -6.1566782 0 200
0.533399987 0.914399982 0.000224029892 0.0939021185 295.211853 0 -6.1566782 0 200
0.533399989 0.914399982 0.000134418691 0.0946045071 291.148712 0 -6.1566782 0 200
0.53339999 0.914399982 4.48074889e-05 0.0950235948 286.749664 0 -6.1566782 0 200
0.533399991 0.914399982 -4.48037127e-05 0.0951114669 282.307861 0 -6.1566782 0 200
0.533399993 0.914399982 -0.000134414914 0.0948637202 278.78006 0 -6.1566782 0 200
0.533399994 0.914399982 -0.000224026116 0.0941695869 276.576569 0 -6.1566782 0 200
0.533399998 0.914399982 -0.000313637317 0.0935161412 276.355347 0 -6.1566782 0 200
0.533400005 0.914399982 -0.000403248519 0.0919943675 279.042664 0 -6.1566782 0 200
0.533400012 0.914399982 -0.00049285972 0.0926277936 300.263245 0 -6.1566782 0 200
0.533400018 0.914399982 -0.00058247092 0.0851805359 284.744354 0 -6.1566782 0 200

ZONE T="SLICE_Y_0p9144_BINS07_KS_0p5mm_CUTDATA_VAR_DENSITY"
0.533400018 0.914399982 -0.00058247092 0.0851805359 159.29364 0 -6.1566782 0 200
0.533400004 0.914399982 -0.000672082119 0.0976350829 166.488892 0 -6.1566782 0 200
0.533148466 0.914399982 -0.000707354403 0.101727836 182.114731 0 -6.1566782 0 200
0.532745998 0.914399982 -0.000763745625 0.100308456 192.161499 0 -6.1566782 0 200
0.53210203 0.914399982 -0.000853827126 0.0995936692 202.093292 0 -6.1566782 0 200
0.531071666 0.914399982 -0.00099785339 0.0970543772 204.624695 0 -6.1566782 0 200
0.529422969 0.914399982 -0.00122746797 0.0928454548 200.697083 0 -6.1566782 0 200
0.526873095 0.914399982 -0.00158098831 0.0877554417 196.081985 0 -6.1566782 0 200
0.524322926 0.914399982 -0.00193237185 0.081875734 190.530579 0 -6.1566782 0 200
0.521772489 0.914399982 -0.0022818114 0.0762818605 179.239304 0 -6.1566782 0 200
0.519221778 0.914399982 -0.00262923523 0.070899941 162.352798 0 -6.1566782 0 200
0.516670797 0.914399982 -0.0029746773 0.0657896027 141.622345 0 -6.1566782 0 200
0.514119553 0.914399982 -0.00331817313 0.0608872622 114.719322 0 -6.1566782 0 200
0.511568058 0.914399982 -0.00365979377 0.056194935 131.556335 0 -6.1566782 0 200
0.509016294 0.914399982 -0.00399940552 0.0516900122 131.556335 0 -6.1566782 0 200
0.506464287 0.914399982 -0.00433718384 0.0473621301 211.241638 0 -6.1566782 0 200
0.50391203 0.914399982 -0.00467306469 0.043197304 198.602524 0 -6.1566782 0 200
0.501359535 0.914399982 -0.00500713669 0.0391902924 168.783386 0 -6.1566782 0 200
0.498806784 0.914399982 -0.00533924521 0.0353310816 159.668167 0 -6.1566782 0 200
0.496253803 0.914399982 -0.00566957616 0.0316068158 157.803879 0 -6.1566782 0 200
0.49370058 0.914399982 -0.00599804175 0.0280087087 159.363342 0 -6.1566782 0 200
0.491147126 0.914399982 -0.00632469778 0.024528088 163.176147 0 -6.1566782 0 200
0.488593446 0.914399982 -0.00664958131 0.0211564302 168.556183 0 -6.1566782 0 200
0.48603954 0.914399982 -0.00697269046 0.017889604 174.333908 0 -6.1566782 0 200
0.483485406 0.914399982 -0.00729398822 0.0147234434 180.034195 0 -6.1566782 0 200
0.480931051 0.914399982 -0.00761352572 0.0116503704 185.592682 0 -6.1566782 0 200
0.478376479 0.914399982 -0.00793132724 0.0086638229 190.990646 0 -6.1566782 0 200
0.475821692 0.914399982 -0.00824739351 0.00575977471 196.21463 0 -6.1566782 0 200
0.473266692 0.914399982 -0.00856172802 0.00293383794 201.277557 0 -6.1566782 0 200
0.470711482 0.914399982 -0.00887435928 0.000182269228 206.183243 0 -6.1566782 0 200
0.468156063 0.914399982 -0.00918526844 -0.00249689305 210.943756 0 -6.1566782 0 200
0.465600434 0.914399982 -0.00949445508 -0.00510709127 215.55835 0 -6.1566782 0 200
0.463044603 0.914399982 -0.00980196434 -0.00765360054 220.042557 0 -6.1566782 0 200
0.460488571 0.914399982 -0.0101077948 -0.0101419175 224.389984 0 -6.1566782 0 200
0.457932344 0.914399982 -0.0104119964 -0.0125734964 228.615875 0 -6.1566782 0 200
0.455375917 0.914399982 -0.0107145051 -0.0149451979 232.724121 0 -6.1566782 0 200
0.452819289 0.914399982 -0.0110153132 -0.0172610115 236.703232 0 -6.1566782 0 200
0.450262471 0.914399982 -0.0113145094 -0.0195301939 240.592133 0 -6.1566782 0 200
0.447705468 0.914399982 -0.0116121166 -0.0217508338 244.389313 0 -6.1566782 0 200
0.44514826 0.914399982 -0.01190795 -0.0239229053 248.069778 0 -6.1566782 0 200
0.442590872 0.914399982 -0.0122022341 -0.0260545406 251.649704 0 -6.1566782 0 200
0.440033299 0.914399982 -0.0124948975 -0.0281458199 255.139572 0 -6.1566782 0 200
0.437475532 0.914399982 -0.0127858649 -0.0301975459 258.546783 0 -6.1566782 0 200
0.434917592 0.914399982 -0.0130753062 -0.0322116129 261.867188 0 -6.1566782 0 200
0.432359457 0.914399982 -0.01336302 -0.0341891237 265.104126 0 -6.1566782 0 200
0.42980115 0.914399982 -0.0136492021 -0.0361332335 268.273315 0 -6.1566782 0 200
0.427242658 0.914399982 -0.013933718 -0.0380446725 271.374023 0 -6.1566782 0 200
0.424683989 0.914399982 -0.0142166417 -0.039924778 274.40509 0 -6.1566782 0 200
0.422125141 0.914399982 -0.0144979481 -0.0417749994 277.354034 0 -6.1566782 0 200
0.419566117 0.914399982 -0.0147776435 -0.0435963757 280.235962 0 -6.1566782 0 200
0.417006917 0.914399982 -0.0150557235 -0.0453902334 283.087006 0 -6.1566782 0 200
0.414447544 0.914399982 -0.0153322065 -0.0471574478 285.869171 0 -6.1566782 0 200
0.411887994 0.914399982 -0.0156070442 -0.0488989502 288.575439 0 -6.1566782 0 200
0.409328275 0.914399982 -0.0158803148 -0.0506157801 291.258789 0 -6.1566782 0 200
0.406768377 0.914399982 -0.0161518946 -0.0523120053 293.883057 0 -6.1566782 0 200
0.404208323 0.914399982 -0.0164219968 -0.0539847016 296.443726 0 -6.1566782 0 200
0.401648078 0.914399982 -0.0166902858 -0.0556321479 298.984924 0 -6.1566782 0 200
0.399087677 0.914399982 -0.0169570843 -0.0572591163 301.476929 0 -6.1566782 0 200
0.396527101 0.914399982 -0.0172221887 -0.0588659421 303.905396 0 -6.1566782 0 200
0.393966355 0.914399982 -0.0174856599 -0.0604568347 306.29361 0 -6.1566782 0 200
0.391405453 0.914399982 -0.0177475985 -0.0620275512 308.66391 0 -6.1566782 0 200
0.388844364 0.914399982 -0.0180077128 -0.0635758638 311.003632 0 -6.1566782 0 200
0.386283121 0.914399982 -0.0182662943 -0.0651096925 313.304138 0 -6.1566782 0 200
0.383721709 0.914399982 -0.0185232101 -0.0666262656 315.579651 0 -6.1566782 0 200
0.381160124 0.914399982 -0.0187783802 -0.068126522 317.821747 0 -6.1566782 0 200
0.378598383 0.914399982 -0.0190319891 -0.0696132034 320.034363 0 -6.1566782 0 200
0.376036469 0.914399982 -0.01928384 -0.0710813701 322.218719 0 -6.1566782 0 200
0.373474386 0.914399982 -0.0195339749 -0.0725364983 324.386963 0 -6.1566782 0 200
0.370912148 0.914399982 -0.0197825124 -0.0739805102 326.520325 0 -6.1566782 0 200
0.368349737 0.914399982 -0.0200292581 -0.0754052848 328.627197 0 -6.1566782 0 200
0.365787158 0.914399982 -0.020274252 -0.0768171847 330.723328 0 -6.1566782 0 200
0.363224424 0.914399982 -0.0205176118 -0.0782223493 332.778503 0 -6.1566782 0 200
0.360661519 0.914399982 -0.0207591794 -0.0796108842 334.835571 0 -6.1566782 0 200
0.358098443 0.914399982 -0.020998914 -0.0809851363 336.861969 0 -6.1566782 0 200
0.35553521 0.914399982 -0.0212369703 -0.0823578387 338.859375 0 -6.1566782 0 200
0.352971818 0.914399982 -0.021473304 -0.0837220475 340.857605 0 -6.1566782 0 200
0.35040825 0.914399982 -0.0217077242 -0.0850675926 342.811798 0 -6.1566782 0 200
0.347844519 0.914399982 -0.0219403511 -0.0863994136 344.778259 0 -6.1566782 0 200
0.345280622 0.914399982 -0.022171153 -0.0877217278 346.720398 0 -6.1566782 0 200
0.342716559 0.914399982 -0.0224000883 -0.0890342295 348.607513 0 -6.1566782 0 200
0.340152332 0.914399982 -0.0226271915 -0.0903362185 350.543671 0 -6.1566782 0 200
0.337587935 0.914399982 -0.0228523647 -0.0916284993 352.443054 0 -6.1566782 0 200
0.335023377 0.914399982 -0.0230756951 -0.0929109156 354.275665 0 -6.1566782 0 200
0.332458647 0.914399982 -0.0232970391 -0.094183147 356.168549 0 -6.1566782 0 200
0.329893756 0.914399982 -0.0235165074 -0.0954456553 358.028137 0 -6.1566782 0 200
0.327328693 0.914399982 -0.0237339581 -0.0966988057 359.818024 0 -6.1566782 0 200
0.324763467 0.914399982 -0.0239494825 -0.0979426652 361.666321 0 -6.1566782 0 200
0.32219807 0.914399982 -0.0241629526 -0.0991769582 363.500244 0 -6.1566782 0 200
0.319632509 0.914399982 -0.0243744464 -0.10040202 365.267578 0 -6.1566782 0 200
0.317066776 0.914399982 -0.0245838475 -0.101617828 367.046875 0 -6.1566782 0 200
0.314500879 0.914399982 -0.0247912231 -0.102824286 368.834229 0 -6.1566782 0 200
0.311934809 0.914399982 -0.0249964552 -0.104021572 370.608612 0 -6.1566782 0 200
0.309368575 0.914399982 -0.0251996226 -0.105209157 372.367157 0 -6.1566782 0 200
0.306802167 0.914399982 -0.0254005786 -0.106386885 374.117737 0 -6.1566782 0 200
0.304235595 0.914399982 -0.0255994314 -0.107554257 375.861206 0 -6.1566782 0 200
0.301668847 0.914399982 -0.0257960025 -0.108711556 377.599335 0 -6.1566782 0 200
0.299101936 0.914399982 -0.0259904291 -0.109858491 379.332703 0 -6.1566782 0 200
0.296534849 0.914399982 -0.0261825112 -0.110994421 381.059479 0 -6.1566782 0 200
0.293967597 0.914399982 -0.026372379 -0.112119935 382.783844 0 -6.1566782 0 200
0.29140017 0.914399982 -0.0265598687 -0.113234833 384.504883 0 -6.1566782 0 200
0.288832576 0.914399982 -0.0267450536 -0.114339255 386.223236 0 -6.1566782 0 200
0.286264808 0.914399982 -0.0269278228 -0.115432955 387.939453 0 -6.1566782 0 200
0.283696871 0.914399982 -0.027108193 -0.116516419 389.653473 0 -6.1566782 0 200
0.281128764 0.914399982 -0.0272861165 -0.117589325 391.366272 0 -6.1566782 0 200
0.278560484 0.914399982 -0.0274615405 -0.118651673 393.082153 0 -6.1566782 0 200
0.275992036 0.914399982 -0.0276344787 -0.119701989 394.800079 0 -6.1566782 0 200
0.273423413 0.914399982 -0.0278048054 -0.120739847 396.525513 0 -6.1566782 0 200
0.270854625 0.914399982 -0.0279726101 -0.121763453 398.258484 0 -6.1566782 0 200
0.268285659 0.914399982 -0.0281376881 -0.122772194 400.000671 0 -6.1566782 0 200
0.26571653 0.914399982 -0.028300188 -0.123765901 401.752777 0 -6.1566782 0 200
0.263147224 0.914399982 -0.028459889 -0.124742694 403.517792 0 -6.1566782 0 200
0.260577754 0.914399982 -0.0286169049 -0.125702202 405.294281 0 -6.1566782 0 200
0.258008111 0.914399982 -0.028771076 -0.126644716 407.08548 0 -6.1566782 0 200
0.255438301 0.914399982 -0.028922435 -0.127572402 408.891846 0 -6.1566782 0 200
0.252868322 0.914399982 -0.0290709003 -0.12848489 410.716125 0 -6.1566782 0 200
0.250298175 0.914399982 -0.0292164224 -0.12938194 412.559784 0 -6.1566782 0 200
0.247727863 0.914399982 -0.0293590095 -0.130262494 414.425812 0 -6.1566782 0 200
0.245157382 0.914399982 -0.0294985138 -0.131125644 416.310455 0 -6.1566782 0 200
0.24258674 0.914399982 -0.0296350232 -0.13196975 418.214966 0 -6.1566782 0 200
0.240015929 0.914399982 -0.0297683111 -0.132794246 420.149445 0 -6.1566782 0 200
0.237444962 0.914399982 -0.0298985357 -0.133596852 422.105042 0 -6.1566782 0 200
0.234873826 0.914399982 -0.0300254017 -0.134376153 424.090515 0 -6.1566782 0 200
0.232302536 0.914399982 -0.0301491055 -0.135133445 426.100616 0 -6.1566782 0 200
0.229731084 0.914399982 -0.0302693739 -0.135868281 428.137329 0 -6.1566782 0 200
0.227159479 0.914399982 -0.0303863483 -0.136578694 430.198059 0 -6.1566782 0 200
0.224587715 0.914399982 -0.0304997754 -0.13726303 432.28421 0 -6.1566782 0 200
0.222015803 0.914399982 -0.0306097783 -0.137920663 434.393524 0 -6.1566782 0 200
0.219443737 0.914399982 -0.0307161302 -0.138550386 436.525848 0 -6.1566782 0 200
0.216871527 0.914399982 -0.0308189225 -0.139152303 438.700897 0 -6.1566782 0 200
0.214299169 0.914399982 -0.0309179571 -0.139726102 440.89975 0 -6.1566782 0 200
0.211726672 0.914399982 -0.0310133087 -0.14026916 443.09845 0 -6.1566782 0 200
0.209154032 0.914399982 -0.0311047418 -0.140779808 445.310242 0 -6.1566782 0 200
0.206581261 0.914399982 -0.0311923774 -0.141256273 447.5383 0 -6.1566782 0 200
0.204008353 0.914399982 -0.0312759312 -0.141697884 449.767761 0 -6.1566782 0 200
0.201435322 0.914399982 -0.0313555734 -0.142103031 452.0047 0 -6.1566782 0 200
0.198862163 0.914399982 -0.0314309729 -0.142470509 454.250793 0 -6.1566782 0 200
0.196288888 0.914399982 -0.0315023188 -0.142798409 456.510498 0 -6.1566782 0 200
0.193715495 0.914399982 -0.0315692775 -0.143083453 458.786194 0 -6.1566782 0 200
0.191141995 0.914399982 -0.0316319752 -0.143326238 461.072632 0 -6.1566782 0 200
0.18856839 0.914399982 -0.0316902003 -0.143524826 463.368896 0 -6.1566782 0 200
0.185994687 0.914399982 -0.0317439251 -0.143678993 465.674164 0 -6.1566782 0 200
0.183420893 0.914399982 -0.0317931001 -0.143784299 467.988586 0 -6.1566782 0 200
0.180847013 0.914399982 -0.0318375119 -0.143839553 470.306061 0 -6.1566782 0 200
0.178273056 0.914399982 -0.0318772494 -0.14384082 472.634705 0 -6.1566782 0 200
0.175699027 0.914399982 -0.0319120219 -0.14378202 474.968842 0 -6.1566782 0 200
0.173124936 0.914399982 -0.0319418619 -0.143668249 477.314362 0 -6.1566782 0 200
0.170550793 0.914399982 -0.0319667045 -0.143490955 479.670502 0 -6.1566782 0 200
0.167976603 0.914399982 -0.0319862563 -0.143243432 482.043549 0 -6.1566782 0 200
0.16540238 0.914399982 -0.0320006355 -0.142932385 484.434326 0 -6.1566782 0 200
0.162828132 0.914399982 -0.0320096607 -0.14254725 486.832062 0 -6.1566782 0 200
0.160253871 0.914399982 -0.032013087 -0.142083094 489.273895 0 -6.1566782 0 200
0.157679608 0.914399982 -0.0320109843 -0.141550645 491.738525 0 -6.1566782 0 200
0.155105356 0.914399982 -0.032003214 -0.140939176 494.240723 0 -6.1566782 0 200
0.152531129 0.914399982 -0.0319894713 -0.14023757 496.779816 0 -6.1566782 0 200
0.14995694 0.914399982 -0.0319698313 -0.139457822 499.368164 0 -6.1566782 0 200
0.147382805 0.914399982 -0.0319441416 -0.138600335 502.003998 0 -6.1566782 0 200
0.144808739 0.914399982 -0.0319122149 -0.137644216 504.664856 0 -6.1566782 0 200
0.142234762 0.914399982 -0.0318738137 -0.136583626 507.433868 0 -6.1566782 0 200
0.13966089 0.914399982 -0.0318289475 -0.135432556 510.249237 0 -6.1566782 0 200
0.137087141 0.914399982 -0.0317774731 -0.134192109 513.118713 0 -6.1566782 0 200
0.134513537 0.914399982 -0.0317192024 -0.132845268 516.107666 0 -6.1566782 0 200
0.1319401 0.914399982 -0.0316539416 -0.131367624 519.13501 0 -6.1566782 0 200
0.129366857 0.914399982 -0.0315814568 -0.129746109 522.249878 0 -6.1566782 0 200
0.126793831 0.914399982 -0.0315016702 -0.127985537 525.481995 0 -6.1566782 0 200
0.124221046 0.914399982 -0.0314144146 -0.126090169 528.739441 0 -6.1566782 0 200
0.121648533 0.914399982 -0.0313195134 -0.124051385 532.071289 0 -6.1566782 0 200
0.119076322 0.914399982 -0.0312167385 -0.121853665 535.534912 0 -6.1566782 0 200
0.116504447 0.914399982 -0.0311058819 -0.119484954 539.036011 0 -6.1566782 0 200
0.113932942 0.914399982 -0.0309867291 -0.116941541 542.575684 0 -6.1566782 0 200
0.11133913 0.914399982 -0.0308579003 -0.114316478 546.235046 0 -6.1566782 0 200
0.108869255 0.914399982 -0.0307269729 -0.111582033 549.972351 0 -6.1566782 0 200
0.106517412 0.914399982 -0.0305946177 -0.108799443 553.743774 0 -6.1566782 0 200
0.104277979 0.914399982 -0.0304613467 -0.105980903 557.574036 0 -6.1566782 0 200
0.102145596 0.914399982 -0.0303277099 -0.103149988 561.477112 0 -6.1566782 0 200
0.100115146 0.914399982 -0.030194359 -0.100315452 565.442993 0 -6.1566782 0 200
0.0981817748 0.914399982 -0.0300615229 -0.0974711329 569.454224 0 -6.1566782 0 200
0.0963408429 0.914399982 -0.0299296901 -0.094632782 573.508179 0 -6.1566782 0 200
0.0945879312 0.914399982 -0.0297992494 -0.0918169245 577.604126 0 -6.1566782 0 200
0.0929188367 0.914399982 -0.0296704632 -0.0890152901 581.733582 0 -6.1566782 0 200
0.0913295575 0.914399982 -0.0295435479 -0.086220935 585.901062 0 -6.1566782 0 200
0.0898162795 0.914399982 -0.0294187181 -0.0834191814 590.107849 0 -6.1566782 0 200
0.0883753581 0.914399982 -0.0292963007 -0.0805219188 594.340271 0 -6.1566782 0 200
0.0869347508 0.914399982 -0.0291702047 -0.0776270926 598.684509 0 -6.1566782 0 200
0.0854944718 0.914399982 -0.0290404139 -0.0746788606 603.20343 0 -6.1566782 0 200
0.0840545311 0.914399982 -0.0289069213 -0.0716286451 607.922607 0 -6.1566782 0 200
0.0826149498 0.914399982 -0.0287696071 -0.068483226 612.59314 0 -6.1566782 0 200
0.0811757428 0.914399982 -0.0286284242 -0.0652168244 617.088013 0 -6.1566782 0 200
0.079736934 0.914399982 -0.0284832398 -0.0618236363 621.410645 0 -6.1566782 0 200
0.0782985409 0.914399982 -0.028333993 -0.0582964458 625.658142 0 -6.1566782 0 200
0.0768605839 0.914399982 -0.0281806008 -0.0546344593 629.821411 0 -6.1566782 0 200
0.0754230847 0.914399982 -0.0280229761 -0.0508333705 633.908447 0 -6.1566782 0 200
0.0739860657 0.914399982 -0.0278610326 -0.0468905121 637.930359 0 -6.1566782 0 200
0.07254955 0.914399982 -0.0276946831 -0.0428022891 641.881592 0 -6.1566782 0 200
0.0711135632 0.914399982 -0.0275238279 -0.0385626145 645.783997 0 -6.1566782 0 200
0.069678133 0.914399982 -0.0273483587 -0.0341630206 649.612122 0 -6.1566782 0 200
0.0682432886 0.914399982 -0.0271681618 -0.0295937546 653.878845 0 -6.1566782 0 200
0.0668090617 0.914399982 -0.0269831137 -0.0248441733 657.909424 0 -6.1566782 0 200
0.0653754852 0.914399982 -0.0267930934 -0.0199010633 661.334595 0 -6.1566782 0 200
0.0639425964 0.914399982 -0.026597955 -0.014752985 664.872498 0 -6.1566782 0 200
0.06251043 0.914399982 -0.0263975827 -0.00940123014 668.487366 0 -6.1566782 0 200
0.0610790202 0.914399982 -0.0261918761 -0.00385299139 672.120605 0 -6.1566782 0 200
0.0596484052 0.914399982 -0.0259807118 0.00190612057 675.836609 0 -6.1566782 0 200
0.0582186391 0.914399982 -0.025763875 0.00790207181 679.630859 0 -6.1566782 0 200
0.0567897668 0.914399982 -0.0255412243 0.0141532188 683.47937 0 -6.1566782 0 200
0.0553618424 0.914399982 -0.0253125729 0.0206772275 687.380066 0 -6.1566782 0 200
0.0539349246 0.914399982 -0.0250777222 0.0274835993 691.341736 0 -6.1566782 0 200
0.0525090615 0.914399982 -0.0248365501 0.0345833749 695.3703 0 -6.1566782 0 200
0.0510843283 0.914399982 -0.0245887908 0.0419799723 699.472473 0 -6.1566782 0 200
0.0496607734 0.914399982 -0.0243343484 0.0496750884 703.655029 0 -6.1566782 0 200
0.0482384817 0.914399982 -0.0240729377 0.0577034838 707.956909 0 -6.1566782 0 200
0.0468175398 0.914399982 -0.0238042859 0.0661307648 712.409607 0 -6.1566782 0 200
0.0453980457 0.914399982 -0.023528087 0.0750063881 716.990173 0 -6.1566782 0 200
0.0439800856 0.914399982 -0.0232441178 0.0843428746 721.67511 0 -6.1566782 0 200
0.0425637587 0.914399982 -0.0229521117 0.0941392183 726.474121 0 -6.1566782 0 200
0.0411491691 0.914399982 -0.0226518022 0.104418337 731.394836 0 -6.1566782 0 200
0.0397364416 0.914399982 -0.022342852 0.11517895 736.450439 0 -6.1566782 0 200
0.0383257175 0.914399982 -0.0220248787 0.12647444 741.642517 0 -6.1566782 0 200
0.0369171746 0.914399982 -0.0216973784 0.138407424 746.983032 0 -6.1566782 0 200
0.0355109695 0.914399982 -0.0213599822 0.151005566 752.479797 0 -6.1566782 0 200
0.0341072749 0.914399982 -0.0210122889 0.164274797 758.195435 0 -6.1566782 0 200
0.0327062875 0.914399982 -0.0206538428 0.178219154 764.134705 0 -6.1566782 0 200
0.0313082232 0.914399982 -0.02028416 0.192886963 770.217651 0 -6.1566782 0 200
0.0299133791 0.914399982 -0.0199025065 0.208427235 776.448608 0 -6.1566782 0 200
0.0285220582 0.914399982 -0.0195082032 0.225063771 782.790527 7.46230799e-05 -6.1549902 1 200
0.0271345876 0.914399982 -0.0191005583 0.242934063 789.174255 0.000202792813 -6.15219927 1 200.120911
0.0257513186 0.914399982 -0.0186788765 0.262080073 795.637207 0.000305738358 -6.1500001 1 200.356033
0.0243726298 0.914399982 -0.0182424523 0.282388866 802.227112 0.000394194125 -6.14816284 1 200.380249
0.0229990677 0.914399982 -0.0177901514 0.303927034 808.858093 0.00047306114 -6.14654827 1 200.251099
0.0216312253 0.914399982 -0.0173208367 0.327003837 815.443298 0.0005512957 -6.14495468 1 200.100937
0.0202698272 0.914399982 -0.0168331443 0.351858526 821.958618 0.000628111709 -6.1434021 1 200.031799
0.0189155406 0.914399982 -0.0163260384 0.378728718 828.360107 0.000703252328 -6.14190054 1 200.029602
0.0175692503 0.914399982 -0.0157980695 0.407844275 834.6651 0.000777992711 -6.14045477 1 200.155426
0.0162321003 0.914399982 -0.015247362 0.439194947 841.086121 0.000852012599 -6.13896847 1 200.000885
0.0149055813 0.914399982 -0.0146715184 0.473209292 847.832825 0.00126363547 -6.13062096 1 200.325714
0.0135911841 0.914399982 -0.0140685188 0.510370672 854.955078 0.00263255392 -6.10340214 1 201.612991
0.0122907103 0.914399982 -0.0134360502 0.550636768 862.448975 0.00383085106 -6.08004427 1 202.826157
0.0110067088 0.914399982 -0.0127707766 0.594438612 870.266113 0.00496387761 -6.05844879 1 204.260956
0.00974255726 0.914399982 -0.0120685174 0.642502248 878.533447 0.00609387737 -6.03736544 1 205.927505
0.00850202803 0.914399982 -0.0113253253 0.694690883 887.549377 0.00723581156 -6.01647139 1 207.812866
0.00728978378 0.914399982 -0.0105368381 0.74956727 897.303955 0.00837485865 -5.99617529 1 210.079193
0.00616084497 0.914399982 -0.00973202403 0.806093931 907.518188 0.00951405242 -5.97638941 1 211.301422
0.00514277206 0.914399982 -0.00893097999 0.861694932 917.748047 0.0106900949 -5.95623446 1 205.882736
0.00422996971 0.914399982 -0.00813515341 0.91274482 928.047546 0.0119538996 -5.93457413 1 203.810638
0.00343643316 0.914399982 -0.00736356438 0.95716691 939.20166 0.0168186799 -5.84864187 1 207.04274
0.00274285069 0.914399982 -0.00660441773 0.99172616 951.969604 0.0219477415 -5.7606082 1 211.542496
0.00213648818 0.914399982 -0.00585018865 1.01382887 966.305603 0.0273487996 -5.67073727 1 217.737732
0.00161211138 0.914399982 -0.00510044783 1.01918399 981.624634 0.0331188552 -5.57766819 1 226.438751
0.00116988774 0.914399982 -0.00436125254 1.00353742 997.808411 0.0391740985 -5.48305035 1 235.236435
0.000805392804 0.914399982 -0.00363199488 0.965571105 1016.26526 0.0454931296 -5.38930988 1 235.233551
0.00051469137 0.914399982 -0.00291212333 0.901899815 1038.29675 0.0522343405 -5.29320478 1 226.756607
0.000289792079 0.914399982 -0.00218676897 0.809772134 1063.39807 0.065776296 -5.09507418 1 238.417786
0.000128627554 0.914399982 -0.00145413345 0.688818097 1091.95911 0.0822155252 -4.86523485 1 261.59964
3.20963786e-05 0.914399982 -0.000722702615 0.541091204 1125.7041 0.0999499634 -4.63466263 1 287.711609
-8.18412707e-09 0.914399982 -7.8016762e-10 0.370386362 1162.35632 0.11938265 -4.39754772 1 301.859344
3.17941236e-05 0.914399982 0.000719176834 0.183721438 1199.8573 0.143197313 -4.1097393 1 303.207794
0.000127329866 0.914399982 0.00144672079 -0.0122778863 1237.99536 0.175901338 -3.72047591 1 353.03009
0.000287011983 0.914399982 0.00217624136 -0.213941172 1276.44324 0.210452497 -3.33003998 1 414.824432
0.000509847083 0.914399982 0.00289847388 -0.41326043 1315.35681 0.246099979 -2.95078683 1 481.630493
0.000798755786 0.914399982 0.00361739139 -0.599825561 1350.93884 0.282466173 -2.57876444 1 532.893494
0.00116083968 0.914399982 0.00434485961 -0.766869605 1380.99121 0.319241822 -2.2022109 1 512.109741
0.00159974379 0.914399982 0.00508132568 -0.913470626 1405.69043 0.370479643 -1.64782929 1 551.036316
0.00211753308 0.914399982 0.00582495707 -1.03877223 1419.70361 0.425142229 -1.03580642 1 632.647339
0.00271975272 0.914399982 0.00657746412 -1.14257145 1420.09509 0.477426708 -0.411161244 1 696.470093
0.00340675316 0.914399982 0.00733289967 -1.22541726 1405.38147 0.526612163 0 0.995951831 739.746155
0.00419414951 0.914399982 0.00810221109 -1.2869488 1365.41272 0.570903242 0 0.942534804 772.255127
0.00509625241 0.914399982 0.00889228885 -1.33084357 1300.37708 0.612386584 0 0.674451351 826.572571
0.00610047406 0.914399982 0.00968659439 -1.36177146 1223.28967 0.647685587 0 0.513110638 853.755432
0.00721725929 0.914399982 0.0104873709 -1.37897635 1130.65601 0.675843894 0 0.421858907 866.809021
0.00842161236 0.914399982 0.0112750257 -1.38527989 1012.22284 0.69554466 0 0.36479193 874.126648
0.00965428513 0.914399982 0.0120175784 -1.38472068 878.01947 0.705831468 0 0.326795429 878.724915
0.0109107177 0.914399982 0.0127191791 -1.37896323 743.485535 0.70773536 0 0.302808225 881.564026
0.0121870365 0.914399982 0.0133839173 -1.36971807 616.366089 0.702228785 0 0.293526024 882.656189
0.0134799311 0.914399982 0.0140158115 -1.35767734 504.937744 0.690104604 0 0.30682373 881.098633
0.0147867318 0.914399982 0.0146184215 -1.34445155 405.328522 0.672374904 0 0.35523966 875.419556
0.016105753 0.914399982 0.0151937912 -1.33085537 337.102966 0.650152326 0 0.453131378 863.890259
0.0174353865 0.914399982 0.0157441928 -1.31662154 349.16568 0.624427199 0 0.43246612 866.086182
0.0187742445 0.914399982 0.0162717597 -1.30189824 385.680664 0.595770001 0 0.334730506 877.094421
0.0201210962 0.914399982 0.0167785712 -1.28723204 403.822266 0.564793766 0 0.285985261 881.873352
0.0214751029 0.914399982 0.0172659452 -1.27292657 431.141541 0.532522738 0 0.268244416 882.031738
0.022835535 0.914399982 0.0177350849 -1.25894916 465.320038 0.499603212 0 0.267037958 878.528198
0.0242017369 0.914399982 0.0181871468 -1.2452054 503.401459 0.466222882 0 0.277042538 870.989197
0.0255730686 0.914399982 0.0186234001 -1.2317332 540.036072 0.43330279 0 0.295384735 858.697083
0.0269490089 0.914399982 0.0190448927 -1.21863818 570.325073 0.402396232 0 0.316215277 842.459717
0.0283291553 0.914399982 0.0194524012 -1.20589101 594.802734 0.374041855 0 0.34287554 821.502136
0.0297131607 0.914399982 0.0198466051 -1.19342601 613.904846 0.348120004 0 0.382734478 795.012451
0.0311006962 0.914399982 0.020228198 -1.18120408 628.431091 0.325423568 0 0.442403197 760.618591
0.0324914619 0.914399982 0.020597845 -1.16923332 641.206177 0.304816216 0 0.537775397 708.930542
0.0338851739 0.914399982 0.0209562226 -1.15758479 651.710144 0.285845101 0 0.705858231 620.336487
0.0352815876 0.914399982 0.0213039246 -1.14630651 658.048401 0.268182278 0 0.946941495 488.695496
0.0366805184 0.914399982 0.0216413566 -1.13535559 661.252136 0.251883239 0 0.994460642 437.662445
0.0380818015 0.914399982 0.0219688835 -1.12466753 663.767334 0.236943871 -0.0700566843 1 408.189331
0.0394852649 0.914399982 0.0222869376 -1.11424136 666.502563 0.223125249 -0.448270738 1 384.187805
0.0408907416 0.914399982 0.0225959739 -1.10410094 668.519165 0.210212007 -0.794742107 1 362.824982
0.0422980875 0.914399982 0.0228963829 -1.09426463 668.788635 0.198207512 -1.10293126 1 343.960754
0.0437071758 0.914399982 0.02318851 -1.08472013 667.53656 0.187187314 -1.37488317 1 328.351349
0.0451179004 0.914399982 0.0234726299 -1.07542515 665.403381 0.178703412 -1.57757461 1 322.16626
0.0465301623 0.914399982 0.0237490072 -1.06633961 662.759033 0.171373293 -1.74869549 1 322.42218
0.0479438761 0.914399982 0.0240178595 -1.0574261 660.089722 0.164372951 -1.91196108 1 320.434875
0.0493589461 0.914399982 0.0242794793 -1.04867458 657.7146 0.157688275 -2.06983829 1 316.55304
0.0507752826 0.914399982 0.0245341536 -1.04010928 655.880127 0.151297867 -2.2243011 1 311.342102
0.0521928037 0.914399982 0.0247821493 -1.03174126 654.467407 0.145221815 -2.37368226 1 304.145782
0.053611457 0.914399982 0.0250235848 -1.02354729 653.036865 0.139421895 -2.51640892 1 297.690918
0.0550311681 0.914399982 0.0252587197 -1.01551354 651.255554 0.133809939 -2.65327668 1 290.129395
0.0564518876 0.914399982 0.025487683 -1.00763333 649.031921 0.128358021 -2.78418756 1 282.387299
0.0578735603 0.914399982 0.0257106511 -0.999890625 646.410034 0.123052798 -2.91018534 1 276.076141
0.0592961273 0.914399982 0.0259278406 -0.992282867 643.592224 0.117927536 -3.03158069 1 269.11084
0.0607195509 0.914399982 0.026139343 -0.984804869 640.782043 0.113004267 -3.14870715 1 263.124786
0.0621437714 0.914399982 0.026345411 -0.977464736 637.944214 0.108255878 -3.26210976 1 257.399231
0.063568751 0.914399982 0.0265461631 -0.970270753 635.047302 0.103652231 -3.3724401 1 252.049606
0.064994453 0.914399982 0.0267417178 -0.96320343 632.146484 0.0991766006 -3.48034644 1 247.095139
0.066420846 0.914399982 0.0269321681 -0.956240773 629.263794 0.0948237032 -3.5860281 1 242.544281
0.0678478935 0.914399982 0.0271176497 -0.949376464 626.438721 0.0906089321 -3.68914652 1 238.338089
0.0692755612 0.914399982 0.0272982955 -0.942615807 623.754639 0.0865574703 -3.78930163 1 234.621979
0.0707038184 0.914399982 0.0274742205 -0.935960233 621.269714 0.0826637521 -3.88666201 1 231.128082
0.0721326342 0.914399982 0.0276455485 -0.929407835 618.896179 0.0788864866 -3.98203301 1 228.291641
0.0735619812 0.914399982 0.0278123874 -0.922958612 616.555969 0.0762903094 -4.0458293 1 226.922089
0.0749918329 0.914399982 0.0279748443 -0.916609883 614.251221 0.0737108067 -4.10981941 1 226.400299
0.076422167 0.914399982 0.028132998 -0.910354674 611.970154 0.0711340159 -4.17415905 1 225.954605
0.0778529609 0.914399982 0.0282869361 -0.904182076 609.717651 0.0685675964 -4.23866606 1 225.417206
0.0792841958 0.914399982 0.0284367182 -0.898081303 607.49823 0.065997079 -4.30375242 1 224.662354
0.0807158493 0.914399982 0.0285824455 -0.892037868 605.332886 0.0634284094 -4.36924171 1 223.507172
0.0821479085 0.914399982 0.0287241284 -0.886063814 603.24585 0.0608581677 -4.43540716 1 222.13504
0.0835803295 0.914399982 0.0288621061 -0.880181015 601.197815 0.0582637936 -4.50282097 1 220.609299
0.085013118 0.914399982 0.028996215 -0.874403 599.150208 0.055649586 -4.57128382 1 218.998062
0.0864462491 0.914399982 0.029126612 -0.868688405 597.105713 0.0530341528 -4.64029026 1 217.368347
0.0878797114 0.914399982 0.0292533156 -0.863118947 595.066406 0.0504299067 -4.70949125 1 215.764099
0.0893124563 0.914399982 0.0293763726 -0.857576489 593.038391 0.0478490815 -4.77854395 1 214.230286
0.0908171694 0.914399982 0.0295016658 -0.851876736 591.026672 0.0453028791 -4.84710836 1 212.777573
0.0923974449 0.914399982 0.029629238 -0.845899284 589.031799 0.0427907556 -4.91520596 1 211.445099
0.0940570855 0.914399982 0.0297587638 -0.839708209 587.054199 0.0403152928 -4.98277998 1 210.272858
0.0958000717 0.914399982 0.0298900254 -0.833282888 585.092773 0.0377437323 -5.05334711 1 208.864044
0.0976305922 0.914399982 0.0300226413 -0.826602221 583.148193 0.0354952961 -5.11518002 1 208.06015
0.0995530378 0.914399982 0.0301562624 -0.819669425 581.218994 0.0342585221 -5.14860725 1 208.766708
0.101572004 0.914399982 0.0302907139 -0.812499821 579.305481 0.0329964049 -5.18297005 1 209.912491
0.103692349 0.914399982 0.0304252619 -0.805079043 577.410339 0.0317057967 -5.21810341 1 210.762665
0.105919135 0.914399982 0.0305597031 -0.797397673 575.543091 0.0303955767 -5.25399017 1 211.230896
0.108257701 0.914399982 0.0306933597 -0.78945291 573.702881 0.0290668309 -5.29065847 1 211.281647
0.110713646 0.914399982 0.0308255783 -0.781192482 571.884949 0.0277196132 -5.32812548 1 210.96666
0.113292837 0.914399982 0.0309558151 -0.772835791 570.103638 0.0263474882 -5.36661196 1 210.353592
0.115868178 0.914399982 0.0310772345 -0.76445055 567.803711 0.024942534 -5.40561676 1 209.441559
0.118443899 0.914399982 0.0311902827 -0.756234527 565.392456 0.0235338584 -5.44489384 1 208.373581
0.121019967 0.914399982 0.0312951718 -0.748134553 563.442749 0.0220886357 -5.48615265 1 207.294388
0.123596345 0.914399982 0.0313921188 -0.740145087 561.50116 0.0205767397 -5.52972412 1 206.250671
0.126173003 0.914399982 0.0314813059 -0.732254803 559.546692 0.0190284159 -5.57468462 1 205.289597
0.128749911 0.914399982 0.0315629617 -0.724460125 557.498596 0.0174539872 -5.6206646 1 204.426956
0.131327042 0.914399982 0.0316372545 -0.716757655 555.327576 0.0158611964 -5.66741991 1 203.651993
0.13390437 0.914399982 0.0317043525 -0.709147274 553.056335 0.0142400591 -5.71529531 1 202.956451
0.136481871 0.914399982 0.0317644283 -0.701624453 550.662476 0.0126433959 -5.7627821 1 202.408401
0.139059525 0.914399982 0.031817584 -0.694181323 548.122925 0.0109640267 -5.81304216 1 201.891907
0.141637309 0.914399982 0.0318639853 -0.68681407 545.545898 0.00899235252 -5.87282085 1 201.33371
0.144215202 0.914399982 0.0319038691 -0.679547966 542.920654 0.00838901941 -5.89076567 1 201.401779
0.146793186 0.914399982 0.031937372 -0.672383368 540.213257 0.00792858098 -5.90460491 1 202.191422
0.149371244 0.914399982 0.0319645981 -0.665275812 537.594788 0.00745377736 -5.91897917 1 203.346466
0.15194936 0.914399982 0.0319855684 -0.658217311 534.996948 0.00697392924 -5.93337488 1 203.756805
0.154527518 0.914399982 0.0320005731 -0.651233613 532.400269 0.00649177143 -5.94780779 1 203.393936
0.157105703 0.914399982 0.032009777 -0.644335926 529.820679 0.00600513071 -5.96250057 1 202.948761
0.159683902 0.914399982 0.0320131373 -0.637504697 527.29364 0.00551489508 -5.97745371 1 202.51651
0.162262103 0.914399982 0.0320108359 -0.630732298 524.83252 0.00502261845 -5.99261951 1 202.118881
0.164840292 0.914399982 0.032003077 -0.624027669 522.441528 0.0045258333 -6.00808096 1 201.749847
0.16741846 0.914399982 0.0319898652 -0.617385507 520.131531 0.00402372004 -6.02386951 1 201.406677
0.169996595 0.914399982 0.0319712932 -0.610803962 517.92395 0.0035250592 -6.03969002 1 201.098663
0.172574688 0.914399982 0.0319476332 -0.604290783 515.824585 0.00300766365 -6.05627298 1 200.819534
0.175152728 0.914399982 0.0319187767 -0.597841024 513.792786 0.00243381481 -6.07492352 1 200.524719
0.177730707 0.914399982 0.0318849457 -0.591454148 511.773041 0.00179338746 -6.09601927 1 200.253738
0.180308619 0.914399982 0.0318462868 -0.585132122 509.784332 0.00103765365 -6.1211772 1 200.036865
0.182886452 0.914399982 0.0318026742 -0.578864098 507.864502 0.000647487526 -6.13448095 1 200
0.185464202 0.914399982 0.0317544544 -0.572651505 505.956207 0.00061687472 -6.13563824 1 200
0.188041861 0.914399982 0.0317015621 -0.566496849 503.992981 0.000585638336 -6.13669491 1 200
0.190619423 0.914399982 0.0316441414 -0.560395479 502.025116 0.000553169055 -6.13774824 1 200
0.193196883 0.914399982 0.031582296 -0.554347396 500.103394 0.000519607798 -6.13884306 1 200
0.195774232 0.914399982 0.0315160055 -0.548351228 498.136383 0.000485214521 -6.13996935 1 200
0.198351471 0.914399982 0.0314455328 -0.542406619 496.131714 0.000449261046 -6.14115334 1 200
0.200928586 0.914399982 0.0313706944 -0.53651005 494.179657 0.000411801157 -6.14239693 1 200
0.203505582 0.914399982 0.0312918604 -0.530662417 492.199188 0.000372913171 -6.14369678 1 200
0.206082447 0.914399982 0.0312088442 -0.524863601 490.195404 0.000329833856 -6.14515018 1 200
0.208659183 0.914399982 0.0311219381 -0.519110322 488.253418 0.000277048151 -6.14695644 1 200
0.211235781 0.914399982 0.0310310196 -0.513401449 486.306366 0.000210563405 -6.14925909 1 200
0.213812243 0.914399982 0.0309363212 -0.50773567 484.380463 0.000136149232 -6.15186167 1 200
0.216388561 0.914399982 0.0308377791 -0.502112925 482.518097 5.78709405e-05 -6.15462112 1 200
0.218964735 0.914399982 0.0307355713 -0.496531993 480.672943 0 -6.1566782 0 200
0.221540761 0.914399982 0.0306296625 -0.490992516 478.88089 0 -6.1566782 0 200
0.224116638 0.914399982 0.0305202144 -0.485493541 477.129181 0 -6.1566782 0 200
0.226692361 0.914399982 0.0304071745 -0.480033696 475.421082 0 -6.1566782 0 200
0.229267931 0.914399982 0.0302907237 -0.474612743 473.762482 0 -6.1566782 0 200
0.231843342 0.914399982 0.0301707915 -0.469230473 472.142517 0 -6.1566782 0 200
0.234418597 0.914399982 0.0300475797 -0.4638879 470.571808 0 -6.1566782 0 200
0.236993689 0.914399982 0.0299209855 -0.458585441 469.028625 0 -6.1566782 0 200
0.239568624 0.914399982 0.0297912424 -0.453321874 467.522949 0 -6.1566782 0 200
0.242143391 0.914399982 0.0296581954 -0.448089778 466.044006 0 -6.1566782 0 200
0.244717998 0.914399982 0.0295221146 -0.442882031 464.591125 0 -6.1566782 0 200
0.247292435 0.914399982 0.0293828288 -0.437699467 463.160156 0 -6.1566782 0 200
0.24986671 0.914399982 0.0292405987 -0.432545811 461.746857 0 -6.1566782 0 200
0.252440814 0.914399982 0.0290952986 -0.427421719 460.347443 0 -6.1566782 0 200
0.255014754 0.914399982 0.0289471127 -0.422326297 458.949707 0 -6.1566782 0 200
0.257588522 0.914399982 0.0287959881 -0.417261064 457.56131 0 -6.1566782 0 200
0.260162123 0.914399982 0.0286420252 -0.412224859 456.175598 0 -6.1566782 0 200
0.262735553 0.914399982 0.0284852469 -0.407217056 454.789978 0 -6.1566782 0 200
0.265308812 0.914399982 0.0283256815 -0.402237713 453.405334 0 -6.1566782 0 200
0.267881903 0.914399982 0.0281634281 -0.397287786 452.018555 0 -6.1566782 0 200
0.27045482 0.914399982 0.0279984376 -0.392367244 450.624969 0 -6.1566782 0 200
0.273027571 0.914399982 0.0278308701 -0.387475967 449.226257 0 -6.1566782 0 200
0.275600144 0.914399982 0.0276606079 -0.382612705 447.833771 0 -6.1566782 0 200
0.278172552 0.914399982 0.02748786 -0.37777704 446.437042 0 -6.1566782 0 200
0.280744782 0.914399982 0.0273124906 -0.372968018 445.040802 0 -6.1566782 0 200
0.283316846 0.914399982 0.0271346928 -0.368185222 443.647644 0 -6.1566782 0 200
0.285888735 0.914399982 0.0269543875 -0.363429427 442.25943 0 -6.1566782 0 200
0.288460455 0.914399982 0.0267716903 -0.358698964 440.876404 0 -6.1566782 0 200
0.291032003 0.914399982 0.0265865738 -0.353992283 439.50177 0 -6.1566782 0 200
0.29360338 0.914399982 0.026399104 -0.349308223 438.139954 0 -6.1566782 0 200
0.296174586 0.914399982 0.0262093064 -0.344646305 436.786926 0 -6.1566782 0 200
0.29874562 0.914399982 0.0260171953 -0.340005696 435.443329 0 -6.1566782 0 200
0.301316486 0.914399982 0.0258228425 -0.335386008 434.109192 0 -6.1566782 0 200
0.303887178 0.914399982 0.0256262152 -0.330786288 432.792267 0 -6.1566782 0 200
0.306457704 0.914399982 0.0254274166 -0.326205939 431.486328 0 -6.1566782 0 200
0.309028056 0.914399982 0.025226386 -0.321644127 430.203888 0 -6.1566782 0 200
0.311598243 0.914399982 0.0250232499 -0.317100167 428.938049 0 -6.1566782 0 200
0.314168256 0.914399982 0.0248179235 -0.312573284 427.692383 0 -6.1566782 0 200
0.316738104 0.914399982 0.0246105535 -0.308062911 426.468628 0 -6.1566782 0 200
0.319307779 0.914399982 0.0244010446 -0.303567857 425.264069 0 -6.1566782 0 200
0.32187729 0.914399982 0.0241895324 -0.299086243 424.07959 0 -6.1566782 0 200
0.324446629 0.914399982 0.0239759379 -0.29461652 422.914185 0 -6.1566782 0 200
0.327015803 0.914399982 0.0237603734 -0.290157497 421.768524 0 -6.1566782 0 200
0.329584806 0.914399982 0.0235427819 -0.285709202 420.639465 0 -6.1566782 0 200
0.332153644 0.914399982 0.0233232546 -0.281271428 419.526001 0 -6.1566782 0 200
0.334722314 0.914399982 0.0231017543 -0.276843876 418.425781 0 -6.1566782 0 200
0.337290817 0.914399982 0.0228783444 -0.272426099 417.342896 0 -6.1566782 0 200
0.339859154 0.914399982 0.0226530243 -0.26801756 416.26947 0 -6.1566782 0 200
0.342427324 0.914399982 0.0224258003 -0.263617069 415.209015 0 -6.1566782 0 200
0.344995329 0.914399982 0.0221967295 -0.259224117 414.158844 0 -6.1566782 0 200
0.347563164 0.914399982 0.0219657647 -0.25483802 413.117828 0 -6.1566782 0 200
0.350130838 0.914399982 0.0217330137 -0.250458449 412.085083 0 -6.1566782 0 200
0.352698341 0.914399982 0.0214983804 -0.246083438 411.057709 0 -6.1566782 0 200
0.355265681 0.914399982 0.0212619755 -0.241709217 410.037537 0 -6.1566782 0 200
0.357832846 0.914399982 0.0210236648 -0.237335756 409.020355 0 -6.1566782 0 200
0.360399856 0.914399982 0.020783702 -0.232970491 408.006836 0 -6.1566782 0 200
0.362966707 0.914399982 0.0205420412 -0.228611261 406.995544 0 -6.1566782 0 200
0.365533374 0.914399982 0.0202984401 -0.224246338 405.985596 0 -6.1566782 0 200
0.368099885 0.914399982 0.0200531987 -0.219881877 404.974731 0 -6.1566782 0 200
0.37066624 0.914399982 0.0198063264 -0.215521082 403.961609 0 -6.1566782 0 200
0.373232409 0.914399982 0.0195575285 -0.211152598 402.950043 0 -6.1566782 0 200
0.375798423 0.914399982 0.0193071313 -0.206781447 401.93399 0 -6.1566782 0 200
0.378364279 0.914399982 0.019055128 -0.202411622 400.916595 0 -6.1566782 0 200
0.38092995 0.914399982 0.0188012431 -0.198032618 399.89621 0 -6.1566782 0 200
0.383495464 0.914399982 0.0185457892 -0.193647459 398.871155 0 -6.1566782 0 200
0.386060815 0.914399982 0.0182886908 -0.189259559 397.828674 0 -6.1566782 0 200
0.388625987 0.914399982 0.0180298195 -0.184862852 396.772278 0 -6.1566782 0 200
0.391191004 0.914399982 0.0177694106 -0.180458516 395.749512 0 -6.1566782 0 200
0.393755845 0.914399982 0.017507271 -0.176045507 394.709229 0 -6.1566782 0 200
0.396320517 0.914399982 0.0172434929 -0.171622172 393.633636 0 -6.1566782 0 200
0.39888503 0.914399982 0.0169781651 -0.167189255 392.598907 0 -6.1566782 0 200
0.401449356 0.914399982 0.016711047 -0.1627426 391.566284 0 -6.1566782 0 200
0.404013528 0.914399982 0.0164424431 -0.158282518 390.487488 0 -6.1566782 0 200
0.406577516 0.914399982 0.0161720962 -0.15380846 389.427124 0 -6.1566782 0 200
0.409141339 0.914399982 0.0159001827 -0.149318889 388.380859 0 -6.1566782 0 200
0.41170499 0.914399982 0.0156266566 -0.144814685 387.291718 0 -6.1566782 0 200
0.414268464 0.914399982 0.015351477 -0.140293121 386.217224 0 -6.1566782 0 200
0.416831768 0.914399982 0.0150747174 -0.135752976 385.152405 0 -6.1566782 0 200
0.419394891 0.914399982 0.0147962876 -0.131193787 384.054962 0 -6.1566782 0 200
0.421957846 0.914399982 0.0145163095 -0.12661463 382.981567 0 -6.1566782 0 200
0.424520615 0.914399982 0.0142346401 -0.122013882 381.890106 0 -6.1566782 0 200
0.427083212 0.914399982 0.0139514141 -0.117390618 380.777405 0 -6.1566782 0 200
0.429645627 0.914399982 0.0136665334 -0.112743832 379.701691 0 -6.1566782 0 200
0.432207861 0.914399982 0.0133800351 -0.108072311 378.596344 0 -6.1566782 0 200
0.434769915 0.914399982 0.0130919408 -0.103375748 377.486542 0 -6.1566782 0 200
0.437331782 0.914399982 0.0128021761 -0.0986525342 376.375305 0 -6.1566782 0 200
0.439893474 0.914399982 0.0125108748 -0.0939014629 375.247742 0 -6.1566782 0 200
0.442454967 0.914399982 0.0122178211 -0.0891196877 374.14328 0 -6.1566782 0 200
0.445016278 0.914399982 0.0119231912 -0.0843075216 373.016479 0 -6.1566782 0 200
0.447577404 0.914399982 0.011626955 -0.0794655979 371.879272 0 -6.1566782 0 200
0.45013833 0.914399982 0.0113289909 -0.0745899379 370.74408 0 -6.1566782 0 200
0.452699069 0.914399982 0.0110294258 -0.0696814433 369.599945 0 -6.1566782 0 200
0.455259619 0.914399982 0.0107282484 -0.0647404566 368.44989 0 -6.1566782 0 200
0.457819962 0.914399982 0.0104253199 -0.0597622879 367.288208 0 -6.1566782 0 200
0.460380109 0.914399982 0.0101207367 -0.0547468439 366.120605 0 -6.1566782 0 200
0.462940061 0.914399982 0.00981451781 -0.0496965162 364.937622 0 -6.1566782 0 200
0.46549981 0.914399982 0.00950660895 -0.0446098819 363.749512 0 -6.1566782 0 200
0.468059357 0.914399982 0.00919701723 -0.0394845717 362.545746 0 -6.1566782 0 200
0.47061869 0.914399982 0.0088856712 -0.0343193039 361.324432 0 -6.1566782 0 200
0.473177816 0.914399982 0.0085726292 -0.0291146226 360.097656 0 -6.1566782 0 200
0.475736732 0.914399982 0.00825786855 -0.0238714311 358.843384 0 -6.1566782 0 200
0.478295434 0.914399982 0.00794137496 -0.0185894743 357.586517 0 -6.1566782 0 200
0.480853921 0.914399982 0.00762314525 -0.0132690091 356.297516 0 -6.1566782 0 200
0.483412189 0.914399982 0.00730316753 -0.00791069772 354.973175 0 -6.1566782 0 200
0.485970238 0.914399982 0.00698143863 -0.00251404988 353.663544 0 -6.1566782 0 200
0.488528057 0.914399982 0.00665788786 0.0029217538 352.309174 0 -6.1566782 0 200
0.491085649 0.914399982 0.0063325434 0.0083950758 350.902069 0 -6.1566782 0 200
0.493643014 0.914399982 0.00600542351 0.0139035638 349.489014 0 -6.1566782 0 200
0.496200149 0.914399982 0.0056765146 0.0194470342 348.048248 0 -6.1566782 0 200
0.498757039 0.914399982 0.00534570177 0.0250255559 346.557617 0 -6.1566782 0 200
0.501313699 0.914399982 0.00501311406 0.0306377728 345.025909 0 -6.1566782 0 200
0.503870103 0.914399982 0.00467856306 0.036282029 343.455688 0 -6.1566782 0 200
0.50642627 0.914399982 0.0043422108 0.0419565514 341.848541 0 -6.1566782 0 200
0.508982184 0.914399982 0.0040039379 0.0476564206 340.195526 0 -6.1566782 0 200
0.511537855 0.914399982 0.00366384071 0.0533822067 338.485504 0 -6.1566782 0 200
0.514093255 0.914399982 0.00332170415 0.0591276251 336.722748 0 -6.1566782 0 200
0.516648403 0.914399982 0.00297770244 0.0648976341 334.900421 0 -6.1566782 0 200
0.519203289 0.914399982 0.00263174854 0.0706677958 333.005585 0 -6.1566782 0 200
0.521757904 0.914399982 0.00228380711 0.0764626861 331.044464 0 -6.1566782 0 200
0.524312244 0.914399982 0.00193384576 0.082199201 329.01886 0 -6.1566782 0 200
0.526866315 0.914399982 0.00158192817 0.0878836438 326.904327 0 -6.1566782 0 200
0.52942009 0.914399982 0.00122787388 0.0925536826 324.687683 0 -6.1566782 0 200
0.531069981 0.914399982 0.000998093031 0.096215412 322.383484 0 -6.1566782 0 200
0.532101091 0.914399982 0.000853961954 0.0981456786 319.968262 0 -6.1566782 0 200
0.532745525 0.914399982 0.000763814193 0.0986770913 317.428864 0 -6.1566782 0 200
0.533148284 0.914399982 0.000707382481 0.0988193229 314.775299 0 -6.1566782 0 200
0.533400004 0.914399982 0.000672085901 0.0954329818 311.972778 0 -6.1566782 0 200
0.533400001 0.914399982 0.000582474699 0.0881093964 308.99646 0 -6.1566782 0 200
0.533399997 0.914399982 0.000492863497 0.0923226997 305.853821 0 -6.1566782 0 200
0.533399993 0.914399982 0.000403252296 0.0921963081 302.54364 0 -6.1566782 0 200
0.533399989 0.914399982 0.000313641094 0.0932006389 299.006134 0 -6.1566782 0 200
0.533399987 0.914399982 0.000224029892 0.0939021185 295.211853 0 -6.1566782 0 200
0.533399989 0.914399982 0.000134418691 0.0946045071 291.148712 0 -6.1566782 0 200
0.53339999 0.914399982 4.48074889e-05 0.0950235948 286.749664 0 -6.1566782 0 200
0.533399991 0.914399982 -4.48037127e-05 0.0951114669 282.307861 0 -6.1566782 0 200
0.533399993 0.914399982 -0.000134414914 0.0948637202 278.78006 0 -6.1566782 0 200
0.533399994 0.914399982 -0.000224026116 0.0941695869 276.576569 0 -6.1566782 0 200
0.533399998 0.914399982 -0.000313637317 0.0935161412 276.355347 0 -6.1566782 0 200
0.533400005 0.914399982 -0.000403248519 0.0919943675 279.042664 0 -6.1566782 0 200
0.533400012 0.914399982 -0.00049285972 0.0926277936 300.263245 0 -6.1566782 0 200
0.533400018 0.914399982 -0.00058247092 0.0851805359 284.744354 0 -6.1566782 0 200

ZONE T="SLICE_Y_0p9144_BINS15_KS_0p5mm_CUTDATA_VAR_DENSITY"
0.533400018 0.914399982 -0.00058247092 0.0851805359 159.29364 0 -6.1566782 0 200
0.533400004 0.914399982 -0.000672082119 0.0976350829 166.488892 0 -6.1566782 0 200
0.533148466 0.914399982 -0.000707354403 0.101727836 182.114731 0 -6.1566782 0 200
0.532745998 0.914399982 -0.000763745625 0.100308456 192.161499 0 -6.1566782 0 200
0.53210203 0.914399982 -0.000853827126 0.0995936692 202.093292 0 -6.1566782 0 200
0.531071666 0.914399982 -0.00099785339 0.0970543772 204.624695 0 -6.1566782 0 200
0.529422969 0.914399982 -0.00122746797 0.0928454548 200.697083 0 -6.1566782 0 200
0.526873095 0.914399982 -0.00158098831 0.0877554417 196.081985 0 -6.1566782 0 200
0.524322926 0.914399982 -0.00193237185 0.081875734 190.530579 0 -6.1566782 0 200
0.521772489 0.914399982 -0.0022818114 0.0762818605 179.239304 0 -6.1566782 0 200
0.519221778 0.914399982 -0.00262923523 0.070899941 162.352798 0 -6.1566782 0 200
0.516670797 0.914399982 -0.0029746773 0.0657896027 141.622345 0 -6.1566782 0 200
0.514119553 0.914399982 -0.00331817313 0.0608872622 114.719322 0 -6.1566782 0 200
0.511568058 0.914399982 -0.00365979377 0.056194935 131.556335 0 -6.1566782 0 200
0.509016294 0.914399982 -0.00399940552 0.0516900122 131.556335 0 -6.1566782 0 200
0.506464287 0.914399982 -0.00433718384 0.0473621301 211.241638 0 -6.1566782 0 200
0.50391203 0.914399982 -0.00467306469 0.043197304 198.602524 0 -6.1566782 0 200
0.501359535 0.914399982 -0.00500713669 0.0391902924 168.783386 0 -6.1566782 0 200
0.498806784 0.914399982 -0.00533924521 0.0353310816 159.668167 0 -6.1566782 0 200
0.496253803 0.914399982 -0.00566957616 0.0316068158 157.803879 0 -6.1566782 0 200
0.49370058 0.914399982 -0.00599804175 0.0280087087 159.363342 0 -6.1566782 0 200
0.491147126 0.914399982 -0.00632469778 0.024528088 163.176147 0 -6.1566782 0 200
0.488593446 0.914399982 -0.00664958131 0.0211564302 168.556183 0 -6.1566782 0 200
0.48603954 0.914399982 -0.00697269046 0.017889604 174.333908 0 -6.1566782 0 200
0.483485406 0.914399982 -0.00729398822 0.0147234434 180.034195 0 -6.1566782 0 200
0.480931051 0.914399982 -0.00761352572 0.0116503704 185.592682 0 -6.1566782 0 200
0.478376479 0.914399982 -0.00793132724 0.0086638229 190.990646 0 -6.1566782 0 200
0.475821692 0.914399982 -0.00824739351 0.00575977471 196.21463 0 -6.1566782 0 200
0.473266692 0.914399982 -0.00856172802 0.00293383794 201.277557 0 -6.1566782 0 200
0.470711482 0.914399982 -0.00887435928 0.000182269228 206.183243 0 -6.1566782 0 200
0.468156063 0.914399982 -0.00918526844 -0.00249689305 210.943756 0 -6.1566782 0 200
0.465600434 0.914399982 -0.00949445508 -0.00510709127 215.55835 0 -6.1566782 0 200
0.463044603 0.914399982 -0.00980196434 -0.00765360054 220.042557 0 -6.1566782 0 200
0.460488571 0.914399982 -0.0101077948 -0.0101419175 224.389984 0 -6.1566782 0 200
0.457932344 0.914399982 -0.0104119964 -0.0125734964 228.615875 0 -6.1566782 0 200
0.455375917 0.914399982 -0.0107145051 -0.0149451979 232.724121 0 -6.1566782 0 200
0.452819289 0.914399982 -0.0110153132 -0.0172610115 236.703232 0 -6.1566782 0 200
0.450262471 0.914399982 -0.0113145094 -0.0195301939 240.592133 0 -6.1566782 0 200
0.447705468 0.914399982 -0.0116121166 -0.0217508338 244.389313 0 -6.1566782 0 200
0.44514826 0.914399982 -0.01190795 -0.0239229053 248.069778 0 -6.1566782 0 200
0.442590872 0.914399982 -0.0122022341 -0.0260545406 251.649704 0 -6.1566782 0 200
0.440033299 0.914399982 -0.0124948975 -0.0281458199 255.139572 0 -6.1566782 0 200
0.437475532 0.914399982 -0.0127858649 -0.0301975459 258.546783 0 -6.1566782 0 200
0.434917592 0.914399982 -0.0130753062 -0.0322116129 261.867188 0 -6.1566782 0 200
0.432359457 0.914399982 -0.01336302 -0.0341891237 265.104126 0 -6.1566782 0 200
0.42980115 0.914399982 -0.0136492021 -0.0361332335 268.273315 0 -6.1566782 0 200
0.427242658 0.914399982 -0.013933718 -0.0380446725 271.374023 0 -6.1566782 0 200
0.424683989 0.914399982 -0.0142166417 -0.039924778 274.40509 0 -6.1566782 0 200
0.422125141 0.914399982 -0.0144979481 -0.0417749994 277.354034 0 -6.1566782 0 200
0.419566117 0.914399982 -0.0147776435 -0.0435963757 280.235962 0 -6.1566782 0 200
0.417006917 0.914399982 -0.0150557235 -0.0453902334 283.087006 0 -6.1566782 0 200
0.414447544 0.914399982 -0.0153322065 -0.0471574478 285.869171 0 -6.1566782 0 200
0.411887994 0.914399982 -0.0156070442 -0.0488989502 288.575439 0 -6.1566782 0 200
0.409328275 0.914399982 -0.0158803148 -0.0506157801 291.258789 0 -6.1566782 0 200
0.406768377 0.914399982 -0.0161518946 -0.0523120053 293.883057 0 -6.1566782 0 200
0.404208323 0.914399982 -0.0164219968 -0.0539847016 296.443726 0 -6.1566782 0 200
0.401648078 0.914399982 -0.0166902858 -0.0556321479 298.984924 0 -6.1566782 0 200
0.399087677 0.914399982 -0.0169570843 -0.0572591163 301.476929 0 -6.1566782 0 200
0.396527101 0.914399982 -0.0172221887 -0.0588659421 303.905396 0 -6.1566782 0 200
0.393966355 0.914399982 -0.0174856599 -0.0604568347 306.29361 0 -6.1566782 0 200
0.391405453 0.914399982 -0.0177475985 -0.0620275512 308.66391 0 -6.1566782 0 200
0.388844364 0.914399982 -0.0180077128 -0.0635758638 311.003632 0 -6.1566782 0 200
0.386283121 0.914399982 -0.0182662943 -0.0651096925 313.304138 0 -6.1566782 0 200
0.383721709 0.914399982 -0.0185232101 -0.0666262656 315.579651 0 -6.1566782 0 200
0.381160124 0.914399982 -0.0187783802 -0.068126522 317.821747 0 -6.1566782 0 200
0.378598383 0.914399982 -0.0190319891 -0.0696132034 320.034363 0 -6.1566782 0 200
0.376036469 0.914399982 -0.01928384 -0.0710813701 322.218719 0 -6.1566782 0 200
0.373474386 0.914399982 -0.0195339749 -0.0725364983 324.386963 0 -6.1566782 0 200
0.370912148 0.914399982 -0.0197825124 -0.0739805102 326.520325 0 -6.1566782 0 200
0.368349737 0.914399982 -0.0200292581 -0.0754052848 328.627197 0 -6.1566782 0 200
0.365787158 0.914399982 -0.020274252 -0.0768171847 330.723328 0 -6.1566782 0 200
0.363224424 0.914399982 -0.0205176118 -0.0782223493 332.778503 0 -6.1566782 0 200
0.360661519 0.914399982 -0.0207591794 -0.0796108842 334.835571 0 -6.1566782 0 200
0.358098443 0.914399982 -0.020998914 -0.0809851363 336.861969 0 -6.1566782 0 200
0.35553521 0.914399982 -0.0212369703 -0.0823578387 338.859375 0 -6.1566782 0 200
0.352971818 0.914399982 -0.021473304 -0.0837220475 340.857605 0 -6.1566782 0 200
0.35040825 0.914399982 -0.0217077242 -0.0850675926 342.811798 0 -6.1566782 0 200
0.347844519 0.914399982 -0.0219403511 -0.0863994136 344.778259 0 -6.1566782 0 200
0.345280622 0.914399982 -0.022171153 -0.0877217278 346.720398 0 -6.1566782 0 200
0.342716559 0.914399982 -0.0224000883 -0.0890342295 348.607513 0 -6.1566782 0 200
0.340152332 0.914399982 -0.0226271915 -0.0903362185 350.543671 0 -6.1566782 0 200
0.337587935 0.914399982 -0.0228523647 -0.0916284993 352.443054 0 -6.1566782 0 200
0.335023377 0.914399982 -0.0230756951 -0.0929109156 354.275665 0 -6.1566782 0 200
0.332458647 0.914399982 -0.0232970391 -0.094183147 356.168549 0 -6.1566782 0 200
0.329893756 0.914399982 -0.0235165074 -0.0954456553 358.028137 0 -6.1566782 0 200
0.327328693 0.914399982 -0.0237339581 -0.0966988057 359.818024 0 -6.1566782 0 200
0.324763467 0.914399982 -0.0239494825 -0.0979426652 361.666321 0 -6.1566782 0 200
0.32219807 0.914399982 -0.0241629526 -0.0991769582 363.500244 0 -6.1566782 0 200
0.319632509 0.914399982 -0.0243744464 -0.10040202 365.267578 0 -6.1566782 0 200
0.317066776 0.914399982 -0.0245838475 -0.101617828 367.046875 0 -6.1566782 0 200
0.314500879 0.914399982 -0.0247912231 -0.102824286 368.834229 0 -6.1566782 0 200
0.311934809 0.914399982 -0.0249964552 -0.104021572 370.608612 0 -6.1566782 0 200
0.309368575 0.914399982 -0.0251996226 -0.105209157 372.367157 0 -6.1566782 0 200
0.306802167 0.914399982 -0.0254005786 -0.106386885 374.117737 0 -6.1566782 0 200
0.304235595 0.914399982 -0.0255994314 -0.107554257 375.861206 0 -6.1566782 0 200
0.301668847 0.914399982 -0.0257960025 -0.108711556 377.599335 0 -6.1566782 0 200
0.299101936 0.914399982 -0.0259904291 -0.109858491 379.332703 0 -6.1566782 0 200
0.296534849 0.914399982 -0.0261825112 -0.110994421 381.059479 0 -6.1566782 0 200
0.293967597 0.914399982 -0.026372379 -0.112119935 382.783844 0 -6.1566782 0 200
0.29140017 0.914399982 -0.0265598687 -0.113234833 384.504883 0 -6.1566782 0 200
0.288832576 0.914399982 -0.0267450536 -0.114339255 386.223236 0 -6.1566782 0 200
0.286264808 0.914399982 -0.0269278228 -0.115432955 387.939453 0 -6.1566782 0 200
0.283696871 0.914399982 -0.027108193 -0.116516419 389.653473 0 -6.1566782 0 200
0.281128764 0.914399982 -0.0272861165 -0.117589325 391.366272 0 -6.1566782 0 200
0.278560484 0.914399982 -0.0274615405 -0.118651673 393.082153 0 -6.1566782 0 200
0.275992036 0.914399982 -0.0276344787 -0.119701989 394.800079 0 -6.1566782 0 200
0.273423413 0.914399982 -0.0278048054 -0.120739847 396.525513 0 -6.1566782 0 200
0.270854625 0.914399982 -0.0279726101 -0.121763453 398.258484 0 -6.1566782 0 200
0.268285659 0.914399982 -0.0281376881 -0.122772194 400.000671 0 -6.1566782 0 200
0.26571653 0.914399982 -0.028300188 -0.123765901 401.752777 0 -6.1566782 0 200
0.263147224 0.914399982 -0.028459889 -0.124742694 403.517792 0 -6.1566782 0 200
0.260577754 0.914399982 -0.0286169049 -0.125702202 405.294281 0 -6.1566782 0 200
0.258008111 0.914399982 -0.028771076 -0.126644716 407.08548 0 -6.1566782 0 200
0.255438301 0.914399982 -0.028922435 -0.127572402 408.891846 0 -6.1566782 0 200
0.252868322 0.914399982 -0.0290709003 -0.12848489 410.716125 0 -6.1566782 0 200
0.250298175 0.914399982 -0.0292164224 -0.12938194 412.559784 0 -6.1566782 0 200
0.247727863 0.914399982 -0.0293590095 -0.130262494 414.425812 0 -6.1566782 0 200
0.245157382 0.914399982 -0.0294985138 -0.131125644 416.310455 0 -6.1566782 0 200
0.24258674 0.914399982 -0.0296350232 -0.13196975 418.214966 0 -6.1566782 0 200
0.240015929 0.914399982 -0.0297683111 -0.132794246 420.149445 0 -6.1566782 0 200
0.237444962 0.914399982 -0.0298985357 -0.133596852 422.105042 0 -6.1566782 0 200
0.234873826 0.914399982 -0.0300254017 -0.134376153 424.090515 0 -6.1566782 0 200
0.232302536 0.914399982 -0.0301491055 -0.135133445 426.100616 0 -6.1566782 0 200
0.229731084 0.914399982 -0.0302693739 -0.135868281 428.137329 0 -6.1566782 0 200
0.227159479 0.914399982 -0.0303863483 -0.136578694 430.198059 0 -6.1566782 0 200
0.224587715 0.914399982 -0.0304997754 -0.13726303 432.28421 0 -6.1566782 0 200
0.222015803 0.914399982 -0.0306097783 -0.137920663 434.393524 0 -6.1566782 0 200
0.219443737 0.914399982 -0.0307161302 -0.138550386 436.525848 0 -6.1566782 0 200
0.216871527 0.914399982 -0.0308189225 -0.139152303 438.700897 0 -6.1566782 0 200
0.214299169 0.914399982 -0.0309179571 -0.139726102 440.89975 0 -6.1566782 0 200
0.211726672 0.914399982 -0.0310133087 -0.14026916 443.09845 0 -6.1566782 0 200
0.209154032 0.914399982 -0.0311047418 -0.140779808 445.310242 0 -6.1566782 0 200
0.206581261 0.914399982 -0.0311923774 -0.141256273 447.5383 0 -6.1566782 0 200
0.204008353 0.914399982 -0.0312759312 -0.141697884 449.767761 0 -6.1566782 0 200
0.201435322 0.914399982 -0.0313555734 -0.142103031 452.0047 0 -6.1566782 0 200
0.198862163 0.914399982 -0.0314309729 -0.142470509 454.250793 0 -6.1566782 0 200
0.196288888 0.914399982 -0.0315023188 -0.142798409 456.510498 0 -6.1566782 0 200
0.193715495 0.914399982 -0.0315692775 -0.143083453 458.786194 0 -6.1566782 0 200
0.191141995 0.914399982 -0.0316319752 -0.143326238 461.072632 0 -6.1566782 0 200
0.18856839 0.914399982 -0.0316902003 -0.143524826 463.368896 0 -6.1566782 0 200
0.185994687 0.914399982 -0.0317439251 -0.143678993 465.674164 0 -6.1566782 0 200
0.183420893 0.914399982 -0.0317931001 -0.143784299 467.988586 0 -6.1566782 0 200
0.180847013 0.914399982 -0.0318375119 -0.143839553 470.306061 0 -6.1566782 0 200
0.178273056 0.914399982 -0.0318772494 -0.14384082 472.634705 0 -6.1566782 0 200
0.175699027 0.914399982 -0.0319120219 -0.14378202 474.968842 0 -6.1566782 0 200
0.173124936 0.914399982 -0.0319418619 -0.143668249 477.314362 0 -6.1566782 0 200
0.170550793 0.914399982 -0.0319667045 -0.143490955 479.670502 0 -6.1566782 0 200
0.167976603 0.914399982 -0.0319862563 -0.143243432 482.043549 0 -6.1566782 0 200
0.16540238 0.914399982 -0.0320006355 -0.142932385 484.434326 0 -6.1566782 0 200
0.162828132 0.914399982 -0.0320096607 -0.14254725 486.832062 0 -6.1566782 0 200
0.160253871 0.914399982 -0.032013087 -0.142083094 489.273895 0 -6.1566782 0 200
0.157679608 0.914399982 -0.0320109843 -0.141550645 491.738525 0 -6.1566782 0 200
0.155105356 0.914399982 -0.032003214 -0.140939176 494.240723 0 -6.1566782 0 200
0.152531129 0.914399982 -0.0319894713 -0.14023757 496.779816 0 -6.1566782 0 200
0.14995694 0.914399982 -0.0319698313 -0.139457822 499.368164 0 -6.1566782 0 200
0.147382805 0.914399982 -0.0319441416 -0.138600335 502.003998 0 -6.1566782 0 200
0.144808739 0.914399982 -0.0319122149 -0.137644216 504.664856 0 -6.1566782 0 200
0.142234762 0.914399982 -0.0318738137 -0.136583626 507.433868 0 -6.1566782 0 200
0.13966089 0.914399982 -0.0318289475 -0.135432556 510.249237 0 -6.1566782 0 200
0.137087141 0.914399982 -0.0317774731 -0.134192109 513.118713 0 -6.1566782 0 200
0.134513537 0.914399982 -0.0317192024 -0.132845268 516.107666 0 -6.1566782 0 200
0.1319401 0.914399982 -0.0316539416 -0.131367624 519.13501 0 -6.1566782 0 200
0.129366857 0.914399982 -0.0315814568 -0.129746109 522.249878 0 -6.1566782 0 200
0.126793831 0.914399982 -0.0315016702 -0.127985537 525.481995 0 -6.1566782 0 200
0.124221046 0.914399982 -0.0314144146 -0.126090169 528.739441 0 -6.1566782 0 200
0.121648533 0.914399982 -0.0313195134 -0.124051385 532.071289 0 -6.1566782 0 200
0.119076322 0.914399982 -0.0312167385 -0.121853665 535.534912 0 -6.1566782 0 200
0.116504447 0.914399982 -0.0311058819 -0.119484954 539.036011 0 -6.1566782 0 200
0.113932942 0.914399982 -0.0309867291 -0.116941541 542.575684 0 -6.1566782 0 200
0.11133913 0.914399982 -0.0308579003 -0.114316478 546.235046 0 -6.1566782 0 200
0.108869255 0.914399982 -0.0307269729 -0.111582033 549.972351 0 -6.1566782 0 200
0.106517412 0.914399982 -0.0305946177 -0.108799443 553.743774 0 -6.1566782 0 200
0.104277979 0.914399982 -0.0304613467 -0.105980903 557.574036 0 -6.1566782 0 200
0.102145596 0.914399982 -0.0303277099 -0.103149988 561.477112 0 -6.1566782 0 200
0.100115146 0.914399982 -0.030194359 -0.100315452 565.442993 0 -6.1566782 0 200
0.0981817748 0.914399982 -0.0300615229 -0.0974711329 569.454224 0 -6.1566782 0 200
0.0963408429 0.914399982 -0.0299296901 -0.094632782 573.508179 0 -6.1566782 0 200
0.0945879312 0.914399982 -0.0297992494 -0.0918169245 577.604126 0 -6.1566782 0 200
0.0929188367 0.914399982 -0.0296704632 -0.0890152901 581.733582 0 -6.1566782 0 200
0.0913295575 0.914399982 -0.0295435479 -0.086220935 585.901062 0 -6.1566782 0 200
0.0898162795 0.914399982 -0.0294187181 -0.0834191814 590.107849 0 -6.1566782 0 200
0.0883753581 0.914399982 -0.0292963007 -0.0805219188 594.340271 0 -6.1566782 0 200
0.0869347508 0.914399982 -0.0291702047 -0.0776270926 598.684509 0 -6.1566782 0 200
0.0854944718 0.914399982 -0.0290404139 -0.0746788606 603.20343 0 -6.1566782 0 200
0.0840545311 0.914399982 -0.0289069213 -0.0716286451 607.922607 0 -6.1566782 0 200
0.0826149498 0.914399982 -0.0287696071 -0.068483226 612.59314 0 -6.1566782 0 200
0.0811757428 0.914399982 -0.0286284242 -0.0652168244 617.088013 0 -6.1566782 0 200
0.079736934 0.914399982 -0.0284832398 -0.0618236363 621.410645 0 -6.1566782 0 200
0.0782985409 0.914399982 -0.028333993 -0.0582964458 625.658142 0 -6.1566782 0 200
0.0768605839 0.914399982 -0.0281806008 -0.0546344593 629.821411 0 -6.1566782 0 200
0.0754230847 0.914399982 -0.0280229761 -0.0508333705 633.908447 0 -6.1566782 0 200
0.0739860657 0.914399982 -0.0278610326 -0.0468905121 637.930359 0 -6.1566782 0 200
0.07254955 0.914399982 -0.0276946831 -0.0428022891 641.881592 0 -6.1566782 0 200
0.0711135632 0.914399982 -0.0275238279 -0.0385626145 645.783997 0 -6.1566782 0 200
0.069678133 0.914399982 -0.0273483587 -0.0341630206 649.612122 0 -6.1566782 0 200
0.0682432886 0.914399982 -0.0271681618 -0.0295937546 653.878845 0 -6.1566782 0 200
0.0668090617 0.914399982 -0.0269831137 -0.0248441733 657.909424 0 -6.1566782 0 200
0.0653754852 0.914399982 -0.0267930934 -0.0199010633 661.334595 0 -6.1566782 0 200
0.0639425964 0.914399982 -0.026597955 -0.014752985 664.872498 0 -6.1566782 0 200
0.06251043 0.914399982 -0.0263975827 -0.00940123014 668.487366 0 -6.1566782 0 200
0.0610790202 0.914399982 -0.0261918761 -0.00385299139 672.120605 0 -6.1566782 0 200
0.0596484052 0.914399982 -0.0259807118 0.00190612057 675.836609 0 -6.1566782 0 200
0.0582186391 0.914399982 -0.025763875 0.00790207181 679.630859 0 -6.1566782 0 200
0.0567897668 0.914399982 -0.0255412243 0.0141532188 683.47937 0 -6.1566782 0 200
0.0553618424 0.914399982 -0.0253125729 0.0206772275 687.380066 0 -6.1566782 0 200
0.0539349246 0.914399982 -0.0250777222 0.0274835993 691.341736 0 -6.1566782 0 200
0.0525090615 0.914399982 -0.0248365501 0.0345833749 695.3703 0 -6.1566782 0 200
0.0510843283 0.914399982 -0.0245887908 0.0419799723 699.472473 0 -6.1566782 0 200
0.0496607734 0.914399982 -0.0243343484 0.0496750884 703.655029 0 -6.1566782 0 200
0.0482384817 0.914399982 -0.0240729377 0.0577034838 707.956909 0 -6.1566782 0 200
0.0468175398 0.914399982 -0.0238042859 0.0661307648 712.409607 0 -6.1566782 0 200
0.0453980457 0.914399982 -0.023528087 0.0750063881 716.990173 0 -6.1566782 0 200
0.0439800856 0.914399982 -0.0232441178 0.0843428746 721.67511 0 -6.1566782 0 200
0.0425637587 0.914399982 -0.0229521117 0.0941392183 726.474121 0 -6.1566782 0 200
0.0411491691 0.914399982 -0.0226518022 0.104418337 731.394836 0 -6.1566782 0 200
0.0397364416 0.914399982 -0.022342852 0.11517895 736.450439 0 -6.1566782 0 200
0.0383257175 0.914399982 -0.0220248787 0.12647444 741.642517 0 -6.1566782 0 200
0.0369171746 0.914399982 -0.0216973784 0.138407424 746.983032 4.29939137e-05 -6.15568829 1 200
0.0355109695 0.914399982 -0.0213599822 0.151005566 752.479797 9.48720553e-05 -6.15451145 1 200
0.0341072749 0.914399982 -0.0210122889 0.164274797 758.195435 0.000148073144 -6.15332413 1 200
0.0327062875 0.914399982 -0.0206538428 0.178219154 764.134705 0.000203128511 -6.15211582 1 200
0.0313082232 0.914399982 -0.02028416 0.192886963 770.217651 0.000259183813 -6.15090466 1 200
0.0299133791 0.914399982 -0.0199025065 0.208427235 776.448608 0.000315969519 -6.14969587 1 200
0.0285220582 0.914399982 -0.0195082032 0.225063771 782.790527 0.0003737527 -6.14847994 1 200
0.0271345876 0.914399982 -0.0191005583 0.242934063 789.174255 0.000432503555 -6.14725542 1 200
0.0257513186 0.914399982 -0.0186788765 0.262080073 795.637207 0.000601346663 -6.1436882 1 200
0.0243726298 0.914399982 -0.0182424523 0.282388866 802.227112 0.00084410602 -6.13861465 1 200
0.0229990677 0.914399982 -0.0177901514 0.303927034 808.858093 0.00109159993 -6.13352633 1 200.00946
0.0216312253 0.914399982 -0.0173208367 0.327003837 815.443298 0.00134753133 -6.12834644 1 200.035172
0.0202698272 0.914399982 -0.0168331443 0.351858526 821.958618 0.00160967838 -6.12311316 1 200.070114
0.0189155406 0.914399982 -0.0163260384 0.378728718 828.360107 0.00187839055 -6.1178031 1 200.123596
0.0175692503 0.914399982 -0.0157980695 0.407844275 834.6651 0.00215284224 -6.11240911 1 200.219086
0.0162321003 0.914399982 -0.015247362 0.439194947 841.086121 0.00256680627 -6.10428143 1 200.443924
0.0149055813 0.914399982 -0.0146715184 0.473209292 847.832825 0.00334846647 -6.08891726 1 200.79248
0.0135911841 0.914399982 -0.0140685188 0.510370672 854.955078 0.00416126987 -6.07320356 1 201.192657
0.0122907103 0.914399982 -0.0134360502 0.550636768 862.448975 0.0050138128 -6.05698204 1 201.597275
0.0110067088 0.914399982 -0.0127707766 0.594438612 870.266113 0.00590122351 -6.0403223 1 201.975067
0.00974255726 0.914399982 -0.0120685174 0.642502248 878.533447 0.00693882257 -6.02109146 1 202.619186
0.00850202803 0.914399982 -0.0113253253 0.694690883 887.549377 0.00849799253 -5.99234867 1 203.602066
0.00728978378 0.914399982 -0.0105368381 0.74956727 897.303955 0.0101343999 -5.96280336 1 204.593338
0.00616084497 0.914399982 -0.00973202403 0.806093931 907.518188 0.0120732533 -5.92830181 1 205.875885
0.00514277206 0.914399982 -0.00893097999 0.861694932 917.748047 0.0142908907 -5.88932371 1 207.273438
0.00422996971 0.914399982 -0.00813515341 0.91274482 928.047546 0.0170761645 -5.84076786 1 209.238556
0.00343643316 0.914399982 -0.00736356438 0.95716691 939.20166 0.0201833006 -5.78770351 1 211.316071
0.00274285069 0.914399982 -0.00660441773 0.99172616 951.969604 0.0240361039 -5.7232151 1 214.18251
0.00213648818 0.914399982 -0.00585018865 1.01382887 966.305603 0.0283425897 -5.65304327 1 217.311127
0.00161211138 0.914399982 -0.00510044783 1.01918399 981.624634 0.0338749029 -5.56421089 1 221.922256
0.00116988774 0.914399982 -0.00436125254 1.00353742 997.808411 0.0401101485 -5.46647453 1 226.264755
0.000805392804 0.914399982 -0.00363199488 0.965571105 1016.26526 0.0479649678 -5.34648943 1 233.571808
0.00051469137 0.914399982 -0.00291212333 0.901899815 1038.29675 0.0569767803 -5.21457529 1 239.383041
0.000289792079 0.914399982 -0.00218676897 0.809772134 1063.39807 0.068623282 -5.04893208 1 250.550446
0.000128627554 0.914399982 -0.00145413345 0.688818097 1091.95911 0.0826859921 -4.85728168 1 263.250031
3.20963786e-05 0.914399982 -0.000722702615 0.541091204 1125.7041 0.099829115 -4.63454103 1 278.838806
-8.18412707e-09 0.914399982 -7.8016762e-10 0.370386362 1162.35632 0.121255815 -4.36764717 1 305.094482
3.17941236e-05 0.914399982 0.000719176834 0.183721438 1199.8573 0.146281704 -4.06460381 1 325.230438
0.000127329866 0.914399982 0.00144672079 -0.0122778863 1237.99536 0.176514402 -3.71160054 1 375.091064
0.000287011983 0.914399982 0.00217624136 -0.213941172 1276.44324 0.208125129 -3.36260772 1 411.655609
0.000509847083 0.914399982 0.00289847388 -0.41326043 1315.35681 0.243926585 -2.97777081 1 441.051331
0.000798755786 0.914399982 0.00361739139 -0.599825561 1350.93884 0.285057575 -2.54260516 1 513.436401
0.00116083968 0.914399982 0.00434485961 -0.766869605 1380.99121 0.326478839 -2.11240888 1 562.717529
0.00159974379 0.914399982 0.00508132568 -0.913470626 1405.69043 0.369832695 -1.65592301 1 564.600586
0.00211753308 0.914399982 0.00582495707 -1.03877223 1419.70361 0.422903597 -1.06329024 1 629.861755
0.00271975272 0.914399982 0.00657746412 -1.14257145 1420.09509 0.476017892 -0.428086191 1 694.188599
0.00340675316 0.914399982 0.00733289967 -1.22541726 1405.38147 0.525497913 0 0.996171236 738.970886
0.00419414951 0.914399982 0.00810221109 -1.2869488 1365.41272 0.569926023 0 0.9433074 771.600769
0.00509625241 0.914399982 0.00889228885 -1.33084357 1300.37708 0.611571372 0 0.679722011 825.56842
0.00610047406 0.914399982 0.00968659439 -1.36177146 1223.28967 0.646982372 0 0.516161501 853.302368
0.00721725929 0.914399982 0.0104873709 -1.37897635 1130.65601 0.675188363 0 0.423945308 866.541077
0.00842161236 0.914399982 0.0112750257 -1.38527989 1012.22284 0.694858074 0 0.366382271 873.935547
0.00965428513 0.914399982 0.0120175784 -1.38472068 878.01947 0.704987347 0 0.328105211 878.570801
0.0109107177 0.914399982 0.0127191791 -1.37896323 743.485535 0.706631482 0 0.303949207 881.43042
0.0121870365 0.914399982 0.0133839173 -1.36971807 616.366089 0.70086813 0 0.294567555 882.534302
0.0134799311 0.914399982 0.0140158115 -1.35767734 504.937744 0.688508928 0 0.307830572 880.980835
0.0147867318 0.914399982 0.0146184215 -1.34445155 405.328522 0.670537651 0 0.356265306 875.299377
0.016105753 0.914399982 0.0151937912 -1.33085537 337.102966 0.648104548 0 0.454191029 863.764709
0.0174353865 0.914399982 0.0157441928 -1.31662154 349.16568 0.622209311 0 0.43369624 865.935303
0.0187742445 0.914399982 0.0162717597 -1.30189824 385.680664 0.593399823 0 0.336033404 876.922058
0.0201210962 0.914399982 0.0167785712 -1.28723204 403.822266 0.562289476 0 0.287348747 881.663513
0.0214751029 0.914399982 0.0172659452 -1.27292657 431.141541 0.529906034 0 0.269756973 881.738647
0.022835535 0.914399982 0.0177350849 -1.25894916 465.320038 0.496893108 0 0.268810183 878.077026
0.0242017369 0.914399982 0.0181871468 -1.2452054 503.401459 0.463433385 0 0.279221028 870.267578
0.0255730686 0.914399982 0.0186234001 -1.2317332 540.036072 0.430439979 0 0.298172444 857.548523
0.0269490089 0.914399982 0.0190448927 -1.21863818 570.325073 0.399463296 0 0.319866896 840.726196
0.0283291553 0.914399982 0.0194524012 -1.20589101 594.802734 0.371037155 0 0.347808361 818.91864
0.0297131607 0.914399982 0.0198466051 -1.19342601 613.904846 0.345098734 0 0.389711767 791.389587
0.0311006962 0.914399982 0.020228198 -1.18120408 628.431091 0.322300881 0 0.452918589 755.218506
0.0324914619 0.914399982 0.020597845 -1.16923332 641.206177 0.301586956 0 0.555210292 699.811035
0.0338851739 0.914399982 0.0209562226 -1.15758479 651.710144 0.282507718 0 0.739583135 602.775879
0.0352815876 0.914399982 0.0213039246 -1.14630651 658.048401 0.264739782 0 0.952535152 481.69754
0.0366805184 0.914399982 0.0216413566 -1.13535559 661.252136 0.248342559 0 0.995899618 432.326019
0.0380818015 0.914399982 0.0219688835 -1.12466753 663.767334 0.233329177 -0.16290313 1 403.91629
0.0394852649 0.914399982 0.0222869376 -1.11424136 666.502563 0.219473377 -0.541562021 1 380.127747
0.0408907416 0.914399982 0.0225959739 -1.10410094 668.519165 0.206592888 -0.886701167 1 360.752655
0.0422980875 0.914399982 0.0228963829 -1.09426463 668.788635 0.196115032 -1.15620017 1 351.156708
0.0437071758 0.914399982 0.02318851 -1.08472013 667.53656 0.186709195 -1.3873173 1 346.644012
0.0451179004 0.914399982 0.0234726299 -1.07542515 665.403381 0.177887857 -1.59785306 1 339.816101
0.0465301623 0.914399982 0.0237490072 -1.06633961 662.759033 0.169549152 -1.79379296 1 331.71756
0.0479438761 0.914399982 0.0240178595 -1.0574261 660.089722 0.161587045 -1.9813112 1 322.517853
0.0493589461 0.914399982 0.0242794793 -1.04867458 657.7146 0.153999701 -2.16239738 1 312.900116
0.0507752826 0.914399982 0.0245341536 -1.04010928 655.880127 0.146790758 -2.33821154 1 303.647125
0.0521928037 0.914399982 0.0247821493 -1.03174126 654.467407 0.139978841 -2.5070703 1 294.573944
0.053611457 0.914399982 0.0250235848 -1.02354729 653.036865 0.133531183 -2.66719842 1 286.530182
0.0550311681 0.914399982 0.0252587197 -1.01551354 651.255554 0.127382174 -2.81843567 1 278.376251
0.0564518876 0.914399982 0.025487683 -1.00763333 649.031921 0.121848345 -2.95238566 1 272.586273
0.0578735603 0.914399982 0.0257106511 -0.999890625 646.410034 0.116976365 -3.06819391 1 269.540405
0.0592961273 0.914399982 0.0259278406 -0.992282867 643.592224 0.112293437 -3.17892981 1 266.416107
0.0607195509 0.914399982 0.026139343 -0.984804869 640.782043 0.107807294 -3.28530979 1 263.178009
0.0621437714 0.914399982 0.026345411 -0.977464736 637.944214 0.103485122 -3.38804841 1 259.7612
0.063568751 0.914399982 0.0265461631 -0.970270753 635.047302 0.0993046686 -3.48761773 1 256.176361
0.064994453 0.914399982 0.0267417178 -0.96320343 632.146484 0.0952516347 -3.58460093 1 252.444534
0.066420846 0.914399982 0.0269321681 -0.956240773 629.263794 0.0913165063 -3.67934322 1 248.709473
0.0678478935 0.914399982 0.0271176497 -0.949376464 626.438721 0.0875101909 -3.77168703 1 245.088791
0.0692755612 0.914399982 0.0272982955 -0.942615807 623.754639 0.083845906 -3.86151528 1 241.601044
0.0707038184 0.914399982 0.0274742205 -0.935960233 621.269714 0.0803238899 -3.94896579 1 238.378448
0.0721326342 0.914399982 0.0276455485 -0.929407835 618.896179 0.0769036487 -4.03467131 1 235.174515
0.0735619812 0.914399982 0.0278123874 -0.922958612 616.555969 0.0737331063 -4.11433935 1 232.60759
0.0749918329 0.914399982 0.0279748443 -0.916609883 614.251221 0.0710463747 -4.181458 1 231.015121
0.076422167 0.914399982 0.028132998 -0.910354674 611.970154 0.0684159622 -4.24757481 1 229.682419
0.0778529609 0.914399982 0.0282869361 -0.904182076 609.717651 0.0658542886 -4.31229353 1 228.403809
0.0792841958 0.914399982 0.0284367182 -0.898081303 607.49823 0.0633516908 -4.37587452 1 227.104065
0.0807158493 0.914399982 0.0285824455 -0.892037868 605.332886 0.0609140955 -4.43820381 1 225.770599
0.0821479085 0.914399982 0.0287241284 -0.886063814 603.24585 0.058539357 -4.49938774 1 224.397873
0.0835803295 0.914399982 0.0288621061 -0.880181015 601.197815 0.0562079884 -4.55981493 1 222.933929
0.085013118 0.914399982 0.028996215 -0.874403 599.150208 0.0539206639 -4.61938572 1 221.457672
0.0864462491 0.914399982 0.029126612 -0.868688405 597.105713 0.0516870804 -4.67783165 1 219.989059
0.0878797114 0.914399982 0.0292533156 -0.863118947 595.066406 0.0495059192 -4.73519087 1 218.567139
0.0893124563 0.914399982 0.0293763726 -0.857576489 593.038391 0.0476522781 -4.78363562 1 217.502213
0.0908171694 0.914399982 0.0295016658 -0.851876736 591.026672 0.0459312424 -4.82869864 1 216.778305
0.0923974449 0.914399982 0.029629238 -0.845899284 589.031799 0.0442392267 -4.8732543 1 216.120041
0.0940570855 0.914399982 0.0297587638 -0.839708209 587.054199 0.0425752997 -4.91732264 1 215.488647
0.0958000717 0.914399982 0.0298900254 -0.833282888 585.092773 0.040937528 -4.96094894 1 214.840958
0.0976305922 0.914399982 0.0300226413 -0.826602221 583.148193 0.0393259339 -5.00413036 1 214.167557
0.0995530378 0.914399982 0.0301562624 -0.819669425 581.218994 0.0377418548 -5.04678822 1 213.423294
0.101572004 0.914399982 0.0302907139 -0.812499821 579.305481 0.0361853391 -5.08893585 1 212.63736
0.103692349 0.914399982 0.0304252619 -0.805079043 577.410339 0.0346523672 -5.13069296 1 211.806915
0.105919135 0.914399982 0.0305597031 -0.797397673 575.543091 0.0331475437 -5.17194605 1 211.002991
0.108257701 0.914399982 0.0306933597 -0.78945291 573.702881 0.0319282338 -5.20507765 1 210.40416
0.110713646 0.914399982 0.0308255783 -0.781192482 571.884949 0.030761769 -5.23692894 1 209.973373
0.113292837 0.914399982 0.0309558151 -0.772835791 570.103638 0.029608462 -5.26864815 1 209.585037
0.115868178 0.914399982 0.0310772345 -0.76445055 567.803711 0.0284556691 -5.29976892 1 209.210083
0.118443899 0.914399982 0.0311902827 -0.756234527 565.392456 0.0273232535 -5.33035946 1 208.833267
0.121019967 0.914399982 0.0312951718 -0.748134553 563.442749 0.0261759814 -5.36230659 1 208.427231
0.123596345 0.914399982 0.0313921188 -0.740145087 561.50116 0.0249810964 -5.39590788 1 207.941208
0.126173003 0.914399982 0.0314813059 -0.732254803 559.546692 0.0237625744 -5.43043232 1 207.402618
0.128749911 0.914399982 0.0315629617 -0.724460125 557.498596 0.0225239005 -5.46569586 1 206.818665
0.131327042 0.914399982 0.0316372545 -0.716757655 555.327576 0.0212540459 -5.50203371 1 206.201736
0.13390437 0.914399982 0.0317043525 -0.709147274 553.056335 0.0201150198 -5.53454685 1 205.659241
0.136481871 0.914399982 0.0317644283 -0.701624453 550.662476 0.019011423 -5.56613445 1 205.211761
0.139059525 0.914399982 0.031817584 -0.694181323 548.122925 0.0178876035 -5.59847832 1 204.784088
0.141637309 0.914399982 0.0318639853 -0.68681407 545.545898 0.0167287663 -5.63217878 1 204.357361
0.144215202 0.914399982 0.0319038691 -0.679547966 542.920654 0.0155535853 -5.66666079 1 203.932785
0.146793186 0.914399982 0.031937372 -0.672383368 540.213257 0.0145166814 -5.69705153 1 203.562073
0.149371244 0.914399982 0.0319645981 -0.665275812 537.594788 0.0135226948 -5.72646761 1 203.238586
0.15194936 0.914399982 0.0319855684 -0.658217311 534.996948 0.0125465812 -5.75559998 1 202.917343
0.154527518 0.914399982 0.0320005731 -0.651233613 532.400269 0.0115988879 -5.78409576 1 202.602188
0.157105703 0.914399982 0.032009777 -0.644335926 529.820679 0.0106760729 -5.81205654 1 202.288284
0.159683902 0.914399982 0.0320131373 -0.637504697 527.29364 0.00985013507 -5.83718491 1 202.007095
0.162262103 0.914399982 0.0320108359 -0.630732298 524.83252 0.00911886711 -5.85952711 1 201.77536
0.164840292 0.914399982 0.032003077 -0.624027669 522.441528 0.00840480626 -5.88154697 1 201.560242
0.16741846 0.914399982 0.0319898652 -0.617385507 520.131531 0.00770383142 -5.90337324 1 201.35556
0.169996595 0.914399982 0.0319712932 -0.610803962 517.92395 0.0070186248 -5.92491388 1 201.161606
0.172574688 0.914399982 0.0319476332 -0.604290783 515.824585 0.00643838244 -5.94321346 1 200.989365
0.175152728 0.914399982 0.0319187767 -0.597841024 513.792786 0.00590721518 -5.96006107 1 200.839188
0.177730707 0.914399982 0.0318849457 -0.591454148 511.773041 0.00538946269 -5.97659397 1 200.702637
0.180308619 0.914399982 0.0318462868 -0.585132122 509.784332 0.00487786438 -5.99305344 1 200.576019
0.182886452 0.914399982 0.0318026742 -0.578864098 507.864502 0.00439697737 -6.00862885 1 200.4646
0.185464202 0.914399982 0.0317544544 -0.572651505 505.956207 0.00398782967 -6.02190542 1 200.372238
0.188041861 0.914399982 0.0317015621 -0.566496849 503.992981 0.00359003642 -6.03488111 1 200.29126
0.190619423 0.914399982 0.0316441414 -0.560395479 502.025116 0.00319591304 -6.04782963 1 200.217819
0.193196883 0.914399982 0.031582296 -0.554347396 500.103394 0.00280974666 -6.0606122 1 200.154037
0.195774232 0.914399982 0.0315160055 -0.548351228 498.136383 0.00251839147 -6.07023811 1 200.104141
0.198351471 0.914399982 0.0314455328 -0.542406619 496.131714 0.002283504 -6.07799625 1 200.066238
0.200928586 0.914399982 0.0313706944 -0.53651005 494.179657 0.00205232506 -6.08569288 1 200.038071
0.203505582 0.914399982 0.0312918604 -0.530662417 492.199188 0.00182972301 -6.09314537 1 200.018951
0.206082447 0.914399982 0.0312088442 -0.524863601 490.195404 0.0016085261 -6.1006031 1 200.006485
0.208659183 0.914399982 0.0311219381 -0.519110322 488.253418 0.00139178406 -6.10796976 1 200.00058
0.211235781 0.914399982 0.0310310196 -0.513401449 486.306366 0.00118202437 -6.11514378 1 200
0.213812243 0.914399982 0.0309363212 -0.50773567 484.380463 0.0010281424 -6.12040854 1 200
0.216388561 0.914399982 0.0308377791 -0.502112925 482.518097 0.000948569912 -6.12309313 1 200
0.218964735 0.914399982 0.0307355713 -0.496531993 480.672943 0.000869987532 -6.12576389 1 200
0.221540761 0.914399982 0.0306296625 -0.490992516 478.88089 0.000791902887 -6.12843943 1 200
0.224116638 0.914399982 0.0305202144 -0.485493541 477.129181 0.000715443282 -6.13107729 1 200
0.226692361 0.914399982 0.0304071745 -0.480033696 475.421082 0.000639326579 -6.13372278 1 200
0.229267931 0.914399982 0.0302907237 -0.474612743 473.762482 0.0005648121 -6.1363287 1 200
0.231843342 0.914399982 0.0301707915 -0.469230473 472.142517 0.000490755774 -6.13893652 1 200
0.234418597 0.914399982 0.0300475797 -0.4638879 470.571808 0.000418281037 -6.14150572 1 200
0.236993689 0.914399982 0.0299209855 -0.458585441 469.028625 0.00034722322 -6.14404106 1 200
0.239568624 0.914399982 0.0297912424 -0.453321874 467.522949 0.000277250132 -6.14655352 1 200
0.242143391 0.914399982 0.0296581954 -0.448089778 466.044006 0.000214015803 -6.14883709 1 200
0.244717998 0.914399982 0.0295221146 -0.442882031 464.591125 0.000195889967 -6.14947891 1 200
0.247292435 0.914399982 0.0293828288 -0.437699467 463.160156 0.000177932059 -6.15011883 1 200
0.24986671 0.914399982 0.0292405987 -0.432545811 461.746857 0.000160056239 -6.15076065 1 200
0.252440814 0.914399982 0.0290952986 -0.427421719 460.347443 0.00014237198 -6.15139914 1 200
0.255014754 0.914399982 0.0289471127 -0.422326297 458.949707 0.000124850907 -6.15203524 1 200
0.257588522 0.914399982 0.0287959881 -0.417261064 457.56131 0.000107486791 -6.15266895 1 200
0.260162123 0.914399982 0.0286420252 -0.412224859 456.175598 9.03395121e-05 -6.15329885 1 200
0.262735553 0.914399982 0.0284852469 -0.407217056 454.789978 7.33567576e-05 -6.15392542 1 200
0.265308812 0.914399982 0.0283256815 -0.402237713 453.405334 5.66643139e-05 -6.15454531 1 200
0.267881903 0.914399982 0.0281634281 -0.397287786 452.018555 4.02923797e-05 -6.15515709 1 200
0.27045482 0.914399982 0.0279984376 -0.392367244 450.624969 2.43674895e-05 -6.15575552 1 200
0.273027571 0.914399982 0.0278308701 -0.387475967 449.226257 8.47791125e-06 -6.15635633 1 200
0.275600144 0.914399982 0.0276606079 -0.382612705 447.833771 0 -6.1566782 0 200
0.278172552 0.914399982 0.02748786 -0.37777704 446.437042 0 -6.1566782 0 200
0.280744782 0.914399982 0.0273124906 -0.372968018 445.040802 0 -6.1566782 0 200
0.283316846 0.914399982 0.0271346928 -0.368185222 443.647644 0 -6.1566782 0 200
0.285888735 0.914399982 0.0269543875 -0.363429427 442.25943 0 -6.1566782 0 200
0.288460455 0.914399982 0.0267716903 -0.358698964 440.876404 0 -6.1566782 0 200
0.291032003 0.914399982 0.0265865738 -0.353992283 439.50177 0 -6.1566782 0 200
0.29360338 0.914399982 0.026399104 -0.349308223 438.139954 0 -6.1566782 0 200
0.296174586 0.914399982 0.0262093064 -0.344646305 436.786926 0 -6.1566782 0 200
0.29874562 0.914399982 0.0260171953 -0.340005696 435.443329 0 -6.1566782 0 200
0.301316486 0.914399982 0.0258228425 -0.335386008 434.109192 0 -6.1566782 0 200
0.303887178 0.914399982 0.0256262152 -0.330786288 432.792267 0 -6.1566782 0 200
0.306457704 0.914399982 0.0254274166 -0.326205939 431.486328 0 -6.1566782 0 200
0.309028056 0.914399982 0.025226386 -0.321644127 430.203888 0 -6.1566782 0 200
0.311598243 0.914399982 0.0250232499 -0.317100167 428.938049 0 -6.1566782 0 200
0.314168256 0.914399982 0.0248179235 -0.312573284 427.692383 0 -6.1566782 0 200
0.316738104 0.914399982 0.0246105535 -0.308062911 426.468628 0 -6.1566782 0 200
0.319307779 0.914399982 0.0244010446 -0.303567857 425.264069 0 -6.1566782 0 200
0.32187729 0.914399982 0.0241895324 -0.299086243 424.07959 0 -6.1566782 0 200
0.324446629 0.914399982 0.0239759379 -0.29461652 422.914185 0 -6.1566782 0 200
0.327015803 0.914399982 0.0237603734 -0.290157497 421.768524 0 -6.1566782 0 200
0.329584806 0.914399982 0.0235427819 -0.285709202 420.639465 0 -6.1566782 0 200
0.332153644 0.914399982 0.0233232546 -0.281271428 419.526001 0 -6.1566782 0 200
0.334722314 0.914399982 0.0231017543 -0.276843876 418.425781 0 -6.1566782 0 200
0.337290817 0.914399982 0.0228783444 -0.272426099 417.342896 0 -6.1566782 0 200
0.339859154 0.914399982 0.0226530243 -0.26801756 416.26947 0 -6.1566782 0 200
0.342427324 0.914399982 0.0224258003 -0.263617069 415.209015 0 -6.1566782 0 200
0.344995329 0.914399982 0.0221967295 -0.259224117 414.158844 0 -6.1566782 0 200
0.347563164 0.914399982 0.0219657647 -0.25483802 413.117828 0 -6.1566782 0 200
0.350130838 0.914399982 0.0217330137 -0.250458449 412.085083 0 -6.1566782 0 200
0.352698341 0.914399982 0.0214983804 -0.246083438 411.057709 0 -6.1566782 0 200
0.355265681 0.914399982 0.0212619755 -0.241709217 410.037537 0 -6.1566782 0 200
0.357832846 0.914399982 0.0210236648 -0.237335756 409.020355 0 -6.1566782 0 200
0.360399856 0.914399982 0.020783702 -0.232970491 408.006836 0 -6.1566782 0 200
0.362966707 0.914399982 0.0205420412 -0.228611261 406.995544 0 -6.1566782 0 200
0.365533374 0.914399982 0.0202984401 -0.224246338 405.985596 0 -6.1566782 0 200
0.368099885 0.914399982 0.0200531987 -0.219881877 404.974731 0 -6.1566782 0 200
0.37066624 0.914399982 0.0198063264 -0.215521082 403.961609 0 -6.1566782 0 200
0.373232409 0.914399982 0.0195575285 -0.211152598 402.950043 0 -6.1566782 0 200
0.375798423 0.914399982 0.0193071313 -0.206781447 401.93399 0 -6.1566782 0 200
0.378364279 0.914399982 0.019055128 -0.202411622 400.916595 0 -6.1566782 0 200
0.38092995 0.914399982 0.0188012431 -0.198032618 399.89621 0 -6.1566782 0 200
0.383495464 0.914399982 0.0185457892 -0.193647459 398.871155 0 -6.1566782 0 200
0.386060815 0.914399982 0.0182886908 -0.189259559 397.828674 0 -6.1566782 0 200
0.388625987 0.914399982 0.0180298195 -0.184862852 396.772278 0 -6.1566782 0 200
0.391191004 0.914399982 0.0177694106 -0.180458516 395.749512 0 -6.1566782 0 200
0.393755845 0.914399982 0.017507271 -0.176045507 394.709229 0 -6.1566782 0 200
0.396320517 0.914399982 0.0172434929 -0.171622172 393.633636 0 -6.1566782 0 200
0.39888503 0.914399982 0.0169781651 -0.167189255 392.598907 0 -6.1566782 0 200
0.401449356 0.914399982 0.016711047 -0.1627426 391.566284 0 -6.1566782 0 200
0.404013528 0.914399982 0.0164424431 -0.158282518 390.487488 0 -6.1566782 0 200
0.406577516 0.914399982 0.0161720962 -0.15380846 389.427124 0 -6.1566782 0 200
0.409141339 0.914399982 0.0159001827 -0.149318889 388.380859 0 -6.1566782 0 200
0.41170499 0.914399982 0.0156266566 -0.144814685 387.291718 0 -6.1566782 0 200
0.414268464 0.914399982 0.015351477 -0.140293121 386.217224 0 -6.1566782 0 200
0.416831768 0.914399982 0.0150747174 -0.135752976 385.152405 0 -6.1566782 0 200
0.419394891 0.914399982 0.0147962876 -0.131193787 384.054962 0 -6.1566782 0 200
0.421957846 0.914399982 0.0145163095 -0.12661463 382.981567 0 -6.1566782 0 200
0.424520615 0.914399982 0.0142346401 -0.122013882 381.890106 0 -6.1566782 0 200
0.427083212 0.914399982 0.0139514141 -0.117390618 380.777405 0 -6.1566782 0 200
0.429645627 0.914399982 0.0136665334 -0.112743832 379.701691 0 -6.1566782 0 200
0.432207861 0.914399982 0.0133800351 -0.108072311 378.596344 0 -6.1566782 0 200
0.434769915 0.914399982 0.0130919408 -0.103375748 377.486542 0 -6.1566782 0 200
0.437331782 0.914399982 0.0128021761 -0.0986525342 376.375305 0 -6.1566782 0 200
0.439893474 0.914399982 0.0125108748 -0.0939014629 375.247742 0 -6.1566782 0 200
0.442454967 0.914399982 0.0122178211 -0.0891196877 374.14328 0 -6.1566782 0 200
0.445016278 0.914399982 0.0119231912 -0.0843075216 373.016479 0 -6.1566782 0 200
0.447577404 0.914399982 0.011626955 -0.0794655979 371.879272 0 -6.1566782 0 200
0.45013833 0.914399982 0.0113289909 -0.0745899379 370.74408 0 -6.1566782 0 200
0.452699069 0.914399982 0.0110294258 -0.0696814433 369.599945 0 -6.1566782 0 200
0.455259619 0.914399982 0.0107282484 -0.0647404566 368.44989 0 -6.1566782 0 200
0.457819962 0.914399982 0.0104253199 -0.0597622879 367.288208 0 -6.1566782 0 200
0.460380109 0.914399982 0.0101207367 -0.0547468439 366.120605 0 -6.1566782 0 200
0.462940061 0.914399982 0.00981451781 -0.0496965162 364.937622 0 -6.1566782 0 200
0.46549981 0.914399982 0.00950660895 -0.0446098819 363.749512 0 -6.1566782 0 200
0.468059357 0.914399982 0.00919701723 -0.0394845717 362.545746 0 -6.1566782 0 200
0.47061869 0.914399982 0.0088856712 -0.0343193039 361.324432 0 -6.1566782 0 200
0.473177816 0.914399982 0.0085726292 -0.0291146226 360.097656 0 -6.1566782 0 200
0.475736732 0.914399982 0.00825786855 -0.0238714311 358.843384 0 -6.1566782 0 200
0.478295434 0.914399982 0.00794137496 -0.0185894743 357.586517 0 -6.1566782 0 200
0.480853921 0.914399982 0.00762314525 -0.0132690091 356.297516 0 -6.1566782 0 200
0.483412189 0.914399982 0.00730316753 -0.00791069772 354.973175 0 -6.1566782 0 200
0.485970238 0.914399982 0.00698143863 -0.00251404988 353.663544 0 -6.1566782 0 200
0.488528057 0.914399982 0.00665788786 0.0029217538 352.309174 0 -6.1566782 0 200
0.491085649 0.914399982 0.0063325434 0.0083950758 350.902069 0 -6.1566782 0 200
0.493643014 0.914399982 0.00600542351 0.0139035638 349.489014 0 -6.1566782 0 200
0.496200149 0.914399982 0.0056765146 0.0194470342 348.048248 0 -6.1566782 0 200
0.498757039 0.914399982 0.00534570177 0.0250255559 346.557617 0 -6.1566782 0 200
0.501313699 0.914399982 0.00501311406 0.0306377728 345.025909 0 -6.1566782 0 200
0.503870103 0.914399982 0.00467856306 0.036282029 343.455688 0 -6.1566782 0 200
0.50642627 0.914399982 0.0043422108 0.0419565514 341.848541 0 -6.1566782 0 200
0.508982184 0.914399982 0.0040039379 0.0476564206 340.195526 0 -6.1566782 0 200
0.511537855 0.914399982 0.00366384071 0.0533822067 338.485504 0 -6.1566782 0 200
0.514093255 0.914399982 0.00332170415 0.0591276251 336.722748 0 -6.1566782 0 200
0.516648403 0.914399982 0.00297770244 0.0648976341 334.900421 0 -6.1566782 0 200
0.519203289 0.914399982 0.00263174854 0.0706677958 333.005585 0 -6.1566782 0 200
0.521757904 0.914399982 0.00228380711 0.0764626861 331.044464 0 -6.1566782 0 200
0.524312244 0.914399982 0.00193384576 0.082199201 329.01886 0 -6.1566782 0 200
0.526866315 0.914399982 0.00158192817 0.0878836438 326.904327 0 -6.1566782 0 200
0.52942009 0.914399982 0.00122787388 0.0925536826 324.687683 0 -6.1566782 0 200
0.531069981 0.914399982 0.000998093031 0.096215412 322.383484 0 -6.1566782 0 200
0.532101091 0.914399982 0.000853961954 0.0981456786 319.968262 0 -6.1566782 0 200
0.532745525 0.914399982 0.000763814193 0.0986770913 317.428864 0 -6.1566782 0 200
0.533148284 0.914399982 0.000707382481 0.0988193229 314.775299 0 -6.1566782 0 200
0.533400004 0.914399982 0.000672085901 0.0954329818 311.972778 0 -6.1566782 0 200
0.533400001 0.914399982 0.000582474699 0.0881093964 308.99646 0 -6.1566782 0 200
0.533399997 0.914399982 0.000492863497 0.0923226997 305.853821 0 -6.1566782 0 200
0.533399993 0.914399982 0.000403252296 0.0921963081 302.54364 0 -6.1566782 0 200
0.533399989 0.914399982 0.000313641094 0.0932006389 299.006134 0 -6.1566782 0 200
0.533399987 0.914399982 0.000224029892 0.0939021185 295.211853 0 -6.1566782 0 200
0.533399989 0.914399982 0.000134418691 0.0946045071 291.148712 0 -6.1566782 0 200
0.53339999 0.914399982 4.48074889e-05 0.0950235948 286.749664 0 -6.1566782 0 200
0.533399991 0.914399982 -4.48037127e-05 0.0951114669 282.307861 0 -6.1566782 0 200
0.533399993 0.914399982 -0.000134414914 0.0948637202 278.78006 0 -6.1566782 0 200
0.533399994 0.914399982 -0.000224026116 0.0941695869 276.576569 0 -6.1566782 0 200
0.533399998 0.914399982 -0.000313637317 0.0935161412 276.355347 0 -6.1566782 0 200
0.533400005 0.914399982 -0.000403248519 0.0919943675 279.042664 0 -6.1566782 0 200
0.533400012 0.914399982 -0.00049285972 0.0926277936 300.263245 0 -6.1566782 0 200
0.533400018 0.914399982 -0.00058247092 0.0851805359 284.744354 0 -6.1566782 0 200

