#+++++++++++++++++++++++++++++++++++++++++++++++++++++++++++++++++++++++++++++++++++++++++++++++++++++++++++++++++++++++++++++++++
#
#   IPW-3 Cut/Slice DATA SUBMITTAL FORM for Test Case NACA0012_AE3932, May 18th 2026
#
#       NOMENCLATURE:
#                  X [m]:  X-coordinate of the surface (clean for reference)
#                  Y [m]:  Y-coordinate of the surface (clean for reference)
#                  Z [m]:  Z-coordinate of the surface (clean for reference)
#                 Cp [-]:  Pressure coefficient
#            HTC [W/m2K]:  Convective Heat Transfer Coefficient (on the rough surface)
#               Beta [-]:  Collection efficiency
#                 Ts [K]:  Surface temperature
#                 FF [-]:  Freezing fraction
#                  k [m]:  Surface roughness height if variable (OPTIONAL)
#         RhoIce [kg/m3]:  Ice density (OPTIONAL)
#      HTC_CLEAN [W/m2K]:  Convective Heat Transfer Coefficient on the surface without roughness (OPTIONAL)
#
#                XXmm:  Roughness height used for the case, in mm.
#                       In the zone name, use the format KS_XXmm.
#                       For example, if k_s = 1.5 mm, use KS_1p5mm. 
#                       For Variable roughness, use KS_VAR
#
#    FLOW CONDITIONS:
#                                   AOA: 4.0 deg
#                           Mach Number: 0.3151 [-]
#       Mean aerodynamic chord (M.A.C.): 0.5334 [m]
#                       Reynolds Number: 3.9795 million (based on MAC)
#                       Freestream Temp: 267.55 [K]
#                        Reference area: 0.97548 [m2]
#               Moment Reference Center: 0.13335, 0, 0 [m] (X, Y, Z)
#
#    ICING CONDITIONS:
#                           Icing Time: 420 [s]
#                                  LWC: 0.55 [g/m3]
#                                  MVD: 20 [μm]
#
#              NOTES: 1. Please use at least 5 decimal places in the numerical values
#                     2. If data are NOT provided, please fill data fields with a numerical value of "-999" 
#
#++++++++++++++++++++++++++++++++++++++++++++++++++++++++++++++++++++++++++++++++++++++++++++++++++++++++++++++++++++

VARIABLES = "X" "Y" "Z" "Cp" "HTC" "Beta" "Ts" "FF" "RhoIce"

ZONE T="SLICE_Y_0p9144_BINS01_KS_0p5mm_CUTDATA"
0.533400008 0.914399982 -0.000448054116 0.0789394453 187.109741 0 -6.1566782 0 800
0.533399994 0.914399982 -0.000224026114 0.0922477469 236.425842 0 -6.1566782 0 800
0.533399991 0.914399982 1.88940693e-09 0.0912069157 218.22583 0 -6.1566782 0 800
0.533399987 0.914399982 0.000224029893 0.0911068842 191.410583 0 -6.1566782 0 800
0.533399995 0.914399982 0.000448057897 0.083797127 153.034027 0 -6.1566782 0 800
0.533399995 0.914399982 0.000448057897 0.083797127 153.034027 0 -6.1566782 0 800
0.533400004 0.914399982 0.000672085901 0.0959558412 191.20871 0 -6.1566782 0 800
0.532685624 0.914399982 0.000772193473 0.0991385281 186.173676 0 -6.1566782 0 800
0.531542578 0.914399982 0.000932090434 0.0968561471 165.450073 0 -6.1566782 0 800
0.529713585 0.914399982 0.00118707894 0.0933111086 163.909805 0 -6.1566782 0 800
0.526786897 0.914399982 0.00159290009 0.0866915956 167.813629 0 -6.1566782 0 800
0.522103417 0.914399982 0.00223657466 0.0753579885 176.041199 0 -6.1566782 0 800
0.514607964 0.914399982 0.0032526425 0.0610277653 187.44989 0 -6.1566782 0 800
0.506371577 0.914399982 0.00434943858 0.0439377017 201.328064 0 -6.1566782 0 800
0.498132609 0.914399982 0.00542667815 0.0262918174 215.432907 0 -6.1566782 0 800
0.489891152 0.914399982 0.00648470903 0.00888424274 228.569748 0 -6.1566782 0 800
0.481647323 0.914399982 0.00752408844 -0.00819624495 240.638916 0 -6.1566782 0 800
0.473401217 0.914399982 0.00854524793 -0.0249366648 251.774963 0 -6.1566782 0 800
0.465152907 0.914399982 0.00954845569 -0.0413399115 262.128021 0 -6.1566782 0 800
0.456902477 0.914399982 0.0105340686 -0.0574149564 271.805206 0 -6.1566782 0 800
0.448649992 0.914399982 0.0115023295 -0.0731698498 280.885498 0 -6.1566782 0 800
0.440395522 0.914399982 0.0124535184 -0.0886192024 289.417542 0 -6.1566782 0 800
0.432139116 0.914399982 0.0133877498 -0.103792347 297.461243 0 -6.1566782 0 800
0.423880819 0.914399982 0.0143051192 -0.118723094 305.095459 0 -6.1566782 0 800
0.415620669 0.914399982 0.015205656 -0.133434683 312.364044 0 -6.1566782 0 800
0.40735871 0.914399982 0.0160894302 -0.147946283 319.262817 0 -6.1566782 0 800
0.399094962 0.914399982 0.0169563286 -0.162286296 325.82959 0 -6.1566782 0 800
0.390829445 0.914399982 0.0178061818 -0.176493347 332.112274 0 -6.1566782 0 800
0.382562186 0.914399982 0.0186389257 -0.190617934 338.096954 0 -6.1566782 0 800
0.374293194 0.914399982 0.0194542869 -0.204713166 343.845459 0 -6.1566782 0 800
0.366022465 0.914399982 0.0202518314 -0.218815088 349.465729 0 -6.1566782 0 800
0.357750021 0.914399982 0.0210313825 -0.232944012 354.916473 0 -6.1566782 0 800
0.349475864 0.914399982 0.0217925386 -0.247116417 360.174377 0 -6.1566782 0 800
0.341199976 0.914399982 0.0225346398 -0.261354864 365.311554 0 -6.1566782 0 800
0.332922358 0.914399982 0.0232571832 -0.275693148 370.34314 0 -6.1566782 0 800
0.324643002 0.914399982 0.0239595432 -0.290165812 375.397217 0 -6.1566782 0 800
0.316361902 0.914399982 0.0246410209 -0.304783285 380.627686 0 -6.1566782 0 800
0.308079049 0.914399982 0.0253008585 -0.319530696 385.977997 0 -6.1566782 0 800
0.299794433 0.914399982 0.0259381735 -0.334417015 391.369324 0 -6.1566782 0 800
0.291508047 0.914399982 0.0265520466 -0.349480957 396.806976 0 -6.1566782 0 800
0.283219883 0.914399982 0.0271414292 -0.364762038 402.337585 0 -6.1566782 0 800
0.27492994 0.914399982 0.0277052317 -0.380278111 408.001465 0 -6.1566782 0 800
0.266638216 0.914399982 0.0282422175 -0.39601621 413.826111 0 -6.1566782 0 800
0.258344719 0.914399982 0.0287510886 -0.412009746 419.982483 0 -6.1566782 0 800
0.250049461 0.914399982 0.0292303825 -0.428406805 426.622711 0 -6.1566782 0 800
0.241752467 0.914399982 0.0296786272 -0.445242822 434.565338 0 -6.1566782 0 800
0.233453768 0.914399982 0.0300941296 -0.462347031 440.874237 0 -6.1566782 0 800
0.225153415 0.914399982 0.0304751472 -0.479678661 447.220886 0 -6.1566782 0 800
0.216851469 0.914399982 0.0308197141 -0.497370541 455.277222 0 -6.1566782 0 800
0.208548015 0.914399982 0.0311257993 -0.515523553 462.443329 0 -6.1566782 0 800
0.200243156 0.914399982 0.0313910305 -0.53414011 470.113281 0 -6.1566782 0 800
0.19193703 0.914399982 0.0316130535 -0.553247571 478.322571 0 -6.1566782 0 800
0.183629805 0.914399982 0.0317892467 -0.572574615 486.63205 0 -6.1566782 0 800
0.175535796 0.914399982 0.0319140986 -0.591779172 494.857666 0 -6.1566782 0 800
0.167826646 0.914399982 0.0319872562 -0.610607088 503.047913 0 -6.1566782 0 800
0.160484313 0.914399982 0.0320130033 -0.628927112 511.268463 0 -6.1566782 0 800
0.153491595 0.914399982 0.0319952544 -0.646817982 519.626526 0 -6.1566782 0 800
0.146832089 0.914399982 0.0319378188 -0.664350808 528.360107 0 -6.1566782 0 800
0.14049016 0.914399982 0.0318441191 -0.681558013 537.524658 0 -6.1566782 0 800
0.134450891 0.914399982 0.0317176756 -0.69843632 546.812744 0 -6.1566782 0 800
0.128700067 0.914399982 0.0315614542 -0.714979589 555.995239 0 -6.1566782 0 800
0.123224125 0.914399982 0.0313785745 -0.731187701 565.004272 0 -6.1566782 0 800
0.118010133 0.914399982 0.0311717876 -0.747063518 573.797852 0 -6.1566782 0 800
0.113045762 0.914399982 0.0309436514 -0.762539864 582.195862 0 -6.1566782 0 800
0.108319244 0.914399982 0.030696767 -0.777686894 589.843079 0 -6.1566782 0 800
0.103819378 0.914399982 0.0304331237 -0.792774856 597.112 0 -6.1566782 0 800
0.0995354561 0.914399982 0.0301550666 -0.807793438 604.695862 0 -6.1566782 0 800
0.0954572808 0.914399982 0.0298645461 -0.822587013 612.585938 0 -6.1566782 0 800
0.0915751261 0.914399982 0.0295633763 -0.836944759 620.486938 0 -6.1566782 0 800
0.0878797114 0.914399982 0.0292533156 -0.851373911 629.694641 0 -6.1566782 0 800
0.0840469838 0.914399982 0.0289062096 -0.866297603 638.976624 0 -6.1566782 0 800
0.0802167986 0.914399982 0.0285320909 -0.882255912 647.760681 0 -6.1566782 0 800
0.0763895072 0.914399982 0.0281294441 -0.898670375 656.620117 0 -6.1566782 0 800
0.0725655179 0.914399982 0.0276965597 -0.915795267 665.448669 0 -6.1566782 0 800
0.0687452754 0.914399982 0.0272317683 -0.933637142 674.993958 0 -6.1566782 0 800
0.064929336 0.914399982 0.0267328795 -0.952250898 685.300354 0 -6.1566782 0 800
0.0611183305 0.914399982 0.0261976034 -0.971695542 695.651184 0 -6.1566782 0 800
0.057312985 0.914399982 0.0256234702 -0.992115438 706.305786 0 -6.1566782 0 800
0.0535142236 0.914399982 0.0250072752 -1.01358223 718.246765 0 -6.1566782 0 800
0.0497231096 0.914399982 0.0243456578 -1.0361495 731.248962 0 -6.1566782 0 800
0.0459409432 0.914399982 0.0236346701 -1.05993176 744.940125 0 -6.1566782 0 800
0.0421694081 0.914399982 0.022869289 -1.0850749 760.200623 0 -6.1566782 0 800
0.0384104773 0.914399982 0.0220442288 -1.11166227 776.307434 0 -6.1566782 0 800
0.0346668648 0.914399982 0.0211522365 -1.13999045 792.275574 0 -6.1566782 0 800
0.030941939 0.914399982 0.0201851727 -1.17040634 808.700012 0 -6.1566782 0 800
0.0272403822 0.914399982 0.0191321958 -1.20340109 826.816833 0 -6.1566782 0 800
0.0235685341 0.914399982 0.0179798843 -1.23893452 851.454712 0 -6.1566782 0 800
0.0199356235 0.914399982 0.016710139 -1.27666867 890.487793 0 -6.1566782 0 800
0.0163551785 0.914399982 0.0152992111 -1.31550705 953.39801 0 -6.1566782 0 800
0.0128491814 0.914399982 0.0137122879 -1.35433042 1043.60486 0 -6.1566782 0 800
0.00945383037 0.914399982 0.0119006561 -1.37195432 1139.70508 0.00612030597 -6.06471634 1 800
0.00623677019 0.914399982 0.00978858788 -1.33831096 1221.09033 0.0976993218 -4.78422976 1 800
0.00378854179 0.914399982 0.00771678323 -1.22232127 1302.35779 0.232275143 -3.09719205 1 800
0.00205238165 0.914399982 0.00573711955 -0.980980694 1373.22876 0.370756269 -1.53310418 1 800
0.000885926661 0.914399982 0.00380606859 -0.598043263 1401.4845 0.507789612 0 0.995344102 800
0.000221795781 0.914399982 0.00191233535 -0.110614419 1355.54614 0.625853717 0 0.921470582 800
-8.18412707e-09 0.914399982 -7.8016762e-10 0.38491407 1163.48242 0.707507908 0 0.6345734 800
0.000223949606 0.914399982 -0.00192167554 0.763451457 821.650146 0.740736902 0 0.492690444 800
0.000894500341 0.914399982 -0.00382396404 0.963107765 459.108826 0.720628858 0 0.438499331 800
0.00207182132 0.914399982 -0.00576342608 1.00671399 322.355835 0.661583066 0 0.432599247 800
0.00382505494 0.914399982 -0.00775240178 0.928714991 388.005859 0.583847523 0 0.408427775 800
0.00629995687 0.914399982 -0.00983544748 0.794246376 492.967346 0.500743628 0 0.432234883 800
0.00953813405 0.914399982 -0.0119500268 0.6593799 587.508118 0.422180206 0 0.499603361 800
0.0129541215 0.914399982 -0.0137633999 0.5362643 644.579163 0.355799407 0 0.603130102 800
0.0164803755 0.914399982 -0.0153517183 0.439895064 659.12677 0.30220294 0 0.802963257 800
0.020080848 0.914399982 -0.0167637384 0.362452239 651.808105 0.258226931 0 0.963086605 800
0.0237336306 0.914399982 -0.0180343181 0.298757195 641.73175 0.221331388 -0.26837042 1 800
0.0274252519 0.914399982 -0.0191871962 0.246145919 634.398254 0.18972145 -1.04961479 1 800
0.0311464933 0.914399982 -0.0202405485 0.201794907 628.940613 0.162239715 -1.75045729 1 800
0.0348910332 0.914399982 -0.0212078183 0.163554966 624.977844 0.138024911 -2.38359451 1 800
0.0386542236 0.914399982 -0.0220997762 0.130685255 621.179016 0.116445899 -2.95353818 1 800
0.0424326793 0.914399982 -0.0229246784 0.102193646 616.911377 0.0970718414 -3.46773791 1 800
0.046223709 0.914399982 -0.0236897172 0.0771240517 612.189148 0.079556942 -3.93581152 1 800
0.0500253392 0.914399982 -0.0244002091 0.0548393726 606.645081 0.0636685267 -4.36313438 1 800
0.0538358856 0.914399982 -0.0250612117 0.0350144133 600.667419 0.0492520034 -4.75553894 1 800
0.0576540566 0.914399982 -0.0256766472 0.0172743127 595.195801 0.0361316428 -5.11949968 1 800
0.0614787897 0.914399982 -0.0262498885 0.0013956594 589.832458 0.0242379643 -5.45470762 1 800
0.0653091597 0.914399982 -0.0267841679 -0.0128161488 584.161682 0.0135384593 -5.76089287 1 800
0.0691444462 0.914399982 -0.0272819299 -0.0255603474 578.680664 0.00399018731 -6.03892612 1 800
0.0729840168 0.914399982 -0.0277454884 -0.0370660201 573.834717 0 -6.1566782 0 800
0.0768273202 0.914399982 -0.0281770067 -0.0475218855 569.207581 0 -6.1566782 0 800
0.0806739047 0.914399982 -0.0285782259 -0.0570358746 564.354858 0 -6.1566782 0 800
0.0845233667 0.914399982 -0.0289508275 -0.0656330511 559.596008 0 -6.1566782 0 800
0.0883753581 0.914399982 -0.0292963007 -0.0735631511 554.304077 0 -6.1566782 0 800
0.0921723098 0.914399982 -0.0296113526 -0.0810204223 549.20166 0 -6.1566782 0 800
0.0961611503 0.914399982 -0.0299165569 -0.0876840129 545.19812 0 -6.1566782 0 800
0.100351403 0.914399982 -0.0302101332 -0.0939995572 541.030823 0 -6.1566782 0 800
0.104753054 0.914399982 -0.0304901843 -0.100038819 537.166748 0 -6.1566782 0 800
0.109376582 0.914399982 -0.0307545341 -0.105687246 532.96344 0 -6.1566782 0 800
0.114232956 0.914399982 -0.0310011623 -0.110900037 528.053833 0 -6.1566782 0 800
0.119333704 0.914399982 -0.0312274389 -0.115687028 522.961609 0 -6.1566782 0 800
0.12469089 0.914399982 -0.0314310286 -0.120038368 517.52887 0 -6.1566782 0 800
0.13031718 0.914399982 -0.0316090376 -0.123974971 511.822357 0 -6.1566782 0 800
0.136225844 0.914399982 -0.0317587348 -0.127472818 505.917114 0 -6.1566782 0 800
0.142430807 0.914399982 -0.0318769452 -0.130490676 500.020386 0 -6.1566782 0 800
0.148946664 0.914399982 -0.0319604654 -0.133005112 494.458344 0 -6.1566782 0 800
0.155788727 0.914399982 -0.0320057999 -0.135011107 489.340729 0 -6.1566782 0 800
0.162973049 0.914399982 -0.0320092596 -0.136488795 484.418396 0 -6.1566782 0 800
0.17051647 0.914399982 -0.0319670123 -0.137421101 479.549072 0 -6.1566782 0 800
0.178436651 0.914399982 -0.0318748827 -0.137827709 474.577301 0 -6.1566782 0 800
0.186668494 0.914399982 -0.0317302915 -0.137790114 468.923401 0 -6.1566782 0 800
0.194899382 0.914399982 -0.0315389771 -0.13726902 462.49292 0 -6.1566782 0 800
0.203129129 0.914399982 -0.0313035916 -0.135558367 481.954041 0 -6.1566782 0 800
0.211357581 0.914399982 -0.0310266417 -0.133336902 481.559387 0 -6.1566782 0 800
0.219584618 0.914399982 -0.0307104125 -0.131925002 453.881317 0 -6.1566782 0 800
0.227810143 0.914399982 -0.0303570527 -0.130433425 446.309509 0 -6.1566782 0 800
0.236034083 0.914399982 -0.02996853 -0.128189132 440.711365 0 -6.1566782 0 800
0.244256381 0.914399982 -0.029546695 -0.125571042 435.890747 0 -6.1566782 0 800
0.252476996 0.914399982 -0.0290932332 -0.122761555 431.57901 0 -6.1566782 0 800
0.260695899 0.914399982 -0.0286097324 -0.119807631 427.742279 0 -6.1566782 0 800
0.268913069 0.914399982 -0.0280976393 -0.116711587 424.400055 0 -6.1566782 0 800
0.277128497 0.914399982 -0.0275582988 -0.113481224 421.314148 0 -6.1566782 0 800
0.285342173 0.914399982 -0.0269929196 -0.110126242 418.245514 0 -6.1566782 0 800
0.293554103 0.914399982 -0.0264027129 -0.106657051 415.139771 0 -6.1566782 0 800
0.30176429 0.914399982 -0.0257887329 -0.103078038 411.947693 0 -6.1566782 0 800
0.30997274 0.914399982 -0.0251519596 -0.0993884727 408.657501 0 -6.1566782 0 800
0.318179461 0.914399982 -0.024493279 -0.0955830812 405.295593 0 -6.1566782 0 800
0.326384463 0.914399982 -0.0238135129 -0.0916610062 401.92569 0 -6.1566782 0 800
0.334587753 0.914399982 -0.0231133996 -0.0876350328 398.648499 0 -6.1566782 0 800
0.342789342 0.914399982 -0.0223936188 -0.0835155621 395.45929 0 -6.1566782 0 800
0.350989234 0.914399982 -0.0216547695 -0.0792986527 392.266022 0 -6.1566782 0 800
0.35918743 0.914399982 -0.0208973241 -0.0749715492 389.054993 0 -6.1566782 0 800
0.367383934 0.914399982 -0.0201217886 -0.0705229715 385.839233 0 -6.1566782 0 800
0.37557875 0.914399982 -0.0193286179 -0.0659437776 382.586578 0 -6.1566782 0 800
0.383771879 0.914399982 -0.0185182035 -0.0612205826 379.319 0 -6.1566782 0 800
0.391963292 0.914399982 -0.0176906245 -0.0563351698 376.082306 0 -6.1566782 0 800
0.400152994 0.914399982 -0.0168462758 -0.0512707904 372.83432 0 -6.1566782 0 800
0.408340957 0.914399982 -0.0159852393 -0.0460088141 369.526489 0 -6.1566782 0 800
0.416527174 0.914399982 -0.0151077437 -0.0405220874 366.159485 0 -6.1566782 0 800
0.424711588 0.914399982 -0.0142136014 -0.0347773023 362.743591 0 -6.1566782 0 800
0.432894189 0.914399982 -0.013303011 -0.0287413578 359.205719 0 -6.1566782 0 800
0.441074934 0.914399982 -0.0123758934 -0.0223768204 355.468842 0 -6.1566782 0 800
0.449253777 0.914399982 -0.0114321437 -0.0156306066 351.537781 0 -6.1566782 0 800
0.457430648 0.914399982 -0.0104714608 -0.00843577925 347.360687 0 -6.1566782 0 800
0.465605512 0.914399982 -0.00949384193 -0.000712933193 342.811462 0 -6.1566782 0 800
0.473778288 0.914399982 -0.00849891854 0.00764028262 337.807678 0 -6.1566782 0 800
0.481948901 0.914399982 -0.00748638651 0.016762143 332.25177 0 -6.1566782 0 800
0.490117272 0.914399982 -0.00645592718 0.0268055033 325.949921 0 -6.1566782 0 800
0.498283313 0.914399982 -0.00540716446 0.0379557312 318.758118 0 -6.1566782 0 800
0.506446902 0.914399982 -0.00433948132 0.0503879413 310.763824 0 -6.1566782 0 800
0.514607963 0.914399982 -0.00325264134 0.0637405589 302.932251 0 -6.1566782 0 800
0.522103416 0.914399982 -0.00223657105 0.0760454983 296.369476 0 -6.1566782 0 800
0.526786897 0.914399982 -0.00159289913 0.0868490115 291.372162 0 -6.1566782 0 800
0.529713585 0.914399982 -0.00118707392 0.0939632729 288.042084 0 -6.1566782 0 800
0.531542578 0.914399982 -0.000932086132 0.097679086 287.907776 0 -6.1566782 0 800
0.532685624 0.914399982 -0.000772191035 0.102473907 302.326447 0 -6.1566782 0 800
0.533400004 0.914399982 -0.000672082119 0.0993531123 273.376709 0 -6.1566782 0 800

ZONE T="SLICE_Y_0p9144_BINS03_KS_0p5mm_CUTDATA"
0.533400008 0.914399982 -0.000448054116 0.0789394453 187.109741 0 -6.1566782 0 800
0.533399994 0.914399982 -0.000224026114 0.0922477469 236.425842 0 -6.1566782 0 800
0.533399991 0.914399982 1.88940693e-09 0.0912069157 218.22583 0 -6.1566782 0 800
0.533399987 0.914399982 0.000224029893 0.0911068842 191.410583 0 -6.1566782 0 800
0.533399995 0.914399982 0.000448057897 0.083797127 153.034027 0 -6.1566782 0 800
0.533399995 0.914399982 0.000448057897 0.083797127 153.034027 0 -6.1566782 0 800
0.533400004 0.914399982 0.000672085901 0.0959558412 191.20871 0 -6.1566782 0 800
0.532685624 0.914399982 0.000772193473 0.0991385281 186.173676 0 -6.1566782 0 800
0.531542578 0.914399982 0.000932090434 0.0968561471 165.450073 0 -6.1566782 0 800
0.529713585 0.914399982 0.00118707894 0.0933111086 163.909805 0 -6.1566782 0 800
0.526786897 0.914399982 0.00159290009 0.0866915956 167.813629 0 -6.1566782 0 800
0.522103417 0.914399982 0.00223657466 0.0753579885 176.041199 0 -6.1566782 0 800
0.514607964 0.914399982 0.0032526425 0.0610277653 187.44989 0 -6.1566782 0 800
0.506371577 0.914399982 0.00434943858 0.0439377017 201.328064 0 -6.1566782 0 800
0.498132609 0.914399982 0.00542667815 0.0262918174 215.432907 0 -6.1566782 0 800
0.489891152 0.914399982 0.00648470903 0.00888424274 228.569748 0 -6.1566782 0 800
0.481647323 0.914399982 0.00752408844 -0.00819624495 240.638916 0 -6.1566782 0 800
0.473401217 0.914399982 0.00854524793 -0.0249366648 251.774963 0 -6.1566782 0 800
0.465152907 0.914399982 0.00954845569 -0.0413399115 262.128021 0 -6.1566782 0 800
0.456902477 0.914399982 0.0105340686 -0.0574149564 271.805206 0 -6.1566782 0 800
0.448649992 0.914399982 0.0115023295 -0.0731698498 280.885498 0 -6.1566782 0 800
0.440395522 0.914399982 0.0124535184 -0.0886192024 289.417542 0 -6.1566782 0 800
0.432139116 0.914399982 0.0133877498 -0.103792347 297.461243 0 -6.1566782 0 800
0.423880819 0.914399982 0.0143051192 -0.118723094 305.095459 0 -6.1566782 0 800
0.415620669 0.914399982 0.015205656 -0.133434683 312.364044 0 -6.1566782 0 800
0.40735871 0.914399982 0.0160894302 -0.147946283 319.262817 0 -6.1566782 0 800
0.399094962 0.914399982 0.0169563286 -0.162286296 325.82959 0 -6.1566782 0 800
0.390829445 0.914399982 0.0178061818 -0.176493347 332.112274 0 -6.1566782 0 800
0.382562186 0.914399982 0.0186389257 -0.190617934 338.096954 0 -6.1566782 0 800
0.374293194 0.914399982 0.0194542869 -0.204713166 343.845459 0 -6.1566782 0 800
0.366022465 0.914399982 0.0202518314 -0.218815088 349.465729 0 -6.1566782 0 800
0.357750021 0.914399982 0.0210313825 -0.232944012 354.916473 0 -6.1566782 0 800
0.349475864 0.914399982 0.0217925386 -0.247116417 360.174377 0 -6.1566782 0 800
0.341199976 0.914399982 0.0225346398 -0.261354864 365.311554 0 -6.1566782 0 800
0.332922358 0.914399982 0.0232571832 -0.275693148 370.34314 0 -6.1566782 0 800
0.324643002 0.914399982 0.0239595432 -0.290165812 375.397217 0 -6.1566782 0 800
0.316361902 0.914399982 0.0246410209 -0.304783285 380.627686 0 -6.1566782 0 800
0.308079049 0.914399982 0.0253008585 -0.319530696 385.977997 0 -6.1566782 0 800
0.299794433 0.914399982 0.0259381735 -0.334417015 391.369324 0 -6.1566782 0 800
0.291508047 0.914399982 0.0265520466 -0.349480957 396.806976 0 -6.1566782 0 800
0.283219883 0.914399982 0.0271414292 -0.364762038 402.337585 0 -6.1566782 0 800
0.27492994 0.914399982 0.0277052317 -0.380278111 408.001465 0 -6.1566782 0 800
0.266638216 0.914399982 0.0282422175 -0.39601621 413.826111 0 -6.1566782 0 800
0.258344719 0.914399982 0.0287510886 -0.412009746 419.982483 0 -6.1566782 0 800
0.250049461 0.914399982 0.0292303825 -0.428406805 426.622711 0 -6.1566782 0 800
0.241752467 0.914399982 0.0296786272 -0.445242822 434.565338 0 -6.1566782 0 800
0.233453768 0.914399982 0.0300941296 -0.462347031 440.874237 0 -6.1566782 0 800
0.225153415 0.914399982 0.0304751472 -0.479678661 447.220886 0 -6.1566782 0 800
0.216851469 0.914399982 0.0308197141 -0.497370541 455.277222 0 -6.1566782 0 800
0.208548015 0.914399982 0.0311257993 -0.515523553 462.443329 0 -6.1566782 0 800
0.200243156 0.914399982 0.0313910305 -0.53414011 470.113281 0 -6.1566782 0 800
0.19193703 0.914399982 0.0316130535 -0.553247571 478.322571 0 -6.1566782 0 800
0.183629805 0.914399982 0.0317892467 -0.572574615 486.63205 0 -6.1566782 0 800
0.175535796 0.914399982 0.0319140986 -0.591779172 494.857666 0 -6.1566782 0 800
0.167826646 0.914399982 0.0319872562 -0.610607088 503.047913 0 -6.1566782 0 800
0.160484313 0.914399982 0.0320130033 -0.628927112 511.268463 0 -6.1566782 0 800
0.153491595 0.914399982 0.0319952544 -0.646817982 519.626526 0 -6.1566782 0 800
0.146832089 0.914399982 0.0319378188 -0.664350808 528.360107 0 -6.1566782 0 800
0.14049016 0.914399982 0.0318441191 -0.681558013 537.524658 0 -6.1566782 0 800
0.134450891 0.914399982 0.0317176756 -0.69843632 546.812744 0 -6.1566782 0 800
0.128700067 0.914399982 0.0315614542 -0.714979589 555.995239 0 -6.1566782 0 800
0.123224125 0.914399982 0.0313785745 -0.731187701 565.004272 0 -6.1566782 0 800
0.118010133 0.914399982 0.0311717876 -0.747063518 573.797852 0 -6.1566782 0 800
0.113045762 0.914399982 0.0309436514 -0.762539864 582.195862 0 -6.1566782 0 800
0.108319244 0.914399982 0.030696767 -0.777686894 589.843079 0 -6.1566782 0 800
0.103819378 0.914399982 0.0304331237 -0.792774856 597.112 0 -6.1566782 0 800
0.0995354561 0.914399982 0.0301550666 -0.807793438 604.695862 0 -6.1566782 0 800
0.0954572808 0.914399982 0.0298645461 -0.822587013 612.585938 0 -6.1566782 0 800
0.0915751261 0.914399982 0.0295633763 -0.836944759 620.486938 0 -6.1566782 0 800
0.0878797114 0.914399982 0.0292533156 -0.851373911 629.694641 0 -6.1566782 0 800
0.0840469838 0.914399982 0.0289062096 -0.866297603 638.976624 0 -6.1566782 0 800
0.0802167986 0.914399982 0.0285320909 -0.882255912 647.760681 0 -6.1566782 0 800
0.0763895072 0.914399982 0.0281294441 -0.898670375 656.620117 0 -6.1566782 0 800
0.0725655179 0.914399982 0.0276965597 -0.915795267 665.448669 0 -6.1566782 0 800
0.0687452754 0.914399982 0.0272317683 -0.933637142 674.993958 0 -6.1566782 0 800
0.064929336 0.914399982 0.0267328795 -0.952250898 685.300354 0 -6.1566782 0 800
0.0611183305 0.914399982 0.0261976034 -0.971695542 695.651184 0 -6.1566782 0 800
0.057312985 0.914399982 0.0256234702 -0.992115438 706.305786 0 -6.1566782 0 800
0.0535142236 0.914399982 0.0250072752 -1.01358223 718.246765 0 -6.1566782 0 800
0.0497231096 0.914399982 0.0243456578 -1.0361495 731.248962 0 -6.1566782 0 800
0.0459409432 0.914399982 0.0236346701 -1.05993176 744.940125 0 -6.1566782 0 800
0.0421694081 0.914399982 0.022869289 -1.0850749 760.200623 0 -6.1566782 0 800
0.0384104773 0.914399982 0.0220442288 -1.11166227 776.307434 0 -6.1566782 0 800
0.0346668648 0.914399982 0.0211522365 -1.13999045 792.275574 0 -6.1566782 0 800
0.030941939 0.914399982 0.0201851727 -1.17040634 808.700012 0 -6.1566782 0 800
0.0272403822 0.914399982 0.0191321958 -1.20340109 826.816833 0.00156417396 -6.12412548 1 800
0.0235685341 0.914399982 0.0179798843 -1.23893452 851.454712 0.00985203963 -5.95761442 1 800
0.0199356235 0.914399982 0.016710139 -1.27666867 890.487793 0.0202239938 -5.76606321 1 800
0.0163551785 0.914399982 0.0152992111 -1.31550705 953.39801 0.0328446217 -5.56458855 1 800
0.0128491814 0.914399982 0.0137122879 -1.35433042 1043.60486 0.0487722829 -5.35416889 1 800
0.00945383037 0.914399982 0.0119006561 -1.37195432 1139.70508 0.0696374178 -5.11118698 1 800
0.00623677019 0.914399982 0.00978858788 -1.33831096 1221.09033 0.127822533 -4.35801363 1 800
0.00378854179 0.914399982 0.00771678323 -1.22232127 1302.35779 0.235068724 -3.06252241 1 800
0.00205238165 0.914399982 0.00573711955 -0.980980694 1373.22876 0.351776212 -1.77154827 1 800
0.000885926661 0.914399982 0.00380606859 -0.598043263 1401.4845 0.476635158 -0.341103494 1 800
0.000221795781 0.914399982 0.00191233535 -0.110614419 1355.54614 0.596394658 0 0.94366622 800
-8.18412707e-09 0.914399982 -7.8016762e-10 0.38491407 1163.48242 0.680005193 0 0.677304745 800
0.000223949606 0.914399982 -0.00192167554 0.763451457 821.650146 0.71419251 0 0.515871286 800
0.000894500341 0.914399982 -0.00382396404 0.963107765 459.108826 0.694692731 0 0.453611195 800
0.00207182132 0.914399982 -0.00576342608 1.00671399 322.355835 0.636382163 0 0.445403457 800
0.00382505494 0.914399982 -0.00775240178 0.928714991 388.005859 0.55847156 0 0.425204754 800
0.00629995687 0.914399982 -0.00983544748 0.794246376 492.967346 0.474584639 0 0.457600772 800
0.00953813405 0.914399982 -0.0119500268 0.6593799 587.508118 0.395460159 0 0.543030918 800
0.0129541215 0.914399982 -0.0137633999 0.5362643 644.579163 0.329254478 0 0.68753916 800
0.0164803755 0.914399982 -0.0153517183 0.439895064 659.12677 0.276853889 0 0.943331361 800
0.020080848 0.914399982 -0.0167637384 0.362452239 651.808105 0.236766696 0 0.999322593 800
0.0237336306 0.914399982 -0.0180343181 0.298757195 641.73175 0.205800772 -0.684761465 1 800
0.0274252519 0.914399982 -0.0191871962 0.246145919 634.398254 0.179343984 -1.33058667 1 800
0.0311464933 0.914399982 -0.0202405485 0.201794907 628.940613 0.156403571 -1.90948772 1 800
0.0348910332 0.914399982 -0.0212078183 0.163554966 624.977844 0.136243567 -2.4322989 1 800
0.0386542236 0.914399982 -0.0220997762 0.130685255 621.179016 0.118334204 -2.90142226 1 800
0.0424326793 0.914399982 -0.0229246784 0.102193646 616.911377 0.1023072 -3.32252359 1 800
0.046223709 0.914399982 -0.0236897172 0.0771240517 612.189148 0.0878849253 -3.703233 1 800
0.0500253392 0.914399982 -0.0244002091 0.0548393726 606.645081 0.074862875 -4.04776192 1 800
0.0538358856 0.914399982 -0.0250612117 0.0350144133 600.667419 0.0631636083 -4.35991573 1 800
0.0576540566 0.914399982 -0.0256766472 0.0172743127 595.195801 0.0526413508 -4.64556456 1 800
0.0614787897 0.914399982 -0.0262498885 0.0013956594 589.832458 0.0434799716 -4.89750004 1 800
0.0653091597 0.914399982 -0.0267841679 -0.0128161488 584.161682 0.0405267812 -4.9727025 1 800
0.0691444462 0.914399982 -0.0272819299 -0.0255603474 578.680664 0.0377782732 -5.04361343 1 800
0.0729840168 0.914399982 -0.0277454884 -0.0370660201 573.834717 0.0351979658 -5.11138582 1 800
0.0768273202 0.914399982 -0.0281770067 -0.0475218855 569.207581 0.0327662639 -5.17571783 1 800
0.0806739047 0.914399982 -0.0285782259 -0.0570358746 564.354858 0.0304664131 -5.23648977 1 800
0.0845233667 0.914399982 -0.0289508275 -0.0656330511 559.596008 0.0282890778 -5.29458904 1 800
0.0883753581 0.914399982 -0.0292963007 -0.0735631511 554.304077 0.0262260716 -5.34935713 1 800
0.0921723098 0.914399982 -0.0296113526 -0.0810204223 549.20166 0.0242555887 -5.40259314 1 800
0.0961611503 0.914399982 -0.0299165569 -0.0876840129 545.19812 0.0223216712 -5.45715809 1 800
0.100351403 0.914399982 -0.0302101332 -0.0939995572 541.030823 0.0203898735 -5.51237535 1 800
0.104753054 0.914399982 -0.0304901843 -0.100038819 537.166748 0.0184578244 -5.56891155 1 800
0.109376582 0.914399982 -0.0307545341 -0.105687246 532.96344 0.0165323615 -5.62583637 1 800
0.114232956 0.914399982 -0.0310011623 -0.110900037 528.053833 0.0146124931 -5.68296194 1 800
0.119333704 0.914399982 -0.0312274389 -0.115687028 522.961609 0.0127006629 -5.74084139 1 800
0.12469089 0.914399982 -0.0314310286 -0.120038368 517.52887 0.0108029936 -5.79921913 1 800
0.13031718 0.914399982 -0.0316090376 -0.123974971 511.822357 0.0089211436 -5.85818148 1 800
0.136225844 0.914399982 -0.0317587348 -0.127472818 505.917114 0.00706343912 -5.91758728 1 800
0.142430807 0.914399982 -0.0318769452 -0.130490676 500.020386 0.00523127289 -5.97752666 1 800
0.148946664 0.914399982 -0.0319604654 -0.133005112 494.458344 0.00343749928 -6.03765202 1 800
0.155788727 0.914399982 -0.0320057999 -0.135011107 489.340729 0.00168804778 -6.09762001 1 800
0.162973049 0.914399982 -0.0320092596 -0.136488795 484.418396 3.95344978e-05 -6.15528154 1 800
0.17051647 0.914399982 -0.0319670123 -0.137421101 479.549072 0 -6.1566782 0 800
0.178436651 0.914399982 -0.0318748827 -0.137827709 474.577301 0 -6.1566782 0 800
0.186668494 0.914399982 -0.0317302915 -0.137790114 468.923401 0 -6.1566782 0 800
0.194899382 0.914399982 -0.0315389771 -0.13726902 462.49292 0 -6.1566782 0 800
0.203129129 0.914399982 -0.0313035916 -0.135558367 481.954041 0 -6.1566782 0 800
0.211357581 0.914399982 -0.0310266417 -0.133336902 481.559387 0 -6.1566782 0 800
0.219584618 0.914399982 -0.0307104125 -0.131925002 453.881317 0 -6.1566782 0 800
0.227810143 0.914399982 -0.0303570527 -0.130433425 446.309509 0 -6.1566782 0 800
0.236034083 0.914399982 -0.02996853 -0.128189132 440.711365 0 -6.1566782 0 800
0.244256381 0.914399982 -0.029546695 -0.125571042 435.890747 0 -6.1566782 0 800
0.252476996 0.914399982 -0.0290932332 -0.122761555 431.57901 0 -6.1566782 0 800
0.260695899 0.914399982 -0.0286097324 -0.119807631 427.742279 0 -6.1566782 0 800
0.268913069 0.914399982 -0.0280976393 -0.116711587 424.400055 0 -6.1566782 0 800
0.277128497 0.914399982 -0.0275582988 -0.113481224 421.314148 0 -6.1566782 0 800
0.285342173 0.914399982 -0.0269929196 -0.110126242 418.245514 0 -6.1566782 0 800
0.293554103 0.914399982 -0.0264027129 -0.106657051 415.139771 0 -6.1566782 0 800
0.30176429 0.914399982 -0.0257887329 -0.103078038 411.947693 0 -6.1566782 0 800
0.30997274 0.914399982 -0.0251519596 -0.0993884727 408.657501 0 -6.1566782 0 800
0.318179461 0.914399982 -0.024493279 -0.0955830812 405.295593 0 -6.1566782 0 800
0.326384463 0.914399982 -0.0238135129 -0.0916610062 401.92569 0 -6.1566782 0 800
0.334587753 0.914399982 -0.0231133996 -0.0876350328 398.648499 0 -6.1566782 0 800
0.342789342 0.914399982 -0.0223936188 -0.0835155621 395.45929 0 -6.1566782 0 800
0.350989234 0.914399982 -0.0216547695 -0.0792986527 392.266022 0 -6.1566782 0 800
0.35918743 0.914399982 -0.0208973241 -0.0749715492 389.054993 0 -6.1566782 0 800
0.367383934 0.914399982 -0.0201217886 -0.0705229715 385.839233 0 -6.1566782 0 800
0.37557875 0.914399982 -0.0193286179 -0.0659437776 382.586578 0 -6.1566782 0 800
0.383771879 0.914399982 -0.0185182035 -0.0612205826 379.319 0 -6.1566782 0 800
0.391963292 0.914399982 -0.0176906245 -0.0563351698 376.082306 0 -6.1566782 0 800
0.400152994 0.914399982 -0.0168462758 -0.0512707904 372.83432 0 -6.1566782 0 800
0.408340957 0.914399982 -0.0159852393 -0.0460088141 369.526489 0 -6.1566782 0 800
0.416527174 0.914399982 -0.0151077437 -0.0405220874 366.159485 0 -6.1566782 0 800
0.424711588 0.914399982 -0.0142136014 -0.0347773023 362.743591 0 -6.1566782 0 800
0.432894189 0.914399982 -0.013303011 -0.0287413578 359.205719 0 -6.1566782 0 800
0.441074934 0.914399982 -0.0123758934 -0.0223768204 355.468842 0 -6.1566782 0 800
0.449253777 0.914399982 -0.0114321437 -0.0156306066 351.537781 0 -6.1566782 0 800
0.457430648 0.914399982 -0.0104714608 -0.00843577925 347.360687 0 -6.1566782 0 800
0.465605512 0.914399982 -0.00949384193 -0.000712933193 342.811462 0 -6.1566782 0 800
0.473778288 0.914399982 -0.00849891854 0.00764028262 337.807678 0 -6.1566782 0 800
0.481948901 0.914399982 -0.00748638651 0.016762143 332.25177 0 -6.1566782 0 800
0.490117272 0.914399982 -0.00645592718 0.0268055033 325.949921 0 -6.1566782 0 800
0.498283313 0.914399982 -0.00540716446 0.0379557312 318.758118 0 -6.1566782 0 800
0.506446902 0.914399982 -0.00433948132 0.0503879413 310.763824 0 -6.1566782 0 800
0.514607963 0.914399982 -0.00325264134 0.0637405589 302.932251 0 -6.1566782 0 800
0.522103416 0.914399982 -0.00223657105 0.0760454983 296.369476 0 -6.1566782 0 800
0.526786897 0.914399982 -0.00159289913 0.0868490115 291.372162 0 -6.1566782 0 800
0.529713585 0.914399982 -0.00118707392 0.0939632729 288.042084 0 -6.1566782 0 800
0.531542578 0.914399982 -0.000932086132 0.097679086 287.907776 0 -6.1566782 0 800
0.532685624 0.914399982 -0.000772191035 0.102473907 302.326447 0 -6.1566782 0 800
0.533400004 0.914399982 -0.000672082119 0.0993531123 273.376709 0 -6.1566782 0 800

ZONE T="SLICE_Y_0p9144_BINS07_KS_0p5mm_CUTDATA"
0.533400008 0.914399982 -0.000448054116 0.0789394453 187.109741 0 -6.1566782 0 800
0.533399994 0.914399982 -0.000224026114 0.0922477469 236.425842 0 -6.1566782 0 800
0.533399991 0.914399982 1.88940693e-09 0.0912069157 218.22583 0 -6.1566782 0 800
0.533399987 0.914399982 0.000224029893 0.0911068842 191.410583 0 -6.1566782 0 800
0.533399995 0.914399982 0.000448057897 0.083797127 153.034027 0 -6.1566782 0 800
0.533399995 0.914399982 0.000448057897 0.083797127 153.034027 0 -6.1566782 0 800
0.533400004 0.914399982 0.000672085901 0.0959558412 191.20871 0 -6.1566782 0 800
0.532685624 0.914399982 0.000772193473 0.0991385281 186.173676 0 -6.1566782 0 800
0.531542578 0.914399982 0.000932090434 0.0968561471 165.450073 0 -6.1566782 0 800
0.529713585 0.914399982 0.00118707894 0.0933111086 163.909805 0 -6.1566782 0 800
0.526786897 0.914399982 0.00159290009 0.0866915956 167.813629 0 -6.1566782 0 800
0.522103417 0.914399982 0.00223657466 0.0753579885 176.041199 0 -6.1566782 0 800
0.514607964 0.914399982 0.0032526425 0.0610277653 187.44989 0 -6.1566782 0 800
0.506371577 0.914399982 0.00434943858 0.0439377017 201.328064 0 -6.1566782 0 800
0.498132609 0.914399982 0.00542667815 0.0262918174 215.432907 0 -6.1566782 0 800
0.489891152 0.914399982 0.00648470903 0.00888424274 228.569748 0 -6.1566782 0 800
0.481647323 0.914399982 0.00752408844 -0.00819624495 240.638916 0 -6.1566782 0 800
0.473401217 0.914399982 0.00854524793 -0.0249366648 251.774963 0 -6.1566782 0 800
0.465152907 0.914399982 0.00954845569 -0.0413399115 262.128021 0 -6.1566782 0 800
0.456902477 0.914399982 0.0105340686 -0.0574149564 271.805206 0 -6.1566782 0 800
0.448649992 0.914399982 0.0115023295 -0.0731698498 280.885498 0 -6.1566782 0 800
0.440395522 0.914399982 0.0124535184 -0.0886192024 289.417542 0 -6.1566782 0 800
0.432139116 0.914399982 0.0133877498 -0.103792347 297.461243 0 -6.1566782 0 800
0.423880819 0.914399982 0.0143051192 -0.118723094 305.095459 0 -6.1566782 0 800
0.415620669 0.914399982 0.015205656 -0.133434683 312.364044 0 -6.1566782 0 800
0.40735871 0.914399982 0.0160894302 -0.147946283 319.262817 0 -6.1566782 0 800
0.399094962 0.914399982 0.0169563286 -0.162286296 325.82959 0 -6.1566782 0 800
0.390829445 0.914399982 0.0178061818 -0.176493347 332.112274 0 -6.1566782 0 800
0.382562186 0.914399982 0.0186389257 -0.190617934 338.096954 0 -6.1566782 0 800
0.374293194 0.914399982 0.0194542869 -0.204713166 343.845459 0 -6.1566782 0 800
0.366022465 0.914399982 0.0202518314 -0.218815088 349.465729 0 -6.1566782 0 800
0.357750021 0.914399982 0.0210313825 -0.232944012 354.916473 0 -6.1566782 0 800
0.349475864 0.914399982 0.0217925386 -0.247116417 360.174377 0 -6.1566782 0 800
0.341199976 0.914399982 0.0225346398 -0.261354864 365.311554 0 -6.1566782 0 800
0.332922358 0.914399982 0.0232571832 -0.275693148 370.34314 0 -6.1566782 0 800
0.324643002 0.914399982 0.0239595432 -0.290165812 375.397217 0 -6.1566782 0 800
0.316361902 0.914399982 0.0246410209 -0.304783285 380.627686 0 -6.1566782 0 800
0.308079049 0.914399982 0.0253008585 -0.319530696 385.977997 0 -6.1566782 0 800
0.299794433 0.914399982 0.0259381735 -0.334417015 391.369324 0 -6.1566782 0 800
0.291508047 0.914399982 0.0265520466 -0.349480957 396.806976 0 -6.1566782 0 800
0.283219883 0.914399982 0.0271414292 -0.364762038 402.337585 0 -6.1566782 0 800
0.27492994 0.914399982 0.0277052317 -0.380278111 408.001465 0 -6.1566782 0 800
0.266638216 0.914399982 0.0282422175 -0.39601621 413.826111 0 -6.1566782 0 800
0.258344719 0.914399982 0.0287510886 -0.412009746 419.982483 0 -6.1566782 0 800
0.250049461 0.914399982 0.0292303825 -0.428406805 426.622711 0 -6.1566782 0 800
0.241752467 0.914399982 0.0296786272 -0.445242822 434.565338 0 -6.1566782 0 800
0.233453768 0.914399982 0.0300941296 -0.462347031 440.874237 0 -6.1566782 0 800
0.225153415 0.914399982 0.0304751472 -0.479678661 447.220886 0 -6.1566782 0 800
0.216851469 0.914399982 0.0308197141 -0.497370541 455.277222 0 -6.1566782 0 800
0.208548015 0.914399982 0.0311257993 -0.515523553 462.443329 0 -6.1566782 0 800
0.200243156 0.914399982 0.0313910305 -0.53414011 470.113281 0 -6.1566782 0 800
0.19193703 0.914399982 0.0316130535 -0.553247571 478.322571 0 -6.1566782 0 800
0.183629805 0.914399982 0.0317892467 -0.572574615 486.63205 0 -6.1566782 0 800
0.175535796 0.914399982 0.0319140986 -0.591779172 494.857666 0 -6.1566782 0 800
0.167826646 0.914399982 0.0319872562 -0.610607088 503.047913 0 -6.1566782 0 800
0.160484313 0.914399982 0.0320130033 -0.628927112 511.268463 0 -6.1566782 0 800
0.153491595 0.914399982 0.0319952544 -0.646817982 519.626526 0 -6.1566782 0 800
0.146832089 0.914399982 0.0319378188 -0.664350808 528.360107 0 -6.1566782 0 800
0.14049016 0.914399982 0.0318441191 -0.681558013 537.524658 0 -6.1566782 0 800
0.134450891 0.914399982 0.0317176756 -0.69843632 546.812744 0 -6.1566782 0 800
0.128700067 0.914399982 0.0315614542 -0.714979589 555.995239 0 -6.1566782 0 800
0.123224125 0.914399982 0.0313785745 -0.731187701 565.004272 0 -6.1566782 0 800
0.118010133 0.914399982 0.0311717876 -0.747063518 573.797852 0 -6.1566782 0 800
0.113045762 0.914399982 0.0309436514 -0.762539864 582.195862 0 -6.1566782 0 800
0.108319244 0.914399982 0.030696767 -0.777686894 589.843079 0 -6.1566782 0 800
0.103819378 0.914399982 0.0304331237 -0.792774856 597.112 0 -6.1566782 0 800
0.0995354561 0.914399982 0.0301550666 -0.807793438 604.695862 0 -6.1566782 0 800
0.0954572808 0.914399982 0.0298645461 -0.822587013 612.585938 0 -6.1566782 0 800
0.0915751261 0.914399982 0.0295633763 -0.836944759 620.486938 0 -6.1566782 0 800
0.0878797114 0.914399982 0.0292533156 -0.851373911 629.694641 0 -6.1566782 0 800
0.0840469838 0.914399982 0.0289062096 -0.866297603 638.976624 0 -6.1566782 0 800
0.0802167986 0.914399982 0.0285320909 -0.882255912 647.760681 0 -6.1566782 0 800
0.0763895072 0.914399982 0.0281294441 -0.898670375 656.620117 0 -6.1566782 0 800
0.0725655179 0.914399982 0.0276965597 -0.915795267 665.448669 0 -6.1566782 0 800
0.0687452754 0.914399982 0.0272317683 -0.933637142 674.993958 0 -6.1566782 0 800
0.064929336 0.914399982 0.0267328795 -0.952250898 685.300354 3.1022264e-05 -6.15590286 1 800
0.0611183305 0.914399982 0.0261976034 -0.971695542 695.651184 0.000114668583 -6.15385818 1 800
0.057312985 0.914399982 0.0256234702 -0.992115438 706.305786 0.000205394899 -6.15170717 1 800
0.0535142236 0.914399982 0.0250072752 -1.01358223 718.246765 0.000303646637 -6.14945316 1 800
0.0497231096 0.914399982 0.0243456578 -1.0361495 731.248962 0.000410022913 -6.14708853 1 800
0.0459409432 0.914399982 0.0236346701 -1.05993176 744.940125 0.000526517862 -6.14456415 1 800
0.0421694081 0.914399982 0.022869289 -1.0850749 760.200623 0.000654511969 -6.14187622 1 800
0.0384104773 0.914399982 0.0220442288 -1.11166227 776.307434 0.00209291815 -6.11034107 1 800
0.0346668648 0.914399982 0.0211522365 -1.13999045 792.275574 0.00382126123 -6.07393312 1 800
0.030941939 0.914399982 0.0201851727 -1.17040634 808.700012 0.00577105628 -6.03444195 1 800
0.0272403822 0.914399982 0.0191321958 -1.20340109 826.816833 0.00801694952 -5.99045753 1 800
0.0235685341 0.914399982 0.0179798843 -1.23893452 851.454712 0.0119218873 -5.9158783 1 800
0.0199356235 0.914399982 0.016710139 -1.27666867 890.487793 0.0218459014 -5.73509693 1 800
0.0163551785 0.914399982 0.0152992111 -1.31550705 953.39801 0.0344785601 -5.53622532 1 800
0.0128491814 0.914399982 0.0137122879 -1.35433042 1043.60486 0.0533566512 -5.27792597 1 800
0.00945383037 0.914399982 0.0119006561 -1.37195432 1139.70508 0.0904872417 -4.79406881 1 800
0.00623677019 0.914399982 0.00978858788 -1.33831096 1221.09033 0.147536799 -4.08207989 1 800
0.00378854179 0.914399982 0.00771678323 -1.22232127 1302.35779 0.231764123 -3.10798073 1 800
0.00205238165 0.914399982 0.00573711955 -0.980980694 1373.22876 0.336013258 -1.96604717 1 800
0.000885926661 0.914399982 0.00380606859 -0.598043263 1401.4845 0.464370728 -0.495090306 1 800
0.000221795781 0.914399982 0.00191233535 -0.110614419 1355.54614 0.583684564 0 0.946947038 800
-8.18412707e-09 0.914399982 -7.8016762e-10 0.38491407 1163.48242 0.669418216 0 0.697014451 800
0.000223949606 0.914399982 -0.00192167554 0.763451457 821.650146 0.702501893 0 0.526564598 800
0.000894500341 0.914399982 -0.00382396404 0.963107765 459.108826 0.683584392 0 0.460392356 800
0.00207182132 0.914399982 -0.00576342608 1.00671399 322.355835 0.625825942 0 0.451041222 800
0.00382505494 0.914399982 -0.00775240178 0.928714991 388.005859 0.547841787 0 0.432719082 800
0.00629995687 0.914399982 -0.00983544748 0.794246376 492.967346 0.463980675 0 0.469095558 800
0.00953813405 0.914399982 -0.0119500268 0.6593799 587.508118 0.385077536 0 0.563082159 800
0.0129541215 0.914399982 -0.0137633999 0.5362643 644.579163 0.319467723 0 0.728264034 800
0.0164803755 0.914399982 -0.0153517183 0.439895064 659.12677 0.268829286 0 0.95026499 800
0.020080848 0.914399982 -0.0167637384 0.362452239 651.808105 0.22814922 -0.185862228 1 800
0.0237336306 0.914399982 -0.0180343181 0.298757195 641.73175 0.194781154 -0.977852583 1 800
0.0274252519 0.914399982 -0.0191871962 0.246145919 634.398254 0.167628258 -1.64796782 1 800
0.0311464933 0.914399982 -0.0202405485 0.201794907 628.940613 0.14936325 -2.10473537 1 800
0.0348910332 0.914399982 -0.0212078183 0.163554966 624.977844 0.13329342 -2.51680064 1 800
0.0386542236 0.914399982 -0.0220997762 0.130685255 621.179016 0.118988499 -2.88584924 1 800
0.0424326793 0.914399982 -0.0229246784 0.102193646 616.911377 0.106160104 -3.2169261 1 800
0.046223709 0.914399982 -0.0236897172 0.0771240517 612.189148 0.0945701525 -3.51677442 1 800
0.0500253392 0.914399982 -0.0244002091 0.0548393726 606.645081 0.0840703845 -3.78797817 1 800
0.0538358856 0.914399982 -0.0250612117 0.0350144133 600.667419 0.0745600387 -4.03471327 1 800
0.0576540566 0.914399982 -0.0256766472 0.0172743127 595.195801 0.065994598 -4.26115084 1 800
0.0614787897 0.914399982 -0.0262498885 0.0013956594 589.832458 0.0601537153 -4.41368151 1 800
0.0653091597 0.914399982 -0.0267841679 -0.0128161488 584.161682 0.0548108481 -4.55350304 1 800
0.0691444462 0.914399982 -0.0272819299 -0.0255603474 578.680664 0.0498094074 -4.68600655 1 800
0.0729840168 0.914399982 -0.0277454884 -0.0370660201 573.834717 0.0451329947 -4.81258869 1 800
0.0768273202 0.914399982 -0.0281770067 -0.0475218855 569.207581 0.040746931 -4.93304014 1 800
0.0806739047 0.914399982 -0.0285782259 -0.0570358746 564.354858 0.0366245247 -5.04711151 1 800
0.0845233667 0.914399982 -0.0289508275 -0.0656330511 559.596008 0.0327495225 -5.15585756 1 800
0.0883753581 0.914399982 -0.0292963007 -0.0735631511 554.304077 0.0291152298 -5.25831795 1 800
0.0921723098 0.914399982 -0.0296113526 -0.0810204223 549.20166 0.0256877281 -5.35656786 1 800
0.0961611503 0.914399982 -0.0299165569 -0.0876840129 545.19812 0.0225899834 -5.44789267 1 800
0.100351403 0.914399982 -0.0302101332 -0.0939995572 541.030823 0.0206732694 -5.50329304 1 800
0.104753054 0.914399982 -0.0304901843 -0.100038819 537.166748 0.0187579412 -5.55984306 1 800
0.109376582 0.914399982 -0.0307545341 -0.105687246 532.96344 0.0168510396 -5.61644268 1 800
0.114232956 0.914399982 -0.0310011623 -0.110900037 528.053833 0.014952234 -5.67287827 1 800
0.119333704 0.914399982 -0.0312274389 -0.115687028 522.961609 0.0130638406 -5.72980022 1 800
0.12469089 0.914399982 -0.0314310286 -0.120038368 517.52887 0.0111936731 -5.78698158 1 800
0.13031718 0.914399982 -0.0316090376 -0.123974971 511.822357 0.00934310723 -5.8445611 1 800
0.136225844 0.914399982 -0.0317587348 -0.127472818 505.917114 0.00752439257 -5.90231848 1 800
0.142430807 0.914399982 -0.0318769452 -0.130490676 500.020386 0.00574144768 -5.96023703 1 800
0.148946664 0.914399982 -0.0319604654 -0.133005112 494.458344 0.00414396264 -6.01328707 1 800
0.155788727 0.914399982 -0.0320057999 -0.135011107 489.340729 0.00358573277 -6.03138781 1 800
0.162973049 0.914399982 -0.0320092596 -0.136488795 484.418396 0.00303364452 -6.04970551 1 800
0.17051647 0.914399982 -0.0319670123 -0.137421101 479.549072 0.00248788763 -6.06811523 1 800
0.178436651 0.914399982 -0.0318748827 -0.137827709 474.577301 0.00195110345 -6.08651543 1 800
0.186668494 0.914399982 -0.0317302915 -0.137790114 468.923401 0.00143243663 -6.10453939 1 800
0.194899382 0.914399982 -0.0315389771 -0.13726902 462.49292 0.000944008236 -6.12183285 1 800
0.203129129 0.914399982 -0.0313035916 -0.135558367 481.954041 0.000488541787 -6.1393528 1 800
0.211357581 0.914399982 -0.0310266417 -0.133336902 481.559387 0.000188898222 -6.14997292 1 800
0.219584618 0.914399982 -0.0307104125 -0.131925002 453.881317 0.000149934902 -6.15103436 1 800
0.227810143 0.914399982 -0.0303570527 -0.130433425 446.309509 0.000113140253 -6.15235043 1 800
0.236034083 0.914399982 -0.02996853 -0.128189132 440.711365 7.8338453e-05 -6.15364552 1 800
0.244256381 0.914399982 -0.029546695 -0.125571042 435.890747 4.54658257e-05 -6.1548996 1 800
0.252476996 0.914399982 -0.0290932332 -0.122761555 431.57901 1.443778e-05 -6.15610838 1 800
0.260695899 0.914399982 -0.0286097324 -0.119807631 427.742279 0 -6.1566782 0 800
0.268913069 0.914399982 -0.0280976393 -0.116711587 424.400055 0 -6.1566782 0 800
0.277128497 0.914399982 -0.0275582988 -0.113481224 421.314148 0 -6.1566782 0 800
0.285342173 0.914399982 -0.0269929196 -0.110126242 418.245514 0 -6.1566782 0 800
0.293554103 0.914399982 -0.0264027129 -0.106657051 415.139771 0 -6.1566782 0 800
0.30176429 0.914399982 -0.0257887329 -0.103078038 411.947693 0 -6.1566782 0 800
0.30997274 0.914399982 -0.0251519596 -0.0993884727 408.657501 0 -6.1566782 0 800
0.318179461 0.914399982 -0.024493279 -0.0955830812 405.295593 0 -6.1566782 0 800
0.326384463 0.914399982 -0.0238135129 -0.0916610062 401.92569 0 -6.1566782 0 800
0.334587753 0.914399982 -0.0231133996 -0.0876350328 398.648499 0 -6.1566782 0 800
0.342789342 0.914399982 -0.0223936188 -0.0835155621 395.45929 0 -6.1566782 0 800
0.350989234 0.914399982 -0.0216547695 -0.0792986527 392.266022 0 -6.1566782 0 800
0.35918743 0.914399982 -0.0208973241 -0.0749715492 389.054993 0 -6.1566782 0 800
0.367383934 0.914399982 -0.0201217886 -0.0705229715 385.839233 0 -6.1566782 0 800
0.37557875 0.914399982 -0.0193286179 -0.0659437776 382.586578 0 -6.1566782 0 800
0.383771879 0.914399982 -0.0185182035 -0.0612205826 379.319 0 -6.1566782 0 800
0.391963292 0.914399982 -0.0176906245 -0.0563351698 376.082306 0 -6.1566782 0 800
0.400152994 0.914399982 -0.0168462758 -0.0512707904 372.83432 0 -6.1566782 0 800
0.408340957 0.914399982 -0.0159852393 -0.0460088141 369.526489 0 -6.1566782 0 800
0.416527174 0.914399982 -0.0151077437 -0.0405220874 366.159485 0 -6.1566782 0 800
0.424711588 0.914399982 -0.0142136014 -0.0347773023 362.743591 0 -6.1566782 0 800
0.432894189 0.914399982 -0.013303011 -0.0287413578 359.205719 0 -6.1566782 0 800
0.441074934 0.914399982 -0.0123758934 -0.0223768204 355.468842 0 -6.1566782 0 800
0.449253777 0.914399982 -0.0114321437 -0.0156306066 351.537781 0 -6.1566782 0 800
0.457430648 0.914399982 -0.0104714608 -0.00843577925 347.360687 0 -6.1566782 0 800
0.465605512 0.914399982 -0.00949384193 -0.000712933193 342.811462 0 -6.1566782 0 800
0.473778288 0.914399982 -0.00849891854 0.00764028262 337.807678 0 -6.1566782 0 800
0.481948901 0.914399982 -0.00748638651 0.016762143 332.25177 0 -6.1566782 0 800
0.490117272 0.914399982 -0.00645592718 0.0268055033 325.949921 0 -6.1566782 0 800
0.498283313 0.914399982 -0.00540716446 0.0379557312 318.758118 0 -6.1566782 0 800
0.506446902 0.914399982 -0.00433948132 0.0503879413 310.763824 0 -6.1566782 0 800
0.514607963 0.914399982 -0.00325264134 0.0637405589 302.932251 0 -6.1566782 0 800
0.522103416 0.914399982 -0.00223657105 0.0760454983 296.369476 0 -6.1566782 0 800
0.526786897 0.914399982 -0.00159289913 0.0868490115 291.372162 0 -6.1566782 0 800
0.529713585 0.914399982 -0.00118707392 0.0939632729 288.042084 0 -6.1566782 0 800
0.531542578 0.914399982 -0.000932086132 0.097679086 287.907776 0 -6.1566782 0 800
0.532685624 0.914399982 -0.000772191035 0.102473907 302.326447 0 -6.1566782 0 800
0.533400004 0.914399982 -0.000672082119 0.0993531123 273.376709 0 -6.1566782 0 800

ZONE T="SLICE_Y_0p9144_BINS15_KS_0p5mm_CUTDATA"
0.533400008 0.914399982 -0.000448054116 0.0789394453 187.109741 0 -6.1566782 0 800
0.533399994 0.914399982 -0.000224026114 0.0922477469 236.425842 0 -6.1566782 0 800
0.533399991 0.914399982 1.88940693e-09 0.0912069157 218.22583 0 -6.1566782 0 800
0.533399987 0.914399982 0.000224029893 0.0911068842 191.410583 0 -6.1566782 0 800
0.533399995 0.914399982 0.000448057897 0.083797127 153.034027 0 -6.1566782 0 800
0.533399995 0.914399982 0.000448057897 0.083797127 153.034027 0 -6.1566782 0 800
0.533400004 0.914399982 0.000672085901 0.0959558412 191.20871 0 -6.1566782 0 800
0.532685624 0.914399982 0.000772193473 0.0991385281 186.173676 0 -6.1566782 0 800
0.531542578 0.914399982 0.000932090434 0.0968561471 165.450073 0 -6.1566782 0 800
0.529713585 0.914399982 0.00118707894 0.0933111086 163.909805 0 -6.1566782 0 800
0.526786897 0.914399982 0.00159290009 0.0866915956 167.813629 0 -6.1566782 0 800
0.522103417 0.914399982 0.00223657466 0.0753579885 176.041199 0 -6.1566782 0 800
0.514607964 0.914399982 0.0032526425 0.0610277653 187.44989 0 -6.1566782 0 800
0.506371577 0.914399982 0.00434943858 0.0439377017 201.328064 0 -6.1566782 0 800
0.498132609 0.914399982 0.00542667815 0.0262918174 215.432907 0 -6.1566782 0 800
0.489891152 0.914399982 0.00648470903 0.00888424274 228.569748 0 -6.1566782 0 800
0.481647323 0.914399982 0.00752408844 -0.00819624495 240.638916 0 -6.1566782 0 800
0.473401217 0.914399982 0.00854524793 -0.0249366648 251.774963 0 -6.1566782 0 800
0.465152907 0.914399982 0.00954845569 -0.0413399115 262.128021 0 -6.1566782 0 800
0.456902477 0.914399982 0.0105340686 -0.0574149564 271.805206 0 -6.1566782 0 800
0.448649992 0.914399982 0.0115023295 -0.0731698498 280.885498 0 -6.1566782 0 800
0.440395522 0.914399982 0.0124535184 -0.0886192024 289.417542 0 -6.1566782 0 800
0.432139116 0.914399982 0.0133877498 -0.103792347 297.461243 0 -6.1566782 0 800
0.423880819 0.914399982 0.0143051192 -0.118723094 305.095459 0 -6.1566782 0 800
0.415620669 0.914399982 0.015205656 -0.133434683 312.364044 0 -6.1566782 0 800
0.40735871 0.914399982 0.0160894302 -0.147946283 319.262817 0 -6.1566782 0 800
0.399094962 0.914399982 0.0169563286 -0.162286296 325.82959 0 -6.1566782 0 800
0.390829445 0.914399982 0.0178061818 -0.176493347 332.112274 0 -6.1566782 0 800
0.382562186 0.914399982 0.0186389257 -0.190617934 338.096954 0 -6.1566782 0 800
0.374293194 0.914399982 0.0194542869 -0.204713166 343.845459 0 -6.1566782 0 800
0.366022465 0.914399982 0.0202518314 -0.218815088 349.465729 0 -6.1566782 0 800
0.357750021 0.914399982 0.0210313825 -0.232944012 354.916473 0 -6.1566782 0 800
0.349475864 0.914399982 0.0217925386 -0.247116417 360.174377 0 -6.1566782 0 800
0.341199976 0.914399982 0.0225346398 -0.261354864 365.311554 0 -6.1566782 0 800
0.332922358 0.914399982 0.0232571832 -0.275693148 370.34314 0 -6.1566782 0 800
0.324643002 0.914399982 0.0239595432 -0.290165812 375.397217 0 -6.1566782 0 800
0.316361902 0.914399982 0.0246410209 -0.304783285 380.627686 0 -6.1566782 0 800
0.308079049 0.914399982 0.0253008585 -0.319530696 385.977997 0 -6.1566782 0 800
0.299794433 0.914399982 0.0259381735 -0.334417015 391.369324 0 -6.1566782 0 800
0.291508047 0.914399982 0.0265520466 -0.349480957 396.806976 0 -6.1566782 0 800
0.283219883 0.914399982 0.0271414292 -0.364762038 402.337585 0 -6.1566782 0 800
0.27492994 0.914399982 0.0277052317 -0.380278111 408.001465 0 -6.1566782 0 800
0.266638216 0.914399982 0.0282422175 -0.39601621 413.826111 0 -6.1566782 0 800
0.258344719 0.914399982 0.0287510886 -0.412009746 419.982483 0 -6.1566782 0 800
0.250049461 0.914399982 0.0292303825 -0.428406805 426.622711 0 -6.1566782 0 800
0.241752467 0.914399982 0.0296786272 -0.445242822 434.565338 0 -6.1566782 0 800
0.233453768 0.914399982 0.0300941296 -0.462347031 440.874237 0 -6.1566782 0 800
0.225153415 0.914399982 0.0304751472 -0.479678661 447.220886 0 -6.1566782 0 800
0.216851469 0.914399982 0.0308197141 -0.497370541 455.277222 0 -6.1566782 0 800
0.208548015 0.914399982 0.0311257993 -0.515523553 462.443329 0 -6.1566782 0 800
0.200243156 0.914399982 0.0313910305 -0.53414011 470.113281 0 -6.1566782 0 800
0.19193703 0.914399982 0.0316130535 -0.553247571 478.322571 0 -6.1566782 0 800
0.183629805 0.914399982 0.0317892467 -0.572574615 486.63205 0 -6.1566782 0 800
0.175535796 0.914399982 0.0319140986 -0.591779172 494.857666 0 -6.1566782 0 800
0.167826646 0.914399982 0.0319872562 -0.610607088 503.047913 0 -6.1566782 0 800
0.160484313 0.914399982 0.0320130033 -0.628927112 511.268463 0 -6.1566782 0 800
0.153491595 0.914399982 0.0319952544 -0.646817982 519.626526 0 -6.1566782 0 800
0.146832089 0.914399982 0.0319378188 -0.664350808 528.360107 0 -6.1566782 0 800
0.14049016 0.914399982 0.0318441191 -0.681558013 537.524658 0 -6.1566782 0 800
0.134450891 0.914399982 0.0317176756 -0.69843632 546.812744 0 -6.1566782 0 800
0.128700067 0.914399982 0.0315614542 -0.714979589 555.995239 0 -6.1566782 0 800
0.123224125 0.914399982 0.0313785745 -0.731187701 565.004272 0 -6.1566782 0 800
0.118010133 0.914399982 0.0311717876 -0.747063518 573.797852 0 -6.1566782 0 800
0.113045762 0.914399982 0.0309436514 -0.762539864 582.195862 0 -6.1566782 0 800
0.108319244 0.914399982 0.030696767 -0.777686894 589.843079 0 -6.1566782 0 800
0.103819378 0.914399982 0.0304331237 -0.792774856 597.112 0 -6.1566782 0 800
0.0995354561 0.914399982 0.0301550666 -0.807793438 604.695862 0 -6.1566782 0 800
0.0954572808 0.914399982 0.0298645461 -0.822587013 612.585938 0 -6.1566782 0 800
0.0915751261 0.914399982 0.0295633763 -0.836944759 620.486938 0 -6.1566782 0 800
0.0878797114 0.914399982 0.0292533156 -0.851373911 629.694641 0 -6.1566782 0 800
0.0840469838 0.914399982 0.0289062096 -0.866297603 638.976624 0 -6.1566782 0 800
0.0802167986 0.914399982 0.0285320909 -0.882255912 647.760681 0 -6.1566782 0 800
0.0763895072 0.914399982 0.0281294441 -0.898670375 656.620117 0 -6.1566782 0 800
0.0725655179 0.914399982 0.0276965597 -0.915795267 665.448669 0 -6.1566782 0 800
0.0687452754 0.914399982 0.0272317683 -0.933637142 674.993958 0 -6.1566782 0 800
0.064929336 0.914399982 0.0267328795 -0.952250898 685.300354 3.27819544e-05 -6.15585995 1 800
0.0611183305 0.914399982 0.0261976034 -0.971695542 695.651184 0.000121233839 -6.15369606 1 800
0.057312985 0.914399982 0.0256234702 -0.992115438 706.305786 0.00021717386 -6.15141344 1 800
0.0535142236 0.914399982 0.0250072752 -1.01358223 718.246765 0.000321071391 -6.14901495 1 800
0.0497231096 0.914399982 0.0243456578 -1.0361495 731.248962 0.000632614945 -6.14184952 1 800
0.0459409432 0.914399982 0.0236346701 -1.05993176 744.940125 0.00109838531 -6.13142014 1 800
0.0421694081 0.914399982 0.022869289 -1.0850749 760.200623 0.00161071587 -6.12035561 1 800
0.0384104773 0.914399982 0.0220442288 -1.11166227 776.307434 0.00228596781 -6.10613966 1 800
0.0346668648 0.914399982 0.0211522365 -1.13999045 792.275574 0.00395090086 -6.07113218 1 800
0.030941939 0.914399982 0.0201851727 -1.17040634 808.700012 0.0059001022 -6.0314579 1 800
0.0272403822 0.914399982 0.0191321958 -1.20340109 826.816833 0.00924290158 -5.9647336 1 800
0.0235685341 0.914399982 0.0179798843 -1.23893452 851.454712 0.014322605 -5.8678112 1 800
0.0199356235 0.914399982 0.016710139 -1.27666867 890.487793 0.0223714095 -5.72511101 1 800
0.0163551785 0.914399982 0.0152992111 -1.31550705 953.39801 0.0350112878 -5.52588987 1 800
0.0128491814 0.914399982 0.0137122879 -1.35433042 1043.60486 0.0555408485 -5.2425704 1 800
0.00945383037 0.914399982 0.0119006561 -1.37195432 1139.70508 0.0908037797 -4.78869009 1 800
0.00623677019 0.914399982 0.00978858788 -1.33831096 1221.09033 0.148678109 -4.06710911 1 800
0.00378854179 0.914399982 0.00771678323 -1.22232127 1302.35779 0.231036276 -3.11558485 1 800
0.00205238165 0.914399982 0.00573711955 -0.980980694 1373.22876 0.334832758 -1.98548055 1 800
0.000885926661 0.914399982 0.00380606859 -0.598043263 1401.4845 0.461576998 -0.528570294 1 800
0.000221795781 0.914399982 0.00191233535 -0.110614419 1355.54614 0.582884967 0 0.947438002 800
-8.18412707e-09 0.914399982 -7.8016762e-10 0.38491407 1163.48242 0.667325139 0 0.700333595 800
0.000223949606 0.914399982 -0.00192167554 0.763451457 821.650146 0.700672507 0 0.528213322 800
0.000894500341 0.914399982 -0.00382396404 0.963107765 459.108826 0.682002902 0 0.461412638 800
0.00207182132 0.914399982 -0.00576342608 1.00671399 322.355835 0.624171436 0 0.451942682 800
0.00382505494 0.914399982 -0.00775240178 0.928714991 388.005859 0.546231985 0 0.433902949 800
0.00629995687 0.914399982 -0.00983544748 0.794246376 492.967346 0.46234864 0 0.470919728 800
0.00953813405 0.914399982 -0.0119500268 0.6593799 587.508118 0.383460999 0 0.566316485 800
0.0129541215 0.914399982 -0.0137633999 0.5362643 644.579163 0.317889184 0 0.735075235 800
0.0164803755 0.914399982 -0.0153517183 0.439895064 659.12677 0.267449051 0 0.951510429 800
0.020080848 0.914399982 -0.0167637384 0.362452239 651.808105 0.226966769 -0.217068419 1 800
0.0237336306 0.914399982 -0.0180343181 0.298757195 641.73175 0.194178998 -0.994173884 1 800
0.0274252519 0.914399982 -0.0191871962 0.246145919 634.398254 0.170100942 -1.58178318 1 800
0.0311464933 0.914399982 -0.0202405485 0.201794907 628.940613 0.150061041 -2.0848527 1 800
0.0348910332 0.914399982 -0.0212078183 0.163554966 624.977844 0.132562205 -2.53536558 1 800
0.0386542236 0.914399982 -0.0220997762 0.130685255 621.179016 0.117221765 -2.93371654 1 800
0.0424326793 0.914399982 -0.0229246784 0.102193646 616.911377 0.10495922 -3.2505734 1 800
0.046223709 0.914399982 -0.0236897172 0.0771240517 612.189148 0.0942129493 -3.52778888 1 800
0.0500253392 0.914399982 -0.0244002091 0.0548393726 606.645081 0.0844441652 -3.77833986 1 800
0.0538358856 0.914399982 -0.0250612117 0.0350144133 600.667419 0.0755546615 -4.00696468 1 800
0.0576540566 0.914399982 -0.0256766472 0.0172743127 595.195801 0.0674634874 -4.21915293 1 800
0.0614787897 0.914399982 -0.0262498885 0.0013956594 589.832458 0.0610869266 -4.38635826 1 800
0.0653091597 0.914399982 -0.0267841679 -0.0128161488 584.161682 0.0552275777 -4.54069757 1 800
0.0691444462 0.914399982 -0.0272819299 -0.0255603474 578.680664 0.0497698002 -4.68652964 1 800
0.0729840168 0.914399982 -0.0277454884 -0.0370660201 573.834717 0.0447013453 -4.82487249 1 800
0.0768273202 0.914399982 -0.0281770067 -0.0475218855 569.207581 0.040396791 -4.94326115 1 800
0.0806739047 0.914399982 -0.0285782259 -0.0570358746 564.354858 0.0366600603 -5.0461092 1 800
0.0845233667 0.914399982 -0.0289508275 -0.0656330511 559.596008 0.0331439078 -5.1441164 1 800
0.0883753581 0.914399982 -0.0292963007 -0.0735631511 554.304077 0.0298368186 -5.23637486 1 800
0.0921723098 0.914399982 -0.0296113526 -0.0810204223 549.20166 0.0268124118 -5.32190228 1 800
0.0961611503 0.914399982 -0.0299165569 -0.0876840129 545.19812 0.0242846962 -5.39508009 1 800
0.100351403 0.914399982 -0.0302101332 -0.0939995572 541.030823 0.0217740424 -5.46859074 1 800
0.104753054 0.914399982 -0.0304901843 -0.100038819 537.166748 0.0192837827 -5.54288197 1 800
0.109376582 0.914399982 -0.0307545341 -0.105687246 532.96344 0.0170727186 -5.60895729 1 800
0.114232956 0.914399982 -0.0310011623 -0.110900037 528.053833 0.015021679 -5.67030668 1 800
0.119333704 0.914399982 -0.0312274389 -0.115687028 522.961609 0.0129925441 -5.73189449 1 800
0.12469089 0.914399982 -0.0314310286 -0.120038368 517.52887 0.0111907581 -5.78696299 1 800
0.13031718 0.914399982 -0.0316090376 -0.123974971 511.822357 0.00952621456 -5.83845091 1 800
0.136225844 0.914399982 -0.0317587348 -0.127472818 505.917114 0.00798161607 -5.88694763 1 800
0.142430807 0.914399982 -0.0318769452 -0.130490676 500.020386 0.00662006112 -5.93033123 1 800
0.148946664 0.914399982 -0.0319604654 -0.133005112 494.458344 0.00539119495 -5.97028494 1 800
0.155788727 0.914399982 -0.0320057999 -0.135011107 489.340729 0.00431145821 -6.00607586 1 800
0.162973049 0.914399982 -0.0320092596 -0.136488795 484.418396 0.00339982123 -6.03672791 1 800
0.17051647 0.914399982 -0.0319670123 -0.137421101 479.549072 0.00253216084 -6.06644154 1 800
0.178436651 0.914399982 -0.0318748827 -0.137827709 474.577301 0.00196618075 -6.08589125 1 800
0.186668494 0.914399982 -0.0317302915 -0.137790114 468.923401 0.00145209942 -6.10378504 1 800
0.194899382 0.914399982 -0.0315389771 -0.13726902 462.49292 0.0009686884 -6.12090302 1 800
0.203129129 0.914399982 -0.0313035916 -0.135558367 481.954041 0.000638878962 -6.13403177 1 800
0.211357581 0.914399982 -0.0310266417 -0.133336902 481.559387 0.000475253357 -6.13982534 1 800
0.219584618 0.914399982 -0.0307104125 -0.131925002 453.881317 0.000321376574 -6.14459181 1 800
0.227810143 0.914399982 -0.0303570527 -0.130433425 446.309509 0.000176870424 -6.14991474 1 800
0.236034083 0.914399982 -0.02996853 -0.128189132 440.711365 8.28299817e-05 -6.15347099 1 800
0.244256381 0.914399982 -0.029546695 -0.125571042 435.890747 4.80684903e-05 -6.15479708 1 800
0.252476996 0.914399982 -0.0290932332 -0.122761555 431.57901 1.52580087e-05 -6.15607548 1 800
0.260695899 0.914399982 -0.0286097324 -0.119807631 427.742279 0 -6.1566782 0 800
0.268913069 0.914399982 -0.0280976393 -0.116711587 424.400055 0 -6.1566782 0 800
0.277128497 0.914399982 -0.0275582988 -0.113481224 421.314148 0 -6.1566782 0 800
0.285342173 0.914399982 -0.0269929196 -0.110126242 418.245514 0 -6.1566782 0 800
0.293554103 0.914399982 -0.0264027129 -0.106657051 415.139771 0 -6.1566782 0 800
0.30176429 0.914399982 -0.0257887329 -0.103078038 411.947693 0 -6.1566782 0 800
0.30997274 0.914399982 -0.0251519596 -0.0993884727 408.657501 0 -6.1566782 0 800
0.318179461 0.914399982 -0.024493279 -0.0955830812 405.295593 0 -6.1566782 0 800
0.326384463 0.914399982 -0.0238135129 -0.0916610062 401.92569 0 -6.1566782 0 800
0.334587753 0.914399982 -0.0231133996 -0.0876350328 398.648499 0 -6.1566782 0 800
0.342789342 0.914399982 -0.0223936188 -0.0835155621 395.45929 0 -6.1566782 0 800
0.350989234 0.914399982 -0.0216547695 -0.0792986527 392.266022 0 -6.1566782 0 800
0.35918743 0.914399982 -0.0208973241 -0.0749715492 389.054993 0 -6.1566782 0 800
0.367383934 0.914399982 -0.0201217886 -0.0705229715 385.839233 0 -6.1566782 0 800
0.37557875 0.914399982 -0.0193286179 -0.0659437776 382.586578 0 -6.1566782 0 800
0.383771879 0.914399982 -0.0185182035 -0.0612205826 379.319 0 -6.1566782 0 800
0.391963292 0.914399982 -0.0176906245 -0.0563351698 376.082306 0 -6.1566782 0 800
0.400152994 0.914399982 -0.0168462758 -0.0512707904 372.83432 0 -6.1566782 0 800
0.408340957 0.914399982 -0.0159852393 -0.0460088141 369.526489 0 -6.1566782 0 800
0.416527174 0.914399982 -0.0151077437 -0.0405220874 366.159485 0 -6.1566782 0 800
0.424711588 0.914399982 -0.0142136014 -0.0347773023 362.743591 0 -6.1566782 0 800
0.432894189 0.914399982 -0.013303011 -0.0287413578 359.205719 0 -6.1566782 0 800
0.441074934 0.914399982 -0.0123758934 -0.0223768204 355.468842 0 -6.1566782 0 800
0.449253777 0.914399982 -0.0114321437 -0.0156306066 351.537781 0 -6.1566782 0 800
0.457430648 0.914399982 -0.0104714608 -0.00843577925 347.360687 0 -6.1566782 0 800
0.465605512 0.914399982 -0.00949384193 -0.000712933193 342.811462 0 -6.1566782 0 800
0.473778288 0.914399982 -0.00849891854 0.00764028262 337.807678 0 -6.1566782 0 800
0.481948901 0.914399982 -0.00748638651 0.016762143 332.25177 0 -6.1566782 0 800
0.490117272 0.914399982 -0.00645592718 0.0268055033 325.949921 0 -6.1566782 0 800
0.498283313 0.914399982 -0.00540716446 0.0379557312 318.758118 0 -6.1566782 0 800
0.506446902 0.914399982 -0.00433948132 0.0503879413 310.763824 0 -6.1566782 0 800
0.514607963 0.914399982 -0.00325264134 0.0637405589 302.932251 0 -6.1566782 0 800
0.522103416 0.914399982 -0.00223657105 0.0760454983 296.369476 0 -6.1566782 0 800
0.526786897 0.914399982 -0.00159289913 0.0868490115 291.372162 0 -6.1566782 0 800
0.529713585 0.914399982 -0.00118707392 0.0939632729 288.042084 0 -6.1566782 0 800
0.531542578 0.914399982 -0.000932086132 0.097679086 287.907776 0 -6.1566782 0 800
0.532685624 0.914399982 -0.000772191035 0.102473907 302.326447 0 -6.1566782 0 800
0.533400004 0.914399982 -0.000672082119 0.0993531123 273.376709 0 -6.1566782 0 800

ZONE T="SLICE_Y_0p9144_BINS01_KS_0p5mm_CUTDATA_VAR_DENSITY"
0.533400008 0.914399982 -0.000448054116 0.0789394453 187.109741 0 -6.1566782 0 200
0.533399994 0.914399982 -0.000224026114 0.0922477469 236.425842 0 -6.1566782 0 200
0.533399991 0.914399982 1.88940693e-09 0.0912069157 218.22583 0 -6.1566782 0 200
0.533399987 0.914399982 0.000224029893 0.0911068842 191.410583 0 -6.1566782 0 200
0.533399995 0.914399982 0.000448057897 0.083797127 153.034027 0 -6.1566782 0 200
0.533399995 0.914399982 0.000448057897 0.083797127 153.034027 0 -6.1566782 0 200
0.533400004 0.914399982 0.000672085901 0.0959558412 191.20871 0 -6.1566782 0 200
0.532685624 0.914399982 0.000772193473 0.0991385281 186.173676 0 -6.1566782 0 200
0.531542578 0.914399982 0.000932090434 0.0968561471 165.450073 0 -6.1566782 0 200
0.529713585 0.914399982 0.00118707894 0.0933111086 163.909805 0 -6.1566782 0 200
0.526786897 0.914399982 0.00159290009 0.0866915956 167.813629 0 -6.1566782 0 200
0.522103417 0.914399982 0.00223657466 0.0753579885 176.041199 0 -6.1566782 0 200
0.514607964 0.914399982 0.0032526425 0.0610277653 187.44989 0 -6.1566782 0 200
0.506371577 0.914399982 0.00434943858 0.0439377017 201.328064 0 -6.1566782 0 200
0.498132609 0.914399982 0.00542667815 0.0262918174 215.432907 0 -6.1566782 0 200
0.489891152 0.914399982 0.00648470903 0.00888424274 228.569748 0 -6.1566782 0 200
0.481647323 0.914399982 0.00752408844 -0.00819624495 240.638916 0 -6.1566782 0 200
0.473401217 0.914399982 0.00854524793 -0.0249366648 251.774963 0 -6.1566782 0 200
0.465152907 0.914399982 0.00954845569 -0.0413399115 262.128021 0 -6.1566782 0 200
0.456902477 0.914399982 0.0105340686 -0.0574149564 271.805206 0 -6.1566782 0 200
0.448649992 0.914399982 0.0115023295 -0.0731698498 280.885498 0 -6.1566782 0 200
0.440395522 0.914399982 0.0124535184 -0.0886192024 289.417542 0 -6.1566782 0 200
0.432139116 0.914399982 0.0133877498 -0.103792347 297.461243 0 -6.1566782 0 200
0.423880819 0.914399982 0.0143051192 -0.118723094 305.095459 0 -6.1566782 0 200
0.415620669 0.914399982 0.015205656 -0.133434683 312.364044 0 -6.1566782 0 200
0.40735871 0.914399982 0.0160894302 -0.147946283 319.262817 0 -6.1566782 0 200
0.399094962 0.914399982 0.0169563286 -0.162286296 325.82959 0 -6.1566782 0 200
0.390829445 0.914399982 0.0178061818 -0.176493347 332.112274 0 -6.1566782 0 200
0.382562186 0.914399982 0.0186389257 -0.190617934 338.096954 0 -6.1566782 0 200
0.374293194 0.914399982 0.0194542869 -0.204713166 343.845459 0 -6.1566782 0 200
0.366022465 0.914399982 0.0202518314 -0.218815088 349.465729 0 -6.1566782 0 200
0.357750021 0.914399982 0.0210313825 -0.232944012 354.916473 0 -6.1566782 0 200
0.349475864 0.914399982 0.0217925386 -0.247116417 360.174377 0 -6.1566782 0 200
0.341199976 0.914399982 0.0225346398 -0.261354864 365.311554 0 -6.1566782 0 200
0.332922358 0.914399982 0.0232571832 -0.275693148 370.34314 0 -6.1566782 0 200
0.324643002 0.914399982 0.0239595432 -0.290165812 375.397217 0 -6.1566782 0 200
0.316361902 0.914399982 0.0246410209 -0.304783285 380.627686 0 -6.1566782 0 200
0.308079049 0.914399982 0.0253008585 -0.319530696 385.977997 0 -6.1566782 0 200
0.299794433 0.914399982 0.0259381735 -0.334417015 391.369324 0 -6.1566782 0 200
0.291508047 0.914399982 0.0265520466 -0.349480957 396.806976 0 -6.1566782 0 200
0.283219883 0.914399982 0.0271414292 -0.364762038 402.337585 0 -6.1566782 0 200
0.27492994 0.914399982 0.0277052317 -0.380278111 408.001465 0 -6.1566782 0 200
0.266638216 0.914399982 0.0282422175 -0.39601621 413.826111 0 -6.1566782 0 200
0.258344719 0.914399982 0.0287510886 -0.412009746 419.982483 0 -6.1566782 0 200
0.250049461 0.914399982 0.0292303825 -0.428406805 426.622711 0 -6.1566782 0 200
0.241752467 0.914399982 0.0296786272 -0.445242822 434.565338 0 -6.1566782 0 200
0.233453768 0.914399982 0.0300941296 -0.462347031 440.874237 0 -6.1566782 0 200
0.225153415 0.914399982 0.0304751472 -0.479678661 447.220886 0 -6.1566782 0 200
0.216851469 0.914399982 0.0308197141 -0.497370541 455.277222 0 -6.1566782 0 200
0.208548015 0.914399982 0.0311257993 -0.515523553 462.443329 0 -6.1566782 0 200
0.200243156 0.914399982 0.0313910305 -0.53414011 470.113281 0 -6.1566782 0 200
0.19193703 0.914399982 0.0316130535 -0.553247571 478.322571 0 -6.1566782 0 200
0.183629805 0.914399982 0.0317892467 -0.572574615 486.63205 0 -6.1566782 0 200
0.175535796 0.914399982 0.0319140986 -0.591779172 494.857666 0 -6.1566782 0 200
0.167826646 0.914399982 0.0319872562 -0.610607088 503.047913 0 -6.1566782 0 200
0.160484313 0.914399982 0.0320130033 -0.628927112 511.268463 0 -6.1566782 0 200
0.153491595 0.914399982 0.0319952544 -0.646817982 519.626526 0 -6.1566782 0 200
0.146832089 0.914399982 0.0319378188 -0.664350808 528.360107 0 -6.1566782 0 200
0.14049016 0.914399982 0.0318441191 -0.681558013 537.524658 0 -6.1566782 0 200
0.134450891 0.914399982 0.0317176756 -0.69843632 546.812744 0 -6.1566782 0 200
0.128700067 0.914399982 0.0315614542 -0.714979589 555.995239 0 -6.1566782 0 200
0.123224125 0.914399982 0.0313785745 -0.731187701 565.004272 0 -6.1566782 0 200
0.118010133 0.914399982 0.0311717876 -0.747063518 573.797852 0 -6.1566782 0 200
0.113045762 0.914399982 0.0309436514 -0.762539864 582.195862 0 -6.1566782 0 200
0.108319244 0.914399982 0.030696767 -0.777686894 589.843079 0 -6.1566782 0 200
0.103819378 0.914399982 0.0304331237 -0.792774856 597.112 0 -6.1566782 0 200
0.0995354561 0.914399982 0.0301550666 -0.807793438 604.695862 0 -6.1566782 0 200
0.0954572808 0.914399982 0.0298645461 -0.822587013 612.585938 0 -6.1566782 0 200
0.0915751261 0.914399982 0.0295633763 -0.836944759 620.486938 0 -6.1566782 0 200
0.0878797114 0.914399982 0.0292533156 -0.851373911 629.694641 0 -6.1566782 0 200
0.0840469838 0.914399982 0.0289062096 -0.866297603 638.976624 0 -6.1566782 0 200
0.0802167986 0.914399982 0.0285320909 -0.882255912 647.760681 0 -6.1566782 0 200
0.0763895072 0.914399982 0.0281294441 -0.898670375 656.620117 0 -6.1566782 0 200
0.0725655179 0.914399982 0.0276965597 -0.915795267 665.448669 0 -6.1566782 0 200
0.0687452754 0.914399982 0.0272317683 -0.933637142 674.993958 0 -6.1566782 0 200
0.064929336 0.914399982 0.0267328795 -0.952250898 685.300354 3.27819544e-05 -6.15585995 1 200
0.0611183305 0.914399982 0.0261976034 -0.971695542 695.651184 0.000121233839 -6.15369606 1 200
0.057312985 0.914399982 0.0256234702 -0.992115438 706.305786 0.00021717386 -6.15141344 1 200
0.0535142236 0.914399982 0.0250072752 -1.01358223 718.246765 0.000321071391 -6.14901495 1 200
0.0497231096 0.914399982 0.0243456578 -1.0361495 731.248962 0.000632614945 -6.14184952 1 200
0.0459409432 0.914399982 0.0236346701 -1.05993176 744.940125 0.00109838531 -6.13142014 1 200
0.0421694081 0.914399982 0.022869289 -1.0850749 760.200623 0.00161071587 -6.12035561 1 200
0.0384104773 0.914399982 0.0220442288 -1.11166227 776.307434 0.00228596781 -6.10613966 1 200.151413
0.0346668648 0.914399982 0.0211522365 -1.13999045 792.275574 0.00395090086 -6.07113218 1 200.729233
0.030941939 0.914399982 0.0201851727 -1.17040634 808.700012 0.0059001022 -6.0314579 1 201.539383
0.0272403822 0.914399982 0.0191321958 -1.20340109 826.816833 0.00924290158 -5.9647336 1 203.324356
0.0235685341 0.914399982 0.0179798843 -1.23893452 851.454712 0.014322605 -5.8678112 1 206.357727
0.0199356235 0.914399982 0.016710139 -1.27666867 890.487793 0.0223714095 -5.72511101 1 211.426361
0.0163551785 0.914399982 0.0152992111 -1.31550705 953.39801 0.0350112878 -5.52588987 1 221.027191
0.0128491814 0.914399982 0.0137122879 -1.35433042 1043.60486 0.0555408485 -5.2425704 1 237.553177
0.00945383037 0.914399982 0.0119006561 -1.37195432 1139.70508 0.0908037797 -4.78869009 1 269.031342
0.00623677019 0.914399982 0.00978858788 -1.33831096 1221.09033 0.148678109 -4.06710911 1 331.567291
0.00378854179 0.914399982 0.00771678323 -1.22232127 1302.35779 0.231036276 -3.11558485 1 438.922485
0.00205238165 0.914399982 0.00573711955 -0.980980694 1373.22876 0.334832758 -1.98548055 1 565.990723
0.000885926661 0.914399982 0.00380606859 -0.598043263 1401.4845 0.461576998 -0.528570294 1 690.781677
0.000221795781 0.914399982 0.00191233535 -0.110614419 1355.54614 0.582884967 0 0.947438002 783.730774
-8.18412707e-09 0.914399982 -7.8016762e-10 0.38491407 1163.48242 0.667325139 0 0.700333595 834.041382
0.000223949606 0.914399982 -0.00192167554 0.763451457 821.650146 0.700672507 0 0.528213322 855.181702
0.000894500341 0.914399982 -0.00382396404 0.963107765 459.108826 0.682002902 0 0.461412638 863.006165
0.00207182132 0.914399982 -0.00576342608 1.00671399 322.355835 0.624171436 0 0.451942682 863.814575
0.00382505494 0.914399982 -0.00775240178 0.928714991 388.005859 0.546231985 0 0.433902949 862.429077
0.00629995687 0.914399982 -0.00983544748 0.794246376 492.967346 0.46234864 0 0.470919728 838.469116
0.00953813405 0.914399982 -0.0119500268 0.6593799 587.508118 0.383460999 0 0.566316485 769.491211
0.0129541215 0.914399982 -0.0137633999 0.5362643 644.579163 0.317889184 0 0.735075235 647.976013
0.0164803755 0.914399982 -0.0153517183 0.439895064 659.12677 0.267449051 0 0.951510429 487.782043
0.020080848 0.914399982 -0.0167637384 0.362452239 651.808105 0.226966769 -0.217068419 1 395.873657
0.0237336306 0.914399982 -0.0180343181 0.298757195 641.73175 0.194178998 -0.994173884 1 347.350769
0.0274252519 0.914399982 -0.0191871962 0.246145919 634.398254 0.170100942 -1.58178318 1 324.240448
0.0311464933 0.914399982 -0.0202405485 0.201794907 628.940613 0.150061041 -2.0848527 1 306.634003
0.0348910332 0.914399982 -0.0212078183 0.163554966 624.977844 0.132562205 -2.53536558 1 286.300781
0.0386542236 0.914399982 -0.0220997762 0.130685255 621.179016 0.117221765 -2.93371654 1 269.380829
0.0424326793 0.914399982 -0.0229246784 0.102193646 616.911377 0.10495922 -3.2505734 1 258.912384
0.046223709 0.914399982 -0.0236897172 0.0771240517 612.189148 0.0942129493 -3.52778888 1 251.333893
0.0500253392 0.914399982 -0.0244002091 0.0548393726 606.645081 0.0844441652 -3.77833986 1 243.328735
0.0538358856 0.914399982 -0.0250612117 0.0350144133 600.667419 0.0755546615 -4.00696468 1 235.678711
0.0576540566 0.914399982 -0.0256766472 0.0172743127 595.195801 0.0674634874 -4.21915293 1 229.403275
0.0614787897 0.914399982 -0.0262498885 0.0013956594 589.832458 0.0610869266 -4.38635826 1 225.391815
0.0653091597 0.914399982 -0.0267841679 -0.0128161488 584.161682 0.0552275777 -4.54069757 1 222.289154
0.0691444462 0.914399982 -0.0272819299 -0.0255603474 578.680664 0.0497698002 -4.68652964 1 219.208099
0.0729840168 0.914399982 -0.0277454884 -0.0370660201 573.834717 0.0447013453 -4.82487249 1 216.141434
0.0768273202 0.914399982 -0.0281770067 -0.0475218855 569.207581 0.040396791 -4.94326115 1 213.79158
0.0806739047 0.914399982 -0.0285782259 -0.0570358746 564.354858 0.0366600603 -5.0461092 1 212.171539
0.0845233667 0.914399982 -0.0289508275 -0.0656330511 559.596008 0.0331439078 -5.1441164 1 210.656174
0.0883753581 0.914399982 -0.0292963007 -0.0735631511 554.304077 0.0298368186 -5.23637486 1 209.108017
0.0921723098 0.914399982 -0.0296113526 -0.0810204223 549.20166 0.0268124118 -5.32190228 1 207.753571
0.0961611503 0.914399982 -0.0299165569 -0.0876840129 545.19812 0.0242846962 -5.39508009 1 206.715805
0.100351403 0.914399982 -0.0302101332 -0.0939995572 541.030823 0.0217740424 -5.46859074 1 205.794662
0.104753054 0.914399982 -0.0304901843 -0.100038819 537.166748 0.0192837827 -5.54288197 1 204.872253
0.109376582 0.914399982 -0.0307545341 -0.105687246 532.96344 0.0170727186 -5.60895729 1 204.054138
0.114232956 0.914399982 -0.0310011623 -0.110900037 528.053833 0.015021679 -5.67030668 1 203.376526
0.119333704 0.914399982 -0.0312274389 -0.115687028 522.961609 0.0129925441 -5.73189449 1 202.71701
0.12469089 0.914399982 -0.0314310286 -0.120038368 517.52887 0.0111907581 -5.78696299 1 202.134384
0.13031718 0.914399982 -0.0316090376 -0.123974971 511.822357 0.00952621456 -5.83845091 1 201.642593
0.136225844 0.914399982 -0.0317587348 -0.127472818 505.917114 0.00798161607 -5.88694763 1 201.215042
0.142430807 0.914399982 -0.0318769452 -0.130490676 500.020386 0.00662006112 -5.93033123 1 200.860474
0.148946664 0.914399982 -0.0319604654 -0.133005112 494.458344 0.00539119495 -5.97028494 1 200.572937
0.155788727 0.914399982 -0.0320057999 -0.135011107 489.340729 0.00431145821 -6.00607586 1 200.353455
0.162973049 0.914399982 -0.0320092596 -0.136488795 484.418396 0.00339982123 -6.03672791 1 200.190979
0.17051647 0.914399982 -0.0319670123 -0.137421101 479.549072 0.00253216084 -6.06644154 1 200.078644
0.178436651 0.914399982 -0.0318748827 -0.137827709 474.577301 0.00196618075 -6.08589125 1 200.017181
0.186668494 0.914399982 -0.0317302915 -0.137790114 468.923401 0.00145209942 -6.10378504 1 200
0.194899382 0.914399982 -0.0315389771 -0.13726902 462.49292 0.0009686884 -6.12090302 1 200
0.203129129 0.914399982 -0.0313035916 -0.135558367 481.954041 0.000638878962 -6.13403177 1 200
0.211357581 0.914399982 -0.0310266417 -0.133336902 481.559387 0.000475253357 -6.13982534 1 200
0.219584618 0.914399982 -0.0307104125 -0.131925002 453.881317 0.000321376574 -6.14459181 1 200
0.227810143 0.914399982 -0.0303570527 -0.130433425 446.309509 0.000176870424 -6.14991474 1 200
0.236034083 0.914399982 -0.02996853 -0.128189132 440.711365 8.28299817e-05 -6.15347099 1 200
0.244256381 0.914399982 -0.029546695 -0.125571042 435.890747 4.80684903e-05 -6.15479708 1 200
0.252476996 0.914399982 -0.0290932332 -0.122761555 431.57901 1.52580087e-05 -6.15607548 1 200
0.260695899 0.914399982 -0.0286097324 -0.119807631 427.742279 0 -6.1566782 0 200
0.268913069 0.914399982 -0.0280976393 -0.116711587 424.400055 0 -6.1566782 0 200
0.277128497 0.914399982 -0.0275582988 -0.113481224 421.314148 0 -6.1566782 0 200
0.285342173 0.914399982 -0.0269929196 -0.110126242 418.245514 0 -6.1566782 0 200
0.293554103 0.914399982 -0.0264027129 -0.106657051 415.139771 0 -6.1566782 0 200
0.30176429 0.914399982 -0.0257887329 -0.103078038 411.947693 0 -6.1566782 0 200
0.30997274 0.914399982 -0.0251519596 -0.0993884727 408.657501 0 -6.1566782 0 200
0.318179461 0.914399982 -0.024493279 -0.0955830812 405.295593 0 -6.1566782 0 200
0.326384463 0.914399982 -0.0238135129 -0.0916610062 401.92569 0 -6.1566782 0 200
0.334587753 0.914399982 -0.0231133996 -0.0876350328 398.648499 0 -6.1566782 0 200
0.342789342 0.914399982 -0.0223936188 -0.0835155621 395.45929 0 -6.1566782 0 200
0.350989234 0.914399982 -0.0216547695 -0.0792986527 392.266022 0 -6.1566782 0 200
0.35918743 0.914399982 -0.0208973241 -0.0749715492 389.054993 0 -6.1566782 0 200
0.367383934 0.914399982 -0.0201217886 -0.0705229715 385.839233 0 -6.1566782 0 200
0.37557875 0.914399982 -0.0193286179 -0.0659437776 382.586578 0 -6.1566782 0 200
0.383771879 0.914399982 -0.0185182035 -0.0612205826 379.319 0 -6.1566782 0 200
0.391963292 0.914399982 -0.0176906245 -0.0563351698 376.082306 0 -6.1566782 0 200
0.400152994 0.914399982 -0.0168462758 -0.0512707904 372.83432 0 -6.1566782 0 200
0.408340957 0.914399982 -0.0159852393 -0.0460088141 369.526489 0 -6.1566782 0 200
0.416527174 0.914399982 -0.0151077437 -0.0405220874 366.159485 0 -6.1566782 0 200
0.424711588 0.914399982 -0.0142136014 -0.0347773023 362.743591 0 -6.1566782 0 200
0.432894189 0.914399982 -0.013303011 -0.0287413578 359.205719 0 -6.1566782 0 200
0.441074934 0.914399982 -0.0123758934 -0.0223768204 355.468842 0 -6.1566782 0 200
0.449253777 0.914399982 -0.0114321437 -0.0156306066 351.537781 0 -6.1566782 0 200
0.457430648 0.914399982 -0.0104714608 -0.00843577925 347.360687 0 -6.1566782 0 200
0.465605512 0.914399982 -0.00949384193 -0.000712933193 342.811462 0 -6.1566782 0 200
0.473778288 0.914399982 -0.00849891854 0.00764028262 337.807678 0 -6.1566782 0 200
0.481948901 0.914399982 -0.00748638651 0.016762143 332.25177 0 -6.1566782 0 200
0.490117272 0.914399982 -0.00645592718 0.0268055033 325.949921 0 -6.1566782 0 200
0.498283313 0.914399982 -0.00540716446 0.0379557312 318.758118 0 -6.1566782 0 200
0.506446902 0.914399982 -0.00433948132 0.0503879413 310.763824 0 -6.1566782 0 200
0.514607963 0.914399982 -0.00325264134 0.0637405589 302.932251 0 -6.1566782 0 200
0.522103416 0.914399982 -0.00223657105 0.0760454983 296.369476 0 -6.1566782 0 200
0.526786897 0.914399982 -0.00159289913 0.0868490115 291.372162 0 -6.1566782 0 200
0.529713585 0.914399982 -0.00118707392 0.0939632729 288.042084 0 -6.1566782 0 200
0.531542578 0.914399982 -0.000932086132 0.097679086 287.907776 0 -6.1566782 0 200
0.532685624 0.914399982 -0.000772191035 0.102473907 302.326447 0 -6.1566782 0 200
0.533400004 0.914399982 -0.000672082119 0.0993531123 273.376709 0 -6.1566782 0 200

ZONE T="SLICE_Y_0p9144_BINS03_KS_0p5mm_CUTDATA_VAR_DENSITY"
0.533400008 0.914399982 -0.000448054116 0.0789394453 187.109741 0 -6.1566782 0 200
0.533399994 0.914399982 -0.000224026114 0.0922477469 236.425842 0 -6.1566782 0 200
0.533399991 0.914399982 1.88940693e-09 0.0912069157 218.22583 0 -6.1566782 0 200
0.533399987 0.914399982 0.000224029893 0.0911068842 191.410583 0 -6.1566782 0 200
0.533399995 0.914399982 0.000448057897 0.083797127 153.034027 0 -6.1566782 0 200
0.533399995 0.914399982 0.000448057897 0.083797127 153.034027 0 -6.1566782 0 200
0.533400004 0.914399982 0.000672085901 0.0959558412 191.20871 0 -6.1566782 0 200
0.532685624 0.914399982 0.000772193473 0.0991385281 186.173676 0 -6.1566782 0 200
0.531542578 0.914399982 0.000932090434 0.0968561471 165.450073 0 -6.1566782 0 200
0.529713585 0.914399982 0.00118707894 0.0933111086 163.909805 0 -6.1566782 0 200
0.526786897 0.914399982 0.00159290009 0.0866915956 167.813629 0 -6.1566782 0 200
0.522103417 0.914399982 0.00223657466 0.0753579885 176.041199 0 -6.1566782 0 200
0.514607964 0.914399982 0.0032526425 0.0610277653 187.44989 0 -6.1566782 0 200
0.506371577 0.914399982 0.00434943858 0.0439377017 201.328064 0 -6.1566782 0 200
0.498132609 0.914399982 0.00542667815 0.0262918174 215.432907 0 -6.1566782 0 200
0.489891152 0.914399982 0.00648470903 0.00888424274 228.569748 0 -6.1566782 0 200
0.481647323 0.914399982 0.00752408844 -0.00819624495 240.638916 0 -6.1566782 0 200
0.473401217 0.914399982 0.00854524793 -0.0249366648 251.774963 0 -6.1566782 0 200
0.465152907 0.914399982 0.00954845569 -0.0413399115 262.128021 0 -6.1566782 0 200
0.456902477 0.914399982 0.0105340686 -0.0574149564 271.805206 0 -6.1566782 0 200
0.448649992 0.914399982 0.0115023295 -0.0731698498 280.885498 0 -6.1566782 0 200
0.440395522 0.914399982 0.0124535184 -0.0886192024 289.417542 0 -6.1566782 0 200
0.432139116 0.914399982 0.0133877498 -0.103792347 297.461243 0 -6.1566782 0 200
0.423880819 0.914399982 0.0143051192 -0.118723094 305.095459 0 -6.1566782 0 200
0.415620669 0.914399982 0.015205656 -0.133434683 312.364044 0 -6.1566782 0 200
0.40735871 0.914399982 0.0160894302 -0.147946283 319.262817 0 -6.1566782 0 200
0.399094962 0.914399982 0.0169563286 -0.162286296 325.82959 0 -6.1566782 0 200
0.390829445 0.914399982 0.0178061818 -0.176493347 332.112274 0 -6.1566782 0 200
0.382562186 0.914399982 0.0186389257 -0.190617934 338.096954 0 -6.1566782 0 200
0.374293194 0.914399982 0.0194542869 -0.204713166 343.845459 0 -6.1566782 0 200
0.366022465 0.914399982 0.0202518314 -0.218815088 349.465729 0 -6.1566782 0 200
0.357750021 0.914399982 0.0210313825 -0.232944012 354.916473 0 -6.1566782 0 200
0.349475864 0.914399982 0.0217925386 -0.247116417 360.174377 0 -6.1566782 0 200
0.341199976 0.914399982 0.0225346398 -0.261354864 365.311554 0 -6.1566782 0 200
0.332922358 0.914399982 0.0232571832 -0.275693148 370.34314 0 -6.1566782 0 200
0.324643002 0.914399982 0.0239595432 -0.290165812 375.397217 0 -6.1566782 0 200
0.316361902 0.914399982 0.0246410209 -0.304783285 380.627686 0 -6.1566782 0 200
0.308079049 0.914399982 0.0253008585 -0.319530696 385.977997 0 -6.1566782 0 200
0.299794433 0.914399982 0.0259381735 -0.334417015 391.369324 0 -6.1566782 0 200
0.291508047 0.914399982 0.0265520466 -0.349480957 396.806976 0 -6.1566782 0 200
0.283219883 0.914399982 0.0271414292 -0.364762038 402.337585 0 -6.1566782 0 200
0.27492994 0.914399982 0.0277052317 -0.380278111 408.001465 0 -6.1566782 0 200
0.266638216 0.914399982 0.0282422175 -0.39601621 413.826111 0 -6.1566782 0 200
0.258344719 0.914399982 0.0287510886 -0.412009746 419.982483 0 -6.1566782 0 200
0.250049461 0.914399982 0.0292303825 -0.428406805 426.622711 0 -6.1566782 0 200
0.241752467 0.914399982 0.0296786272 -0.445242822 434.565338 0 -6.1566782 0 200
0.233453768 0.914399982 0.0300941296 -0.462347031 440.874237 0 -6.1566782 0 200
0.225153415 0.914399982 0.0304751472 -0.479678661 447.220886 0 -6.1566782 0 200
0.216851469 0.914399982 0.0308197141 -0.497370541 455.277222 0 -6.1566782 0 200
0.208548015 0.914399982 0.0311257993 -0.515523553 462.443329 0 -6.1566782 0 200
0.200243156 0.914399982 0.0313910305 -0.53414011 470.113281 0 -6.1566782 0 200
0.19193703 0.914399982 0.0316130535 -0.553247571 478.322571 0 -6.1566782 0 200
0.183629805 0.914399982 0.0317892467 -0.572574615 486.63205 0 -6.1566782 0 200
0.175535796 0.914399982 0.0319140986 -0.591779172 494.857666 0 -6.1566782 0 200
0.167826646 0.914399982 0.0319872562 -0.610607088 503.047913 0 -6.1566782 0 200
0.160484313 0.914399982 0.0320130033 -0.628927112 511.268463 0 -6.1566782 0 200
0.153491595 0.914399982 0.0319952544 -0.646817982 519.626526 0 -6.1566782 0 200
0.146832089 0.914399982 0.0319378188 -0.664350808 528.360107 0 -6.1566782 0 200
0.14049016 0.914399982 0.0318441191 -0.681558013 537.524658 0 -6.1566782 0 200
0.134450891 0.914399982 0.0317176756 -0.69843632 546.812744 0 -6.1566782 0 200
0.128700067 0.914399982 0.0315614542 -0.714979589 555.995239 0 -6.1566782 0 200
0.123224125 0.914399982 0.0313785745 -0.731187701 565.004272 0 -6.1566782 0 200
0.118010133 0.914399982 0.0311717876 -0.747063518 573.797852 0 -6.1566782 0 200
0.113045762 0.914399982 0.0309436514 -0.762539864 582.195862 0 -6.1566782 0 200
0.108319244 0.914399982 0.030696767 -0.777686894 589.843079 0 -6.1566782 0 200
0.103819378 0.914399982 0.0304331237 -0.792774856 597.112 0 -6.1566782 0 200
0.0995354561 0.914399982 0.0301550666 -0.807793438 604.695862 0 -6.1566782 0 200
0.0954572808 0.914399982 0.0298645461 -0.822587013 612.585938 0 -6.1566782 0 200
0.0915751261 0.914399982 0.0295633763 -0.836944759 620.486938 0 -6.1566782 0 200
0.0878797114 0.914399982 0.0292533156 -0.851373911 629.694641 0 -6.1566782 0 200
0.0840469838 0.914399982 0.0289062096 -0.866297603 638.976624 0 -6.1566782 0 200
0.0802167986 0.914399982 0.0285320909 -0.882255912 647.760681 0 -6.1566782 0 200
0.0763895072 0.914399982 0.0281294441 -0.898670375 656.620117 0 -6.1566782 0 200
0.0725655179 0.914399982 0.0276965597 -0.915795267 665.448669 0 -6.1566782 0 200
0.0687452754 0.914399982 0.0272317683 -0.933637142 674.993958 0 -6.1566782 0 200
0.064929336 0.914399982 0.0267328795 -0.952250898 685.300354 0 -6.1566782 0 200
0.0611183305 0.914399982 0.0261976034 -0.971695542 695.651184 0 -6.1566782 0 200
0.057312985 0.914399982 0.0256234702 -0.992115438 706.305786 0 -6.1566782 0 200
0.0535142236 0.914399982 0.0250072752 -1.01358223 718.246765 0 -6.1566782 0 200
0.0497231096 0.914399982 0.0243456578 -1.0361495 731.248962 0 -6.1566782 0 200
0.0459409432 0.914399982 0.0236346701 -1.05993176 744.940125 0 -6.1566782 0 200
0.0421694081 0.914399982 0.022869289 -1.0850749 760.200623 0 -6.1566782 0 200
0.0384104773 0.914399982 0.0220442288 -1.11166227 776.307434 0 -6.1566782 0 200
0.0346668648 0.914399982 0.0211522365 -1.13999045 792.275574 0 -6.1566782 0 200
0.030941939 0.914399982 0.0201851727 -1.17040634 808.700012 0 -6.1566782 0 200
0.0272403822 0.914399982 0.0191321958 -1.20340109 826.816833 0.00156417396 -6.12412548 1 200.005905
0.0235685341 0.914399982 0.0179798843 -1.23893452 851.454712 0.00985203963 -5.95761442 1 202.553467
0.0199356235 0.914399982 0.016710139 -1.27666867 890.487793 0.0202239938 -5.76606321 1 211.543686
0.0163551785 0.914399982 0.0152992111 -1.31550705 953.39801 0.0328446217 -5.56458855 1 229.869339
0.0128491814 0.914399982 0.0137122879 -1.35433042 1043.60486 0.0487722829 -5.35416889 1 268.096039
0.00945383037 0.914399982 0.0119006561 -1.37195432 1139.70508 0.0696374178 -5.11118698 1 247.699753
0.00623677019 0.914399982 0.00978858788 -1.33831096 1221.09033 0.127822533 -4.35801363 1 255.110306
0.00378854179 0.914399982 0.00771678323 -1.22232127 1302.35779 0.235068724 -3.06252241 1 399.212891
0.00205238165 0.914399982 0.00573711955 -0.980980694 1373.22876 0.351776212 -1.77154827 1 576.061035
0.000885926661 0.914399982 0.00380606859 -0.598043263 1401.4845 0.476635158 -0.341103494 1 684.294739
0.000221795781 0.914399982 0.00191233535 -0.110614419 1355.54614 0.596394658 0 0.94366622 788.702942
-8.18412707e-09 0.914399982 -7.8016762e-10 0.38491407 1163.48242 0.680005193 0 0.677304745 836.942261
0.000223949606 0.914399982 -0.00192167554 0.763451457 821.650146 0.71419251 0 0.515871286 856.627869
0.000894500341 0.914399982 -0.00382396404 0.963107765 459.108826 0.694692731 0 0.453611195 863.918823
0.00207182132 0.914399982 -0.00576342608 1.00671399 322.355835 0.636382163 0 0.445403457 864.606384
0.00382505494 0.914399982 -0.00775240178 0.928714991 388.005859 0.55847156 0 0.425204754 863.932434
0.00629995687 0.914399982 -0.00983544748 0.794246376 492.967346 0.474584639 0 0.457600772 843.300415
0.00953813405 0.914399982 -0.0119500268 0.6593799 587.508118 0.395460159 0 0.543030918 783.689758
0.0129541215 0.914399982 -0.0137633999 0.5362643 644.579163 0.329254478 0 0.68753916 675.364746
0.0164803755 0.914399982 -0.0153517183 0.439895064 659.12677 0.276853889 0 0.943331361 494.369995
0.020080848 0.914399982 -0.0167637384 0.362452239 651.808105 0.236766696 0 0.999322593 412.239868
0.0237336306 0.914399982 -0.0180343181 0.298757195 641.73175 0.205800772 -0.684761465 1 378.021088
0.0274252519 0.914399982 -0.0191871962 0.246145919 634.398254 0.179343984 -1.33058667 1 339.386169
0.0311464933 0.914399982 -0.0202405485 0.201794907 628.940613 0.156403571 -1.90948772 1 306.44516
0.0348910332 0.914399982 -0.0212078183 0.163554966 624.977844 0.136243567 -2.4322989 1 280.019165
0.0386542236 0.914399982 -0.0220997762 0.130685255 621.179016 0.118334204 -2.90142226 1 259.495422
0.0424326793 0.914399982 -0.0229246784 0.102193646 616.911377 0.1023072 -3.32252359 1 243.738403
0.046223709 0.914399982 -0.0236897172 0.0771240517 612.189148 0.0878849253 -3.703233 1 231.764511
0.0500253392 0.914399982 -0.0244002091 0.0548393726 606.645081 0.074862875 -4.04776192 1 222.682617
0.0538358856 0.914399982 -0.0250612117 0.0350144133 600.667419 0.0631636083 -4.35991573 1 216.00856
0.0576540566 0.914399982 -0.0256766472 0.0172743127 595.195801 0.0526413508 -4.64556456 1 210.917877
0.0614787897 0.914399982 -0.0262498885 0.0013956594 589.832458 0.0434799716 -4.89750004 1 207.858917
0.0653091597 0.914399982 -0.0267841679 -0.0128161488 584.161682 0.0405267812 -4.9727025 1 207.351883
0.0691444462 0.914399982 -0.0272819299 -0.0255603474 578.680664 0.0377782732 -5.04361343 1 208.394028
0.0729840168 0.914399982 -0.0277454884 -0.0370660201 573.834717 0.0351979658 -5.11138582 1 209.875565
0.0768273202 0.914399982 -0.0281770067 -0.0475218855 569.207581 0.0327662639 -5.17571783 1 211.257385
0.0806739047 0.914399982 -0.0285782259 -0.0570358746 564.354858 0.0304664131 -5.23648977 1 212.333328
0.0845233667 0.914399982 -0.0289508275 -0.0656330511 559.596008 0.0282890778 -5.29458904 1 212.942474
0.0883753581 0.914399982 -0.0292963007 -0.0735631511 554.304077 0.0262260716 -5.34935713 1 212.986282
0.0921723098 0.914399982 -0.0296113526 -0.0810204223 549.20166 0.0242555887 -5.40259314 1 212.543213
0.0961611503 0.914399982 -0.0299165569 -0.0876840129 545.19812 0.0223216712 -5.45715809 1 211.670547
0.100351403 0.914399982 -0.0302101332 -0.0939995572 541.030823 0.0203898735 -5.51237535 1 210.460953
0.104753054 0.914399982 -0.0304901843 -0.100038819 537.166748 0.0184578244 -5.56891155 1 209.048477
0.109376582 0.914399982 -0.0307545341 -0.105687246 532.96344 0.0165323615 -5.62583637 1 207.554962
0.114232956 0.914399982 -0.0310011623 -0.110900037 528.053833 0.0146124931 -5.68296194 1 206.054184
0.119333704 0.914399982 -0.0312274389 -0.115687028 522.961609 0.0127006629 -5.74084139 1 204.617676
0.12469089 0.914399982 -0.0314310286 -0.120038368 517.52887 0.0108029936 -5.79921913 1 203.326981
0.13031718 0.914399982 -0.0316090376 -0.123974971 511.822357 0.0089211436 -5.85818148 1 202.234146
0.136225844 0.914399982 -0.0317587348 -0.127472818 505.917114 0.00706343912 -5.91758728 1 201.359665
0.142430807 0.914399982 -0.0318769452 -0.130490676 500.020386 0.00523127289 -5.97752666 1 200.707581
0.148946664 0.914399982 -0.0319604654 -0.133005112 494.458344 0.00343749928 -6.03765202 1 200.271835
0.155788727 0.914399982 -0.0320057999 -0.135011107 489.340729 0.00168804778 -6.09762001 1 200.044571
0.162973049 0.914399982 -0.0320092596 -0.136488795 484.418396 3.95344978e-05 -6.15528154 1 200
0.17051647 0.914399982 -0.0319670123 -0.137421101 479.549072 0 -6.1566782 0 200
0.178436651 0.914399982 -0.0318748827 -0.137827709 474.577301 0 -6.1566782 0 200
0.186668494 0.914399982 -0.0317302915 -0.137790114 468.923401 0 -6.1566782 0 200
0.194899382 0.914399982 -0.0315389771 -0.13726902 462.49292 0 -6.1566782 0 200
0.203129129 0.914399982 -0.0313035916 -0.135558367 481.954041 0 -6.1566782 0 200
0.211357581 0.914399982 -0.0310266417 -0.133336902 481.559387 0 -6.1566782 0 200
0.219584618 0.914399982 -0.0307104125 -0.131925002 453.881317 0 -6.1566782 0 200
0.227810143 0.914399982 -0.0303570527 -0.130433425 446.309509 0 -6.1566782 0 200
0.236034083 0.914399982 -0.02996853 -0.128189132 440.711365 0 -6.1566782 0 200
0.244256381 0.914399982 -0.029546695 -0.125571042 435.890747 0 -6.1566782 0 200
0.252476996 0.914399982 -0.0290932332 -0.122761555 431.57901 0 -6.1566782 0 200
0.260695899 0.914399982 -0.0286097324 -0.119807631 427.742279 0 -6.1566782 0 200
0.268913069 0.914399982 -0.0280976393 -0.116711587 424.400055 0 -6.1566782 0 200
0.277128497 0.914399982 -0.0275582988 -0.113481224 421.314148 0 -6.1566782 0 200
0.285342173 0.914399982 -0.0269929196 -0.110126242 418.245514 0 -6.1566782 0 200
0.293554103 0.914399982 -0.0264027129 -0.106657051 415.139771 0 -6.1566782 0 200
0.30176429 0.914399982 -0.0257887329 -0.103078038 411.947693 0 -6.1566782 0 200
0.30997274 0.914399982 -0.0251519596 -0.0993884727 408.657501 0 -6.1566782 0 200
0.318179461 0.914399982 -0.024493279 -0.0955830812 405.295593 0 -6.1566782 0 200
0.326384463 0.914399982 -0.0238135129 -0.0916610062 401.92569 0 -6.1566782 0 200
0.334587753 0.914399982 -0.0231133996 -0.0876350328 398.648499 0 -6.1566782 0 200
0.342789342 0.914399982 -0.0223936188 -0.0835155621 395.45929 0 -6.1566782 0 200
0.350989234 0.914399982 -0.0216547695 -0.0792986527 392.266022 0 -6.1566782 0 200
0.35918743 0.914399982 -0.0208973241 -0.0749715492 389.054993 0 -6.1566782 0 200
0.367383934 0.914399982 -0.0201217886 -0.0705229715 385.839233 0 -6.1566782 0 200
0.37557875 0.914399982 -0.0193286179 -0.0659437776 382.586578 0 -6.1566782 0 200
0.383771879 0.914399982 -0.0185182035 -0.0612205826 379.319 0 -6.1566782 0 200
0.391963292 0.914399982 -0.0176906245 -0.0563351698 376.082306 0 -6.1566782 0 200
0.400152994 0.914399982 -0.0168462758 -0.0512707904 372.83432 0 -6.1566782 0 200
0.408340957 0.914399982 -0.0159852393 -0.0460088141 369.526489 0 -6.1566782 0 200
0.416527174 0.914399982 -0.0151077437 -0.0405220874 366.159485 0 -6.1566782 0 200
0.424711588 0.914399982 -0.0142136014 -0.0347773023 362.743591 0 -6.1566782 0 200
0.432894189 0.914399982 -0.013303011 -0.0287413578 359.205719 0 -6.1566782 0 200
0.441074934 0.914399982 -0.0123758934 -0.0223768204 355.468842 0 -6.1566782 0 200
0.449253777 0.914399982 -0.0114321437 -0.0156306066 351.537781 0 -6.1566782 0 200
0.457430648 0.914399982 -0.0104714608 -0.00843577925 347.360687 0 -6.1566782 0 200
0.465605512 0.914399982 -0.00949384193 -0.000712933193 342.811462 0 -6.1566782 0 200
0.473778288 0.914399982 -0.00849891854 0.00764028262 337.807678 0 -6.1566782 0 200
0.481948901 0.914399982 -0.00748638651 0.016762143 332.25177 0 -6.1566782 0 200
0.490117272 0.914399982 -0.00645592718 0.0268055033 325.949921 0 -6.1566782 0 200
0.498283313 0.914399982 -0.00540716446 0.0379557312 318.758118 0 -6.1566782 0 200
0.506446902 0.914399982 -0.00433948132 0.0503879413 310.763824 0 -6.1566782 0 200
0.514607963 0.914399982 -0.00325264134 0.0637405589 302.932251 0 -6.1566782 0 200
0.522103416 0.914399982 -0.00223657105 0.0760454983 296.369476 0 -6.1566782 0 200
0.526786897 0.914399982 -0.00159289913 0.0868490115 291.372162 0 -6.1566782 0 200
0.529713585 0.914399982 -0.00118707392 0.0939632729 288.042084 0 -6.1566782 0 200
0.531542578 0.914399982 -0.000932086132 0.097679086 287.907776 0 -6.1566782 0 200
0.532685624 0.914399982 -0.000772191035 0.102473907 302.326447 0 -6.1566782 0 200
0.533400004 0.914399982 -0.000672082119 0.0993531123 273.376709 0 -6.1566782 0 200

ZONE T="SLICE_Y_0p9144_BINS07_KS_0p5mm_CUTDATA_VAR_DENSITY"
0.533400008 0.914399982 -0.000448054116 0.0789394453 187.109741 0 -6.1566782 0 200
0.533399994 0.914399982 -0.000224026114 0.0922477469 236.425842 0 -6.1566782 0 200
0.533399991 0.914399982 1.88940693e-09 0.0912069157 218.22583 0 -6.1566782 0 200
0.533399987 0.914399982 0.000224029893 0.0911068842 191.410583 0 -6.1566782 0 200
0.533399995 0.914399982 0.000448057897 0.083797127 153.034027 0 -6.1566782 0 200
0.533399995 0.914399982 0.000448057897 0.083797127 153.034027 0 -6.1566782 0 200
0.533400004 0.914399982 0.000672085901 0.0959558412 191.20871 0 -6.1566782 0 200
0.532685624 0.914399982 0.000772193473 0.0991385281 186.173676 0 -6.1566782 0 200
0.531542578 0.914399982 0.000932090434 0.0968561471 165.450073 0 -6.1566782 0 200
0.529713585 0.914399982 0.00118707894 0.0933111086 163.909805 0 -6.1566782 0 200
0.526786897 0.914399982 0.00159290009 0.0866915956 167.813629 0 -6.1566782 0 200
0.522103417 0.914399982 0.00223657466 0.0753579885 176.041199 0 -6.1566782 0 200
0.514607964 0.914399982 0.0032526425 0.0610277653 187.44989 0 -6.1566782 0 200
0.506371577 0.914399982 0.00434943858 0.0439377017 201.328064 0 -6.1566782 0 200
0.498132609 0.914399982 0.00542667815 0.0262918174 215.432907 0 -6.1566782 0 200
0.489891152 0.914399982 0.00648470903 0.00888424274 228.569748 0 -6.1566782 0 200
0.481647323 0.914399982 0.00752408844 -0.00819624495 240.638916 0 -6.1566782 0 200
0.473401217 0.914399982 0.00854524793 -0.0249366648 251.774963 0 -6.1566782 0 200
0.465152907 0.914399982 0.00954845569 -0.0413399115 262.128021 0 -6.1566782 0 200
0.456902477 0.914399982 0.0105340686 -0.0574149564 271.805206 0 -6.1566782 0 200
0.448649992 0.914399982 0.0115023295 -0.0731698498 280.885498 0 -6.1566782 0 200
0.440395522 0.914399982 0.0124535184 -0.0886192024 289.417542 0 -6.1566782 0 200
0.432139116 0.914399982 0.0133877498 -0.103792347 297.461243 0 -6.1566782 0 200
0.423880819 0.914399982 0.0143051192 -0.118723094 305.095459 0 -6.1566782 0 200
0.415620669 0.914399982 0.015205656 -0.133434683 312.364044 0 -6.1566782 0 200
0.40735871 0.914399982 0.0160894302 -0.147946283 319.262817 0 -6.1566782 0 200
0.399094962 0.914399982 0.0169563286 -0.162286296 325.82959 0 -6.1566782 0 200
0.390829445 0.914399982 0.0178061818 -0.176493347 332.112274 0 -6.1566782 0 200
0.382562186 0.914399982 0.0186389257 -0.190617934 338.096954 0 -6.1566782 0 200
0.374293194 0.914399982 0.0194542869 -0.204713166 343.845459 0 -6.1566782 0 200
0.366022465 0.914399982 0.0202518314 -0.218815088 349.465729 0 -6.1566782 0 200
0.357750021 0.914399982 0.0210313825 -0.232944012 354.916473 0 -6.1566782 0 200
0.349475864 0.914399982 0.0217925386 -0.247116417 360.174377 0 -6.1566782 0 200
0.341199976 0.914399982 0.0225346398 -0.261354864 365.311554 0 -6.1566782 0 200
0.332922358 0.914399982 0.0232571832 -0.275693148 370.34314 0 -6.1566782 0 200
0.324643002 0.914399982 0.0239595432 -0.290165812 375.397217 0 -6.1566782 0 200
0.316361902 0.914399982 0.0246410209 -0.304783285 380.627686 0 -6.1566782 0 200
0.308079049 0.914399982 0.0253008585 -0.319530696 385.977997 0 -6.1566782 0 200
0.299794433 0.914399982 0.0259381735 -0.334417015 391.369324 0 -6.1566782 0 200
0.291508047 0.914399982 0.0265520466 -0.349480957 396.806976 0 -6.1566782 0 200
0.283219883 0.914399982 0.0271414292 -0.364762038 402.337585 0 -6.1566782 0 200
0.27492994 0.914399982 0.0277052317 -0.380278111 408.001465 0 -6.1566782 0 200
0.266638216 0.914399982 0.0282422175 -0.39601621 413.826111 0 -6.1566782 0 200
0.258344719 0.914399982 0.0287510886 -0.412009746 419.982483 0 -6.1566782 0 200
0.250049461 0.914399982 0.0292303825 -0.428406805 426.622711 0 -6.1566782 0 200
0.241752467 0.914399982 0.0296786272 -0.445242822 434.565338 0 -6.1566782 0 200
0.233453768 0.914399982 0.0300941296 -0.462347031 440.874237 0 -6.1566782 0 200
0.225153415 0.914399982 0.0304751472 -0.479678661 447.220886 0 -6.1566782 0 200
0.216851469 0.914399982 0.0308197141 -0.497370541 455.277222 0 -6.1566782 0 200
0.208548015 0.914399982 0.0311257993 -0.515523553 462.443329 0 -6.1566782 0 200
0.200243156 0.914399982 0.0313910305 -0.53414011 470.113281 0 -6.1566782 0 200
0.19193703 0.914399982 0.0316130535 -0.553247571 478.322571 0 -6.1566782 0 200
0.183629805 0.914399982 0.0317892467 -0.572574615 486.63205 0 -6.1566782 0 200
0.175535796 0.914399982 0.0319140986 -0.591779172 494.857666 0 -6.1566782 0 200
0.167826646 0.914399982 0.0319872562 -0.610607088 503.047913 0 -6.1566782 0 200
0.160484313 0.914399982 0.0320130033 -0.628927112 511.268463 0 -6.1566782 0 200
0.153491595 0.914399982 0.0319952544 -0.646817982 519.626526 0 -6.1566782 0 200
0.146832089 0.914399982 0.0319378188 -0.664350808 528.360107 0 -6.1566782 0 200
0.14049016 0.914399982 0.0318441191 -0.681558013 537.524658 0 -6.1566782 0 200
0.134450891 0.914399982 0.0317176756 -0.69843632 546.812744 0 -6.1566782 0 200
0.128700067 0.914399982 0.0315614542 -0.714979589 555.995239 0 -6.1566782 0 200
0.123224125 0.914399982 0.0313785745 -0.731187701 565.004272 0 -6.1566782 0 200
0.118010133 0.914399982 0.0311717876 -0.747063518 573.797852 0 -6.1566782 0 200
0.113045762 0.914399982 0.0309436514 -0.762539864 582.195862 0 -6.1566782 0 200
0.108319244 0.914399982 0.030696767 -0.777686894 589.843079 0 -6.1566782 0 200
0.103819378 0.914399982 0.0304331237 -0.792774856 597.112 0 -6.1566782 0 200
0.0995354561 0.914399982 0.0301550666 -0.807793438 604.695862 0 -6.1566782 0 200
0.0954572808 0.914399982 0.0298645461 -0.822587013 612.585938 0 -6.1566782 0 200
0.0915751261 0.914399982 0.0295633763 -0.836944759 620.486938 0 -6.1566782 0 200
0.0878797114 0.914399982 0.0292533156 -0.851373911 629.694641 0 -6.1566782 0 200
0.0840469838 0.914399982 0.0289062096 -0.866297603 638.976624 0 -6.1566782 0 200
0.0802167986 0.914399982 0.0285320909 -0.882255912 647.760681 0 -6.1566782 0 200
0.0763895072 0.914399982 0.0281294441 -0.898670375 656.620117 0 -6.1566782 0 200
0.0725655179 0.914399982 0.0276965597 -0.915795267 665.448669 0 -6.1566782 0 200
0.0687452754 0.914399982 0.0272317683 -0.933637142 674.993958 0 -6.1566782 0 200
0.064929336 0.914399982 0.0267328795 -0.952250898 685.300354 3.1022264e-05 -6.15590286 1 200
0.0611183305 0.914399982 0.0261976034 -0.971695542 695.651184 0.000114668583 -6.15385818 1 200
0.057312985 0.914399982 0.0256234702 -0.992115438 706.305786 0.000205394899 -6.15170717 1 200
0.0535142236 0.914399982 0.0250072752 -1.01358223 718.246765 0.000303646637 -6.14945316 1 200
0.0497231096 0.914399982 0.0243456578 -1.0361495 731.248962 0.000410022913 -6.14708853 1 200
0.0459409432 0.914399982 0.0236346701 -1.05993176 744.940125 0.000526517862 -6.14456415 1 200
0.0421694081 0.914399982 0.022869289 -1.0850749 760.200623 0.000654511969 -6.14187622 1 200
0.0384104773 0.914399982 0.0220442288 -1.11166227 776.307434 0.00209291815 -6.11034107 1 200.271439
0.0346668648 0.914399982 0.0211522365 -1.13999045 792.275574 0.00382126123 -6.07393312 1 201.087799
0.030941939 0.914399982 0.0201851727 -1.17040634 808.700012 0.00577105628 -6.03444195 1 201.533173
0.0272403822 0.914399982 0.0191321958 -1.20340109 826.816833 0.00801694952 -5.99045753 1 201.623672
0.0235685341 0.914399982 0.0179798843 -1.23893452 851.454712 0.0119218873 -5.9158783 1 203.746033
0.0199356235 0.914399982 0.016710139 -1.27666867 890.487793 0.0218459014 -5.73509693 1 212.558182
0.0163551785 0.914399982 0.0152992111 -1.31550705 953.39801 0.0344785601 -5.53622532 1 222.494965
0.0128491814 0.914399982 0.0137122879 -1.35433042 1043.60486 0.0533566512 -5.27792597 1 230.296539
0.00945383037 0.914399982 0.0119006561 -1.37195432 1139.70508 0.0904872417 -4.79406881 1 274.785828
0.00623677019 0.914399982 0.00978858788 -1.33831096 1221.09033 0.147536799 -4.08207989 1 317.482849
0.00378854179 0.914399982 0.00771678323 -1.22232127 1302.35779 0.231764123 -3.10798073 1 456.108276
0.00205238165 0.914399982 0.00573711955 -0.980980694 1373.22876 0.336013258 -1.96604717 1 522.492004
0.000885926661 0.914399982 0.00380606859 -0.598043263 1401.4845 0.464370728 -0.495090306 1 695.601196
0.000221795781 0.914399982 0.00191233535 -0.110614419 1355.54614 0.583684564 0 0.946947038 784.704285
-8.18412707e-09 0.914399982 -7.8016762e-10 0.38491407 1163.48242 0.669418216 0 0.697014451 834.43988
0.000223949606 0.914399982 -0.00192167554 0.763451457 821.650146 0.702501893 0 0.526564598 855.375183
0.000894500341 0.914399982 -0.00382396404 0.963107765 459.108826 0.683584392 0 0.460392356 863.125549
0.00207182132 0.914399982 -0.00576342608 1.00671399 322.355835 0.625825942 0 0.451041222 863.923462
0.00382505494 0.914399982 -0.00775240178 0.928714991 388.005859 0.547841787 0 0.432719082 862.639282
0.00629995687 0.914399982 -0.00983544748 0.794246376 492.967346 0.463980675 0 0.469095558 839.167236
0.00953813405 0.914399982 -0.0119500268 0.6593799 587.508118 0.385077536 0 0.563082159 771.496643
0.0129541215 0.914399982 -0.0137633999 0.5362643 644.579163 0.319467723 0 0.728264034 652.294617
0.0164803755 0.914399982 -0.0153517183 0.439895064 659.12677 0.268829286 0 0.95026499 490.497345
0.020080848 0.914399982 -0.0167637384 0.362452239 651.808105 0.22814922 -0.185862228 1 399.033386
0.0237336306 0.914399982 -0.0180343181 0.298757195 641.73175 0.194781154 -0.977852583 1 343.239044
0.0274252519 0.914399982 -0.0191871962 0.246145919 634.398254 0.167628258 -1.64796782 1 311.906311
0.0311464933 0.914399982 -0.0202405485 0.201794907 628.940613 0.14936325 -2.10473537 1 302.703674
0.0348910332 0.914399982 -0.0212078183 0.163554966 624.977844 0.13329342 -2.51680064 1 292.518341
0.0386542236 0.914399982 -0.0220997762 0.130685255 621.179016 0.118988499 -2.88584924 1 278.188477
0.0424326793 0.914399982 -0.0229246784 0.102193646 616.911377 0.106160104 -3.2169261 1 264.066376
0.046223709 0.914399982 -0.0236897172 0.0771240517 612.189148 0.0945701525 -3.51677442 1 251.437683
0.0500253392 0.914399982 -0.0244002091 0.0548393726 606.645081 0.0840703845 -3.78797817 1 240.926361
0.0538358856 0.914399982 -0.0250612117 0.0350144133 600.667419 0.0745600387 -4.03471327 1 232.107666
0.0576540566 0.914399982 -0.0256766472 0.0172743127 595.195801 0.065994598 -4.26115084 1 225.847534
0.0614787897 0.914399982 -0.0262498885 0.0013956594 589.832458 0.0601537153 -4.41368151 1 223.06694
0.0653091597 0.914399982 -0.0267841679 -0.0128161488 584.161682 0.0548108481 -4.55350304 1 221.609177
0.0691444462 0.914399982 -0.0272819299 -0.0255603474 578.680664 0.0498094074 -4.68600655 1 219.77771
0.0729840168 0.914399982 -0.0277454884 -0.0370660201 573.834717 0.0451329947 -4.81258869 1 217.554718
0.0768273202 0.914399982 -0.0281770067 -0.0475218855 569.207581 0.040746931 -4.93304014 1 215.174805
0.0806739047 0.914399982 -0.0285782259 -0.0570358746 564.354858 0.0366245247 -5.04711151 1 212.808533
0.0845233667 0.914399982 -0.0289508275 -0.0656330511 559.596008 0.0327495225 -5.15585756 1 210.553482
0.0883753581 0.914399982 -0.0292963007 -0.0735631511 554.304077 0.0291152298 -5.25831795 1 208.54567
0.0921723098 0.914399982 -0.0296113526 -0.0810204223 549.20166 0.0256877281 -5.35656786 1 206.725571
0.0961611503 0.914399982 -0.0299165569 -0.0876840129 545.19812 0.0225899834 -5.44789267 1 205.342133
0.100351403 0.914399982 -0.0302101332 -0.0939995572 541.030823 0.0206732694 -5.50329304 1 204.617859
0.104753054 0.914399982 -0.0304901843 -0.100038819 537.166748 0.0187579412 -5.55984306 1 204.208191
0.109376582 0.914399982 -0.0307545341 -0.105687246 532.96344 0.0168510396 -5.61644268 1 203.867325
0.114232956 0.914399982 -0.0310011623 -0.110900037 528.053833 0.014952234 -5.67287827 1 203.433823
0.119333704 0.914399982 -0.0312274389 -0.115687028 522.961609 0.0130638406 -5.72980022 1 202.91684
0.12469089 0.914399982 -0.0314310286 -0.120038368 517.52887 0.0111936731 -5.78698158 1 202.334793
0.13031718 0.914399982 -0.0316090376 -0.123974971 511.822357 0.00934310723 -5.8445611 1 201.738602
0.136225844 0.914399982 -0.0317587348 -0.127472818 505.917114 0.00752439257 -5.90231848 1 201.179276
0.142430807 0.914399982 -0.0318769452 -0.130490676 500.020386 0.00574144768 -5.96023703 1 200.690704
0.148946664 0.914399982 -0.0319604654 -0.133005112 494.458344 0.00414396264 -6.01328707 1 200.337814
0.155788727 0.914399982 -0.0320057999 -0.135011107 489.340729 0.00358573277 -6.03138781 1 200.148926
0.162973049 0.914399982 -0.0320092596 -0.136488795 484.418396 0.00303364452 -6.04970551 1 200.060593
0.17051647 0.914399982 -0.0319670123 -0.137421101 479.549072 0.00248788763 -6.06811523 1 200.019012
0.178436651 0.914399982 -0.0318748827 -0.137827709 474.577301 0.00195110345 -6.08651543 1 200.002304
0.186668494 0.914399982 -0.0317302915 -0.137790114 468.923401 0.00143243663 -6.10453939 1 200
0.194899382 0.914399982 -0.0315389771 -0.13726902 462.49292 0.000944008236 -6.12183285 1 200
0.203129129 0.914399982 -0.0313035916 -0.135558367 481.954041 0.000488541787 -6.1393528 1 200
0.211357581 0.914399982 -0.0310266417 -0.133336902 481.559387 0.000188898222 -6.14997292 1 200
0.219584618 0.914399982 -0.0307104125 -0.131925002 453.881317 0.000149934902 -6.15103436 1 200
0.227810143 0.914399982 -0.0303570527 -0.130433425 446.309509 0.000113140253 -6.15235043 1 200
0.236034083 0.914399982 -0.02996853 -0.128189132 440.711365 7.8338453e-05 -6.15364552 1 200
0.244256381 0.914399982 -0.029546695 -0.125571042 435.890747 4.54658257e-05 -6.1548996 1 200
0.252476996 0.914399982 -0.0290932332 -0.122761555 431.57901 1.443778e-05 -6.15610838 1 200
0.260695899 0.914399982 -0.0286097324 -0.119807631 427.742279 0 -6.1566782 0 200
0.268913069 0.914399982 -0.0280976393 -0.116711587 424.400055 0 -6.1566782 0 200
0.277128497 0.914399982 -0.0275582988 -0.113481224 421.314148 0 -6.1566782 0 200
0.285342173 0.914399982 -0.0269929196 -0.110126242 418.245514 0 -6.1566782 0 200
0.293554103 0.914399982 -0.0264027129 -0.106657051 415.139771 0 -6.1566782 0 200
0.30176429 0.914399982 -0.0257887329 -0.103078038 411.947693 0 -6.1566782 0 200
0.30997274 0.914399982 -0.0251519596 -0.0993884727 408.657501 0 -6.1566782 0 200
0.318179461 0.914399982 -0.024493279 -0.0955830812 405.295593 0 -6.1566782 0 200
0.326384463 0.914399982 -0.0238135129 -0.0916610062 401.92569 0 -6.1566782 0 200
0.334587753 0.914399982 -0.0231133996 -0.0876350328 398.648499 0 -6.1566782 0 200
0.342789342 0.914399982 -0.0223936188 -0.0835155621 395.45929 0 -6.1566782 0 200
0.350989234 0.914399982 -0.0216547695 -0.0792986527 392.266022 0 -6.1566782 0 200
0.35918743 0.914399982 -0.0208973241 -0.0749715492 389.054993 0 -6.1566782 0 200
0.367383934 0.914399982 -0.0201217886 -0.0705229715 385.839233 0 -6.1566782 0 200
0.37557875 0.914399982 -0.0193286179 -0.0659437776 382.586578 0 -6.1566782 0 200
0.383771879 0.914399982 -0.0185182035 -0.0612205826 379.319 0 -6.1566782 0 200
0.391963292 0.914399982 -0.0176906245 -0.0563351698 376.082306 0 -6.1566782 0 200
0.400152994 0.914399982 -0.0168462758 -0.0512707904 372.83432 0 -6.1566782 0 200
0.408340957 0.914399982 -0.0159852393 -0.0460088141 369.526489 0 -6.1566782 0 200
0.416527174 0.914399982 -0.0151077437 -0.0405220874 366.159485 0 -6.1566782 0 200
0.424711588 0.914399982 -0.0142136014 -0.0347773023 362.743591 0 -6.1566782 0 200
0.432894189 0.914399982 -0.013303011 -0.0287413578 359.205719 0 -6.1566782 0 200
0.441074934 0.914399982 -0.0123758934 -0.0223768204 355.468842 0 -6.1566782 0 200
0.449253777 0.914399982 -0.0114321437 -0.0156306066 351.537781 0 -6.1566782 0 200
0.457430648 0.914399982 -0.0104714608 -0.00843577925 347.360687 0 -6.1566782 0 200
0.465605512 0.914399982 -0.00949384193 -0.000712933193 342.811462 0 -6.1566782 0 200
0.473778288 0.914399982 -0.00849891854 0.00764028262 337.807678 0 -6.1566782 0 200
0.481948901 0.914399982 -0.00748638651 0.016762143 332.25177 0 -6.1566782 0 200
0.490117272 0.914399982 -0.00645592718 0.0268055033 325.949921 0 -6.1566782 0 200
0.498283313 0.914399982 -0.00540716446 0.0379557312 318.758118 0 -6.1566782 0 200
0.506446902 0.914399982 -0.00433948132 0.0503879413 310.763824 0 -6.1566782 0 200
0.514607963 0.914399982 -0.00325264134 0.0637405589 302.932251 0 -6.1566782 0 200
0.522103416 0.914399982 -0.00223657105 0.0760454983 296.369476 0 -6.1566782 0 200
0.526786897 0.914399982 -0.00159289913 0.0868490115 291.372162 0 -6.1566782 0 200
0.529713585 0.914399982 -0.00118707392 0.0939632729 288.042084 0 -6.1566782 0 200
0.531542578 0.914399982 -0.000932086132 0.097679086 287.907776 0 -6.1566782 0 200
0.532685624 0.914399982 -0.000772191035 0.102473907 302.326447 0 -6.1566782 0 200
0.533400004 0.914399982 -0.000672082119 0.0993531123 273.376709 0 -6.1566782 0 200

ZONE T="SLICE_Y_0p9144_BINS15_KS_0p5mm_CUTDATA_VAR_DENSITY"
0.533400008 0.914399982 -0.000448054116 0.0789394453 187.109741 0 -6.1566782 0 200
0.533399994 0.914399982 -0.000224026114 0.0922477469 236.425842 0 -6.1566782 0 200
0.533399991 0.914399982 1.88940693e-09 0.0912069157 218.22583 0 -6.1566782 0 200
0.533399987 0.914399982 0.000224029893 0.0911068842 191.410583 0 -6.1566782 0 200
0.533399995 0.914399982 0.000448057897 0.083797127 153.034027 0 -6.1566782 0 200
0.533399995 0.914399982 0.000448057897 0.083797127 153.034027 0 -6.1566782 0 200
0.533400004 0.914399982 0.000672085901 0.0959558412 191.20871 0 -6.1566782 0 200
0.532685624 0.914399982 0.000772193473 0.0991385281 186.173676 0 -6.1566782 0 200
0.531542578 0.914399982 0.000932090434 0.0968561471 165.450073 0 -6.1566782 0 200
0.529713585 0.914399982 0.00118707894 0.0933111086 163.909805 0 -6.1566782 0 200
0.526786897 0.914399982 0.00159290009 0.0866915956 167.813629 0 -6.1566782 0 200
0.522103417 0.914399982 0.00223657466 0.0753579885 176.041199 0 -6.1566782 0 200
0.514607964 0.914399982 0.0032526425 0.0610277653 187.44989 0 -6.1566782 0 200
0.506371577 0.914399982 0.00434943858 0.0439377017 201.328064 0 -6.1566782 0 200
0.498132609 0.914399982 0.00542667815 0.0262918174 215.432907 0 -6.1566782 0 200
0.489891152 0.914399982 0.00648470903 0.00888424274 228.569748 0 -6.1566782 0 200
0.481647323 0.914399982 0.00752408844 -0.00819624495 240.638916 0 -6.1566782 0 200
0.473401217 0.914399982 0.00854524793 -0.0249366648 251.774963 0 -6.1566782 0 200
0.465152907 0.914399982 0.00954845569 -0.0413399115 262.128021 0 -6.1566782 0 200
0.456902477 0.914399982 0.0105340686 -0.0574149564 271.805206 0 -6.1566782 0 200
0.448649992 0.914399982 0.0115023295 -0.0731698498 280.885498 0 -6.1566782 0 200
0.440395522 0.914399982 0.0124535184 -0.0886192024 289.417542 0 -6.1566782 0 200
0.432139116 0.914399982 0.0133877498 -0.103792347 297.461243 0 -6.1566782 0 200
0.423880819 0.914399982 0.0143051192 -0.118723094 305.095459 0 -6.1566782 0 200
0.415620669 0.914399982 0.015205656 -0.133434683 312.364044 0 -6.1566782 0 200
0.40735871 0.914399982 0.0160894302 -0.147946283 319.262817 0 -6.1566782 0 200
0.399094962 0.914399982 0.0169563286 -0.162286296 325.82959 0 -6.1566782 0 200
0.390829445 0.914399982 0.0178061818 -0.176493347 332.112274 0 -6.1566782 0 200
0.382562186 0.914399982 0.0186389257 -0.190617934 338.096954 0 -6.1566782 0 200
0.374293194 0.914399982 0.0194542869 -0.204713166 343.845459 0 -6.1566782 0 200
0.366022465 0.914399982 0.0202518314 -0.218815088 349.465729 0 -6.1566782 0 200
0.357750021 0.914399982 0.0210313825 -0.232944012 354.916473 0 -6.1566782 0 200
0.349475864 0.914399982 0.0217925386 -0.247116417 360.174377 0 -6.1566782 0 200
0.341199976 0.914399982 0.0225346398 -0.261354864 365.311554 0 -6.1566782 0 200
0.332922358 0.914399982 0.0232571832 -0.275693148 370.34314 0 -6.1566782 0 200
0.324643002 0.914399982 0.0239595432 -0.290165812 375.397217 0 -6.1566782 0 200
0.316361902 0.914399982 0.0246410209 -0.304783285 380.627686 0 -6.1566782 0 200
0.308079049 0.914399982 0.0253008585 -0.319530696 385.977997 0 -6.1566782 0 200
0.299794433 0.914399982 0.0259381735 -0.334417015 391.369324 0 -6.1566782 0 200
0.291508047 0.914399982 0.0265520466 -0.349480957 396.806976 0 -6.1566782 0 200
0.283219883 0.914399982 0.0271414292 -0.364762038 402.337585 0 -6.1566782 0 200
0.27492994 0.914399982 0.0277052317 -0.380278111 408.001465 0 -6.1566782 0 200
0.266638216 0.914399982 0.0282422175 -0.39601621 413.826111 0 -6.1566782 0 200
0.258344719 0.914399982 0.0287510886 -0.412009746 419.982483 0 -6.1566782 0 200
0.250049461 0.914399982 0.0292303825 -0.428406805 426.622711 0 -6.1566782 0 200
0.241752467 0.914399982 0.0296786272 -0.445242822 434.565338 0 -6.1566782 0 200
0.233453768 0.914399982 0.0300941296 -0.462347031 440.874237 0 -6.1566782 0 200
0.225153415 0.914399982 0.0304751472 -0.479678661 447.220886 0 -6.1566782 0 200
0.216851469 0.914399982 0.0308197141 -0.497370541 455.277222 0 -6.1566782 0 200
0.208548015 0.914399982 0.0311257993 -0.515523553 462.443329 0 -6.1566782 0 200
0.200243156 0.914399982 0.0313910305 -0.53414011 470.113281 0 -6.1566782 0 200
0.19193703 0.914399982 0.0316130535 -0.553247571 478.322571 0 -6.1566782 0 200
0.183629805 0.914399982 0.0317892467 -0.572574615 486.63205 0 -6.1566782 0 200
0.175535796 0.914399982 0.0319140986 -0.591779172 494.857666 0 -6.1566782 0 200
0.167826646 0.914399982 0.0319872562 -0.610607088 503.047913 0 -6.1566782 0 200
0.160484313 0.914399982 0.0320130033 -0.628927112 511.268463 0 -6.1566782 0 200
0.153491595 0.914399982 0.0319952544 -0.646817982 519.626526 0 -6.1566782 0 200
0.146832089 0.914399982 0.0319378188 -0.664350808 528.360107 0 -6.1566782 0 200
0.14049016 0.914399982 0.0318441191 -0.681558013 537.524658 0 -6.1566782 0 200
0.134450891 0.914399982 0.0317176756 -0.69843632 546.812744 0 -6.1566782 0 200
0.128700067 0.914399982 0.0315614542 -0.714979589 555.995239 0 -6.1566782 0 200
0.123224125 0.914399982 0.0313785745 -0.731187701 565.004272 0 -6.1566782 0 200
0.118010133 0.914399982 0.0311717876 -0.747063518 573.797852 0 -6.1566782 0 200
0.113045762 0.914399982 0.0309436514 -0.762539864 582.195862 0 -6.1566782 0 200
0.108319244 0.914399982 0.030696767 -0.777686894 589.843079 0 -6.1566782 0 200
0.103819378 0.914399982 0.0304331237 -0.792774856 597.112 0 -6.1566782 0 200
0.0995354561 0.914399982 0.0301550666 -0.807793438 604.695862 0 -6.1566782 0 200
0.0954572808 0.914399982 0.0298645461 -0.822587013 612.585938 0 -6.1566782 0 200
0.0915751261 0.914399982 0.0295633763 -0.836944759 620.486938 0 -6.1566782 0 200
0.0878797114 0.914399982 0.0292533156 -0.851373911 629.694641 0 -6.1566782 0 200
0.0840469838 0.914399982 0.0289062096 -0.866297603 638.976624 0 -6.1566782 0 200
0.0802167986 0.914399982 0.0285320909 -0.882255912 647.760681 0 -6.1566782 0 200
0.0763895072 0.914399982 0.0281294441 -0.898670375 656.620117 0 -6.1566782 0 200
0.0725655179 0.914399982 0.0276965597 -0.915795267 665.448669 0 -6.1566782 0 200
0.0687452754 0.914399982 0.0272317683 -0.933637142 674.993958 0 -6.1566782 0 200
0.064929336 0.914399982 0.0267328795 -0.952250898 685.300354 3.27819544e-05 -6.15585995 1 200
0.0611183305 0.914399982 0.0261976034 -0.971695542 695.651184 0.000121233839 -6.15369606 1 200
0.057312985 0.914399982 0.0256234702 -0.992115438 706.305786 0.00021717386 -6.15141344 1 200
0.0535142236 0.914399982 0.0250072752 -1.01358223 718.246765 0.000321071391 -6.14901495 1 200
0.0497231096 0.914399982 0.0243456578 -1.0361495 731.248962 0.000632614945 -6.14184952 1 200
0.0459409432 0.914399982 0.0236346701 -1.05993176 744.940125 0.00109838531 -6.13142014 1 200
0.0421694081 0.914399982 0.022869289 -1.0850749 760.200623 0.00161071587 -6.12035561 1 200
0.0384104773 0.914399982 0.0220442288 -1.11166227 776.307434 0.00228596781 -6.10613966 1 200.151413
0.0346668648 0.914399982 0.0211522365 -1.13999045 792.275574 0.00395090086 -6.07113218 1 200.729233
0.030941939 0.914399982 0.0201851727 -1.17040634 808.700012 0.0059001022 -6.0314579 1 201.539383
0.0272403822 0.914399982 0.0191321958 -1.20340109 826.816833 0.00924290158 -5.9647336 1 203.324356
0.0235685341 0.914399982 0.0179798843 -1.23893452 851.454712 0.014322605 -5.8678112 1 206.357727
0.0199356235 0.914399982 0.016710139 -1.27666867 890.487793 0.0223714095 -5.72511101 1 211.426361
0.0163551785 0.914399982 0.0152992111 -1.31550705 953.39801 0.0350112878 -5.52588987 1 221.027191
0.0128491814 0.914399982 0.0137122879 -1.35433042 1043.60486 0.0555408485 -5.2425704 1 237.553177
0.00945383037 0.914399982 0.0119006561 -1.37195432 1139.70508 0.0908037797 -4.78869009 1 269.031342
0.00623677019 0.914399982 0.00978858788 -1.33831096 1221.09033 0.148678109 -4.06710911 1 331.567291
0.00378854179 0.914399982 0.00771678323 -1.22232127 1302.35779 0.231036276 -3.11558485 1 438.922485
0.00205238165 0.914399982 0.00573711955 -0.980980694 1373.22876 0.334832758 -1.98548055 1 565.990723
0.000885926661 0.914399982 0.00380606859 -0.598043263 1401.4845 0.461576998 -0.528570294 1 690.781677
0.000221795781 0.914399982 0.00191233535 -0.110614419 1355.54614 0.582884967 0 0.947438002 783.730774
-8.18412707e-09 0.914399982 -7.8016762e-10 0.38491407 1163.48242 0.667325139 0 0.700333595 834.041382
0.000223949606 0.914399982 -0.00192167554 0.763451457 821.650146 0.700672507 0 0.528213322 855.181702
0.000894500341 0.914399982 -0.00382396404 0.963107765 459.108826 0.682002902 0 0.461412638 863.006165
0.00207182132 0.914399982 -0.00576342608 1.00671399 322.355835 0.624171436 0 0.451942682 863.814575
0.00382505494 0.914399982 -0.00775240178 0.928714991 388.005859 0.546231985 0 0.433902949 862.429077
0.00629995687 0.914399982 -0.00983544748 0.794246376 492.967346 0.46234864 0 0.470919728 838.469116
0.00953813405 0.914399982 -0.0119500268 0.6593799 587.508118 0.383460999 0 0.566316485 769.491211
0.0129541215 0.914399982 -0.0137633999 0.5362643 644.579163 0.317889184 0 0.735075235 647.976013
0.0164803755 0.914399982 -0.0153517183 0.439895064 659.12677 0.267449051 0 0.951510429 487.782043
0.020080848 0.914399982 -0.0167637384 0.362452239 651.808105 0.226966769 -0.217068419 1 395.873657
0.0237336306 0.914399982 -0.0180343181 0.298757195 641.73175 0.194178998 -0.994173884 1 347.350769
0.0274252519 0.914399982 -0.0191871962 0.246145919 634.398254 0.170100942 -1.58178318 1 324.240448
0.0311464933 0.914399982 -0.0202405485 0.201794907 628.940613 0.150061041 -2.0848527 1 306.634003
0.0348910332 0.914399982 -0.0212078183 0.163554966 624.977844 0.132562205 -2.53536558 1 286.300781
0.0386542236 0.914399982 -0.0220997762 0.130685255 621.179016 0.117221765 -2.93371654 1 269.380829
0.0424326793 0.914399982 -0.0229246784 0.102193646 616.911377 0.10495922 -3.2505734 1 258.912384
0.046223709 0.914399982 -0.0236897172 0.0771240517 612.189148 0.0942129493 -3.52778888 1 251.333893
0.0500253392 0.914399982 -0.0244002091 0.0548393726 606.645081 0.0844441652 -3.77833986 1 243.328735
0.0538358856 0.914399982 -0.0250612117 0.0350144133 600.667419 0.0755546615 -4.00696468 1 235.678711
0.0576540566 0.914399982 -0.0256766472 0.0172743127 595.195801 0.0674634874 -4.21915293 1 229.403275
0.0614787897 0.914399982 -0.0262498885 0.0013956594 589.832458 0.0610869266 -4.38635826 1 225.391815
0.0653091597 0.914399982 -0.0267841679 -0.0128161488 584.161682 0.0552275777 -4.54069757 1 222.289154
0.0691444462 0.914399982 -0.0272819299 -0.0255603474 578.680664 0.0497698002 -4.68652964 1 219.208099
0.0729840168 0.914399982 -0.0277454884 -0.0370660201 573.834717 0.0447013453 -4.82487249 1 216.141434
0.0768273202 0.914399982 -0.0281770067 -0.0475218855 569.207581 0.040396791 -4.94326115 1 213.79158
0.0806739047 0.914399982 -0.0285782259 -0.0570358746 564.354858 0.0366600603 -5.0461092 1 212.171539
0.0845233667 0.914399982 -0.0289508275 -0.0656330511 559.596008 0.0331439078 -5.1441164 1 210.656174
0.0883753581 0.914399982 -0.0292963007 -0.0735631511 554.304077 0.0298368186 -5.23637486 1 209.108017
0.0921723098 0.914399982 -0.0296113526 -0.0810204223 549.20166 0.0268124118 -5.32190228 1 207.753571
0.0961611503 0.914399982 -0.0299165569 -0.0876840129 545.19812 0.0242846962 -5.39508009 1 206.715805
0.100351403 0.914399982 -0.0302101332 -0.0939995572 541.030823 0.0217740424 -5.46859074 1 205.794662
0.104753054 0.914399982 -0.0304901843 -0.100038819 537.166748 0.0192837827 -5.54288197 1 204.872253
0.109376582 0.914399982 -0.0307545341 -0.105687246 532.96344 0.0170727186 -5.60895729 1 204.054138
0.114232956 0.914399982 -0.0310011623 -0.110900037 528.053833 0.015021679 -5.67030668 1 203.376526
0.119333704 0.914399982 -0.0312274389 -0.115687028 522.961609 0.0129925441 -5.73189449 1 202.71701
0.12469089 0.914399982 -0.0314310286 -0.120038368 517.52887 0.0111907581 -5.78696299 1 202.134384
0.13031718 0.914399982 -0.0316090376 -0.123974971 511.822357 0.00952621456 -5.83845091 1 201.642593
0.136225844 0.914399982 -0.0317587348 -0.127472818 505.917114 0.00798161607 -5.88694763 1 201.215042
0.142430807 0.914399982 -0.0318769452 -0.130490676 500.020386 0.00662006112 -5.93033123 1 200.860474
0.148946664 0.914399982 -0.0319604654 -0.133005112 494.458344 0.00539119495 -5.97028494 1 200.572937
0.155788727 0.914399982 -0.0320057999 -0.135011107 489.340729 0.00431145821 -6.00607586 1 200.353455
0.162973049 0.914399982 -0.0320092596 -0.136488795 484.418396 0.00339982123 -6.03672791 1 200.190979
0.17051647 0.914399982 -0.0319670123 -0.137421101 479.549072 0.00253216084 -6.06644154 1 200.078644
0.178436651 0.914399982 -0.0318748827 -0.137827709 474.577301 0.00196618075 -6.08589125 1 200.017181
0.186668494 0.914399982 -0.0317302915 -0.137790114 468.923401 0.00145209942 -6.10378504 1 200
0.194899382 0.914399982 -0.0315389771 -0.13726902 462.49292 0.0009686884 -6.12090302 1 200
0.203129129 0.914399982 -0.0313035916 -0.135558367 481.954041 0.000638878962 -6.13403177 1 200
0.211357581 0.914399982 -0.0310266417 -0.133336902 481.559387 0.000475253357 -6.13982534 1 200
0.219584618 0.914399982 -0.0307104125 -0.131925002 453.881317 0.000321376574 -6.14459181 1 200
0.227810143 0.914399982 -0.0303570527 -0.130433425 446.309509 0.000176870424 -6.14991474 1 200
0.236034083 0.914399982 -0.02996853 -0.128189132 440.711365 8.28299817e-05 -6.15347099 1 200
0.244256381 0.914399982 -0.029546695 -0.125571042 435.890747 4.80684903e-05 -6.15479708 1 200
0.252476996 0.914399982 -0.0290932332 -0.122761555 431.57901 1.52580087e-05 -6.15607548 1 200
0.260695899 0.914399982 -0.0286097324 -0.119807631 427.742279 0 -6.1566782 0 200
0.268913069 0.914399982 -0.0280976393 -0.116711587 424.400055 0 -6.1566782 0 200
0.277128497 0.914399982 -0.0275582988 -0.113481224 421.314148 0 -6.1566782 0 200
0.285342173 0.914399982 -0.0269929196 -0.110126242 418.245514 0 -6.1566782 0 200
0.293554103 0.914399982 -0.0264027129 -0.106657051 415.139771 0 -6.1566782 0 200
0.30176429 0.914399982 -0.0257887329 -0.103078038 411.947693 0 -6.1566782 0 200
0.30997274 0.914399982 -0.0251519596 -0.0993884727 408.657501 0 -6.1566782 0 200
0.318179461 0.914399982 -0.024493279 -0.0955830812 405.295593 0 -6.1566782 0 200
0.326384463 0.914399982 -0.0238135129 -0.0916610062 401.92569 0 -6.1566782 0 200
0.334587753 0.914399982 -0.0231133996 -0.0876350328 398.648499 0 -6.1566782 0 200
0.342789342 0.914399982 -0.0223936188 -0.0835155621 395.45929 0 -6.1566782 0 200
0.350989234 0.914399982 -0.0216547695 -0.0792986527 392.266022 0 -6.1566782 0 200
0.35918743 0.914399982 -0.0208973241 -0.0749715492 389.054993 0 -6.1566782 0 200
0.367383934 0.914399982 -0.0201217886 -0.0705229715 385.839233 0 -6.1566782 0 200
0.37557875 0.914399982 -0.0193286179 -0.0659437776 382.586578 0 -6.1566782 0 200
0.383771879 0.914399982 -0.0185182035 -0.0612205826 379.319 0 -6.1566782 0 200
0.391963292 0.914399982 -0.0176906245 -0.0563351698 376.082306 0 -6.1566782 0 200
0.400152994 0.914399982 -0.0168462758 -0.0512707904 372.83432 0 -6.1566782 0 200
0.408340957 0.914399982 -0.0159852393 -0.0460088141 369.526489 0 -6.1566782 0 200
0.416527174 0.914399982 -0.0151077437 -0.0405220874 366.159485 0 -6.1566782 0 200
0.424711588 0.914399982 -0.0142136014 -0.0347773023 362.743591 0 -6.1566782 0 200
0.432894189 0.914399982 -0.013303011 -0.0287413578 359.205719 0 -6.1566782 0 200
0.441074934 0.914399982 -0.0123758934 -0.0223768204 355.468842 0 -6.1566782 0 200
0.449253777 0.914399982 -0.0114321437 -0.0156306066 351.537781 0 -6.1566782 0 200
0.457430648 0.914399982 -0.0104714608 -0.00843577925 347.360687 0 -6.1566782 0 200
0.465605512 0.914399982 -0.00949384193 -0.000712933193 342.811462 0 -6.1566782 0 200
0.473778288 0.914399982 -0.00849891854 0.00764028262 337.807678 0 -6.1566782 0 200
0.481948901 0.914399982 -0.00748638651 0.016762143 332.25177 0 -6.1566782 0 200
0.490117272 0.914399982 -0.00645592718 0.0268055033 325.949921 0 -6.1566782 0 200
0.498283313 0.914399982 -0.00540716446 0.0379557312 318.758118 0 -6.1566782 0 200
0.506446902 0.914399982 -0.00433948132 0.0503879413 310.763824 0 -6.1566782 0 200
0.514607963 0.914399982 -0.00325264134 0.0637405589 302.932251 0 -6.1566782 0 200
0.522103416 0.914399982 -0.00223657105 0.0760454983 296.369476 0 -6.1566782 0 200
0.526786897 0.914399982 -0.00159289913 0.0868490115 291.372162 0 -6.1566782 0 200
0.529713585 0.914399982 -0.00118707392 0.0939632729 288.042084 0 -6.1566782 0 200
0.531542578 0.914399982 -0.000932086132 0.097679086 287.907776 0 -6.1566782 0 200
0.532685624 0.914399982 -0.000772191035 0.102473907 302.326447 0 -6.1566782 0 200
0.533400004 0.914399982 -0.000672082119 0.0993531123 273.376709 0 -6.1566782 0 200

